"Uid","Time(UTC)","Order No","Symbol","Type","Side","Position Side","Price","Average Price","Amount","Executed Amount","Executed Quote Amount","Stop Price","Status","Client Order Id","Time In Force","Activate Price","Price Rate","Working Type","Price Protect","Update Time"
"1157365933","2025-09-15 06:53:04","8389765958506730649","ETHUSDT","LIMIT","BUY","BOTH","4624.15000000","4624.15000000","0.00600000","0.00600000","27.74490000","0E-8","FILLED","web_im_p45wfjfwcnf4wdcdv6in56wai","GTC","0E-8","0E-8","Contract Price","false","2025-09-15 06:53:36"
"1157365933","2025-09-15 06:53:19","8389765958506870180","ETHUSDT","LIMIT","BUY","BOTH","4624.92000000","4624.92000000","0.00600000","0.00600000","27.74952000","0E-8","FILLED","web_im_7v9ddwcqujkvb5jwswcdqc7kf","GTC","0E-8","0E-8","Contract Price","false","2025-09-15 06:53:36"
"1157365933","2025-09-15 06:58:02","8389765958509424379","ETHUSDT","MARKET","SELL","BOTH","0E-8","4626.76000000","0.01200000","0.01200000","55.52112000","0E-8","FILLED","web_qNthzCaWu94OmfOgP3Ew","GTC","0E-8","0E-8","Contract Price","false","2025-09-15 06:58:02"
"1157365933","2025-09-15 06:59:16","8389765958510002447","ETHUSDT","LIMIT","BUY","BOTH","4631.14000000","4631.14000000","0.01200000","0.01200000","55.57368000","0E-8","FILLED","web_im_aeorzrb13dxyfgv49cb7k4pvj","GTC","0E-8","0E-8","Contract Price","false","2025-09-15 06:59:16"
"1157365933","2025-09-15 08:02:50","8389765958541324493","ETHUSDT","MARKET","SELL","BOTH","0E-8","4545.16000000","0.01200000","0.01200000","54.54192000","0E-8","FILLED","web_3tYqQwl9VM7k2sm5f6iZ","GTC","0E-8","0E-8","Contract Price","false","2025-09-15 08:02:51"
"1157365933","2025-09-15 11:44:57","8389765958658857280","ETHUSDT","LIMIT","BUY","BOTH","4530.95000000","4530.95000000","1.15500000","1.15500000","5233.24725000","0E-8","FILLED","web_im_von984yp7mujv4pdprq47u43x","GTC","0E-8","0E-8","Contract Price","false","2025-09-15 11:44:57"
"1157365933","2025-09-15 12:29:48","8389765958680133037","ETHUSDT","MARKET","SELL","BOTH","0E-8","4511.98000000","1.15500000","1.15500000","5211.33690000","0E-8","FILLED","web_O3ZzFWkeGcB4fyrq2605","GTC","0E-8","0E-8","Contract Price","false","2025-09-15 12:29:48"
"1157365933","2025-09-15 23:31:47","8389765959031021709","ETHUSDT","LIMIT","BUY","BOTH","4523.71000000","4523.17000000","3.12100000","3.12100000","14116.81357000","0E-8","FILLED","ios_sdXK5iOfLgMD7UzW3UHf","GTC","0E-8","0E-8","Contract Price","false","2025-09-15 23:31:47"
"1157365933","2025-09-16 13:43:23","8389765959438682121","ETHUSDT","MARKET","SELL","BOTH","0E-8","4464.00000000","3.12100000","3.12100000","13932.14400000","0E-8","FILLED","ios_st_62UqMnuR9QDf43K","GTC","0E-8","0E-8","Contract Price","false","2025-09-16 13:43:23"
"1157365933","2025-09-16 22:16:16","8389765959681104623","ETHUSDT","LIMIT","SELL","BOTH","4507.63000000","4509.35000000","2.67300000","2.67300000","12053.49255000","0E-8","FILLED","ios_KXIIXYuxozshms7NERDY","GTC","0E-8","0E-8","Contract Price","false","2025-09-16 22:16:16"
"1157365933","2025-09-16 22:49:22","8389765959696754076","ETHUSDT","MARKET","BUY","BOTH","0E-8","4521.98000000","2.67300000","2.67300000","12087.25254000","0E-8","FILLED","ios_st_bkFLV2Ug0LkqCb1","GTC","0E-8","0E-8","Contract Price","false","2025-09-16 22:49:22"
"1157365933","2025-09-16 22:59:48","8389765959701510010","ETHUSDT","LIMIT","SELL","BOTH","4517.97000000","4517.97000000","2.57800000","2.57800000","11647.32666000","0E-8","FILLED","ios_rD5oj5mBz3tj6YeIUcyH","GTC","0E-8","0E-8","Contract Price","false","2025-09-16 23:00:00"
"1157365933","2025-09-17 02:38:58","8389765959802878857","ETHUSDT","MARKET","BUY","BOTH","0E-8","4540.57000000","2.57800000","2.57800000","11705.58946000","0E-8","FILLED","ios_st_92qr7FW3a6ghgR8","GTC","0E-8","0E-8","Contract Price","false","2025-09-17 02:38:58"
"1157365933","2025-09-17 03:01:08","8389765959812567532","ETHUSDT","LIMIT","SELL","BOTH","4524.08000000","4524.11000000","4.85100000","4.85100000","21946.45761000","0E-8","FILLED","ios_I4e3hqzNyxXfzitEtRTD","GTC","0E-8","0E-8","Contract Price","false","2025-09-17 03:01:08"
"1157365933","2025-09-17 03:53:19","8389765959834410273","ETHUSDT","MARKET","BUY","BOTH","0E-8","4493.26000000","4.85100000","4.85100000","21796.80426000","0E-8","FILLED","ios_st_qk8xLdDdfVdQ2Nc","GTC","0E-8","0E-8","Contract Price","false","2025-09-17 03:53:19"
"1157365933","2025-09-17 07:16:37","8389765959921913343","ETHUSDT","LIMIT","SELL","BOTH","4544.25000000","4544.25000000","2.70100000","2.70100000","12274.01925000","0E-8","FILLED","ios_D5gi7l5z6qFaJ0W6g18S","GTC","0E-8","0E-8","Contract Price","false","2025-09-17 07:17:13"
"1157365933","2025-09-17 08:34:33","8389765959951212317","ETHUSDT","MARKET","BUY","BOTH","0E-8","4498.08398001","2.70100000","2.70100000","12149.32483000","0E-8","FILLED","ios_st_pPwBPIeYvzjPGDL","GTC","0E-8","0E-8","Contract Price","false","2025-09-17 08:34:33"
"1157365933","2025-09-17 22:16:43","8389765960406878039","ETHUSDT","LIMIT","SELL","BOTH","4545.37000000",,"5.91600000","0E-8","0E-8","0E-8","CANCELED","ios_WOGbu4GH8WTYuFwCVmgJ","GTC","0E-8","0E-8","Contract Price","false","2025-09-17 22:17:21"
"1157365933","2025-09-17 22:17:26","8389765960407370582","ETHUSDT","LIMIT","SELL","BOTH","4538.60000000","4540.87000000","5.84700000","5.84700000","26550.46689000","0E-8","FILLED","ios_S8u71SlCROVVJqtBFGZD","GTC","0E-8","0E-8","Contract Price","false","2025-09-17 22:17:26"
"1157365933","2025-09-17 22:26:46","8389765960411761769","ETHUSDT","MARKET","BUY","BOTH","0E-8","4560.20666154","5.84700000","5.84700000","26663.52835000","0E-8","FILLED","ios_st_RDeSE4wCfsIdRnM","GTC","0E-8","0E-8","Contract Price","false","2025-09-17 22:26:46"
"1157365933","2025-09-17 23:41:57","8389765960456557239","ETHUSDT","LIMIT","SELL","BOTH","4581.01000000","4581.37000000","5.24800000","5.24800000","24043.02976000","0E-8","FILLED","ios_oz8wLzPAzwNmCDABJjri","GTC","0E-8","0E-8","Contract Price","false","2025-09-17 23:41:57"
"1157365933","2025-09-18 00:07:35","8389765960468179787","ETHUSDT","MARKET","BUY","BOTH","0E-8","4604.15000000","5.24800000","5.24800000","24162.57920000","0E-8","FILLED","ios_st_SvoaDrGXOpbwZhG","GTC","0E-8","0E-8","Contract Price","false","2025-09-18 00:07:35"
"1157365933","2025-09-18 01:47:39","952189352","WLFIUSDT","LIMIT","BUY","BOTH","0.22080000","0.22080000","9630.00000000","9630.00000000","2126.30400000","0E-8","FILLED","ios_geNJUKUU23ASbD5F4CPR","GTC","0E-8","0E-8","Contract Price","false","2025-09-18 02:01:58"
"1157365933","2025-09-18 03:40:05","954456636","WLFIUSDT","MARKET","SELL","BOTH","0E-8","0.22290000","9630.00000000","9630.00000000","2146.52700000","0E-8","FILLED","ios_st_JE327qTDu56m27p","GTC","0E-8","0E-8","Contract Price","false","2025-09-18 03:40:05"
"1157365933","2025-09-18 05:39:21","8389765960616687271","ETHUSDT","LIMIT","BUY","BOTH","4583.69000000","4583.48000000","4.71600000","4.71600000","21615.69168000","0E-8","FILLED","ios_UlR7MwMV2lA7gU9WM8Gj","GTC","0E-8","0E-8","Contract Price","false","2025-09-18 05:39:21"
"1157365933","2025-09-18 06:12:37","8389765960629737652","ETHUSDT","MARKET","SELL","BOTH","0E-8","4567.60000000","4.71600000","4.71600000","21540.80160000","0E-8","FILLED","ios_st_vpKXraRpysnzcY1","GTC","0E-8","0E-8","Contract Price","false","2025-09-18 06:12:37"
"1157365933","2025-09-18 06:24:50","8389765960635682027","ETHUSDT","LIMIT","BUY","BOTH","4563.78000000","4563.78000000","4.31800000","4.31800000","19706.40204000","0E-8","FILLED","ios_Zz183Kln9hux11C7Zh7c","GTC","0E-8","0E-8","Contract Price","false","2025-09-18 06:25:59"
"1157365933","2025-09-18 10:23:14","8389765960725840652","ETHUSDT","MARKET","SELL","BOTH","0E-8","4579.07000000","4.31800000","4.31800000","19772.42426000","0E-8","FILLED","ios_st_Rz8EAM2fDyYvEfr","GTC","0E-8","0E-8","Contract Price","false","2025-09-18 10:23:14"
"1157365933","2025-09-18 23:14:32","8389765961089612347","ETHUSDT","LIMIT","BUY","BOTH","4580.94000000","4580.79000000","4.52300000","4.52300000","20718.91317000","0E-8","FILLED","ios_iAyVfrstbUsdS8mEHCkf","GTC","0E-8","0E-8","Contract Price","false","2025-09-18 23:14:32"
"1157365933","2025-09-18 23:18:20","8389765961091455030","ETHUSDT","MARKET","SELL","BOTH","0E-8","4568.85000000","4.52300000","4.52300000","20664.90855000","0E-8","FILLED","ios_st_N9qrnMgwZFIM4ks","GTC","0E-8","0E-8","Contract Price","false","2025-09-18 23:18:20"
"1157365933","2025-09-18 23:23:59","8389765961094449857","ETHUSDT","LIMIT","BUY","BOTH","4570.75000000",,"4.20700000","0E-8","0E-8","0E-8","CANCELED","ios_VawyMVf61MC6TlXlQri2","GTC","0E-8","0E-8","Contract Price","false","2025-09-18 23:31:48"
"1157365933","2025-09-19 00:33:19","8389765961125232228","ETHUSDT","LIMIT","SELL","BOTH","4598.34000000","4598.34000000","4.18000000","4.18000000","19221.06120000","0E-8","FILLED","ios_XCPRCrD6Jl2ejyxNBKGV","GTC","0E-8","0E-8","Contract Price","false","2025-09-19 00:33:24"
"1157365933","2025-09-19 00:39:29","8389765961128150854","ETHUSDT","MARKET","BUY","BOTH","0E-8","4609.65000000","4.18000000","4.18000000","19268.33700000","0E-8","FILLED","ios_st_Mwsbu95Yzy9ab69","GTC","0E-8","0E-8","Contract Price","false","2025-09-19 00:39:29"
"1157365933","2025-09-19 00:46:36","8389765961132187804","ETHUSDT","LIMIT","SELL","BOTH","4630.00000000",,"5.82900000","0E-8","0E-8","0E-8","CANCELED","ios_sJAKygmcxFtCj78TLr56","GTC","0E-8","0E-8","Contract Price","false","2025-09-19 02:30:21"
"1157365933","2025-09-19 03:12:04","3130117884","NMRUSDT","LIMIT","BUY","BOTH","17.70000000",,"101.80000000","0E-8","0E-8","0E-8","CANCELED","ios_otNBovnugHD5TAzbMYYI","GTC","0E-8","0E-8","Contract Price","false","2025-09-19 03:14:36"
"1157365933","2025-09-19 03:14:52","3130132424","NMRUSDT","LIMIT","BUY","BOTH","17.70000000",,"1018.40000000","0E-8","0E-8","0E-8","CANCELED","ios_IjADSIwQq6tH9mQS3Tj9","GTC","0E-8","0E-8","Contract Price","false","2025-09-19 03:15:02"
"1157365933","2025-09-19 03:15:10","3130134122","NMRUSDT","LIMIT","BUY","BOTH","17.70000000","17.70000000","1018.50000000","1018.50000000","18027.45000000","0E-8","FILLED","ios_UrREvs4PXQHEJzZ2pFH6","GTC","0E-8","0E-8","Contract Price","false","2025-09-19 03:30:25"
"1157365933","2025-09-19 04:08:14","3130465609","NMRUSDT","MARKET","SELL","BOTH","0E-8","17.45567423","1018.50000000","1018.50000000","17778.60420000","0E-8","FILLED","ios_st_7nd6CRTHFeGsS66","GTC","0E-8","0E-8","Contract Price","false","2025-09-19 04:08:14"
"1157365933","2025-09-19 04:33:56","8389765961232308445","ETHUSDT","LIMIT","BUY","BOTH","4544.16000000","4544.16000000","4.23200000","4.23200000","19230.88512000","0E-8","FILLED","ios_z99UkHK3snIlDbFuQRYY","GTC","0E-8","0E-8","Contract Price","false","2025-09-19 04:34:00"
"1157365933","2025-09-19 05:01:31","8389765961243054772","ETHUSDT","MARKET","SELL","BOTH","0E-8","4549.12000000","4.23200000","4.23200000","19251.87584000","0E-8","FILLED","ios_st_Xits8VSA0pWofe8","GTC","0E-8","0E-8","Contract Price","false","2025-09-19 05:01:31"
"1157365933","2025-09-19 05:15:04","3130858683","NMRUSDT","LIMIT","BUY","BOTH","17.58300000","17.58296553","568.60000000","568.60000000","9997.67420000","0E-8","FILLED","ios_8P9j09Eiv5Ute2RHE1eO","GTC","0E-8","0E-8","Contract Price","false","2025-09-19 05:15:05"
"1157365933","2025-09-19 05:27:18","3130907202","NMRUSDT","MARKET","SELL","BOTH","0E-8","17.48551600","568.60000000","568.60000000","9942.26440000","0E-8","FILLED","ios_st_Ti10ctA9qIKfVbV","GTC","0E-8","0E-8","Contract Price","false","2025-09-19 05:27:18"
"1157365933","2025-09-19 09:26:57","8389765961329518259","ETHUSDT","LIMIT","BUY","BOTH","4533.98000000","4533.98000000","3.87800000","3.87800000","17582.77444000","0E-8","FILLED","ios_x4eUaJjGHqGq1Zcgdszk","GTC","0E-8","0E-8","Contract Price","false","2025-09-19 09:27:29"
"1157365933","2025-09-19 11:37:13","8389765961375226564","ETHUSDT","MARKET","SELL","BOTH","0E-8","4509.30000000","3.87800000","3.87800000","17487.06540000","0E-8","FILLED","ios_st_K6gjNG1HdujpZiH","GTC","0E-8","0E-8","Contract Price","false","2025-09-19 11:37:13"
"1157365933","2025-09-19 11:41:17","8389765961376958791","ETHUSDT","LIMIT","BUY","BOTH","4509.00000000","4508.51000000","3.15600000","3.15600000","14228.85756000","0E-8","FILLED","web_usdt_pe1dqzjheeuujs2qmp02m3u","GTC","0E-8","0E-8","Contract Price","false","2025-09-19 11:41:17"
"1157365933","2025-09-19 13:34:07","8389765961416680583","ETHUSDT","MARKET","SELL","BOTH","0E-8","4508.67000000","3.15600000","3.15600000","14229.36252000","0E-8","FILLED","ios_st_FHIYSPrLAgUgHwY","GTC","0E-8","0E-8","Contract Price","false","2025-09-19 13:34:07"
"1157365933","2025-09-19 13:50:14","8389765961425258711","ETHUSDT","MARKET","SELL","SHORT","0E-8","4530.05000000","0.27200000","0.27200000","1232.17360000","0E-8","FILLED","ct-cpy-eGR9buAj-CPY-16NH6-31776","GTC","0E-8","0E-8","Contract Price","false","2025-09-19 13:50:14"
"1157365933","2025-09-19 14:09:38","8389765961434805720","ETHUSDT","MARKET","BUY","SHORT","0E-8","4534.74000000","0.27200000","0.27200000","1233.44928000","0E-8","FILLED","ct-cpy-eGR9buAj-CCP-UghoM-31776","GTC","0E-8","0E-8","Contract Price","false","2025-09-19 14:09:38"
"1157365933","2025-09-20 01:02:22","1132697756","AVAAIUSDT","LIMIT","BUY","BOTH","0.02315000",,"374673.00000000","0E-8","0E-8","0E-8","CANCELED","web_usdt_f3xnzkq6loe1dhr9sc76flf","GTC","0E-8","0E-8","Contract Price","false","2025-09-20 02:24:24"
"1157365933","2025-09-20 08:42:40","1133303373","AVAAIUSDT","LIMIT","BUY","BOTH","0.02379000","0.02379000","210172.00000000","210172.00000000","4999.99188000","0E-8","FILLED","ios_A7IH8T8JcVjsuUt7lryT","GTC","0E-8","0E-8","Contract Price","false","2025-09-20 08:43:05"
"1157365933","2025-09-20 09:03:28","1133316899","AVAAIUSDT","MARKET","SELL","BOTH","0E-8","0.02360143","210172.00000000","210172.00000000","4960.36004000","0E-8","FILLED","ios_st_UqMAnC0nz3SU2ji","GTC","0E-8","0E-8","Contract Price","false","2025-09-20 09:03:28"
"1157365933","2025-09-20 09:56:03","1133363249","AVAAIUSDT","LIMIT","BUY","BOTH","0.02367000","0.02367000","211237.00000000","211237.00000000","4999.97979000","0E-8","FILLED","ios_ZOmAU6NTgS9tUEarGPfl","GTC","0E-8","0E-8","Contract Price","false","2025-09-20 09:56:48"
"1157365933","2025-09-20 11:02:49","1133401614","AVAAIUSDT","MARKET","SELL","BOTH","0E-8","0.02383090","211237.00000000","211237.00000000","5033.96879000","0E-8","FILLED","ios_st_mOFp2Sz0j2NOszO","GTC","0E-8","0E-8","Contract Price","false","2025-09-20 11:02:49"
"1157365933","2025-09-20 12:09:56","75606962662","BNBUSDT","LIMIT","BUY","BOTH","1000.40000000","1000.40000000","17.80000000","17.80000000","17807.12000000","0E-8","FILLED","web_usdt_qcin68kkvqeujh00nrmjq1g","GTC","0E-8","0E-8","Contract Price","false","2025-09-20 12:10:35"
"1157365933","2025-09-20 14:02:11","751300991","MUSDT","LIMIT","SELL","BOTH","2.38500000","2.38500000","1954.00000000","1954.00000000","4660.29000000","0E-8","FILLED","web_usdt_cu5tvuusd9qe7fwqg345rle","GTC","0E-8","0E-8","Contract Price","false","2025-09-20 14:02:26"
"1157365933","2025-09-20 14:20:27","751647633","MUSDT","MARKET","BUY","BOTH","0E-8","2.48150614","1954.00000000","1954.00000000","4848.86300000","0E-8","FILLED","ios_st_l1XnsTsRGUbVeLM","GTC","0E-8","0E-8","Contract Price","false","2025-09-20 14:20:27"
"1157365933","2025-09-20 14:26:56","751885468","MUSDT","LIMIT","SELL","BOTH","2.51400000","2.51400000","2663.00000000","2663.00000000","6694.78200000","0E-8","FILLED","web_usdt_tn9soylj31hdt7xoju1gcfb","GTC","0E-8","0E-8","Contract Price","false","2025-09-20 14:26:57"
"1157365933","2025-09-20 14:31:29","75610957541","BNBUSDT","MARKET","SELL","BOTH","0E-8","1003.23973034","17.80000000","17.80000000","17857.66720000","0E-8","FILLED","ios_st_RU5Xsa1UDN51Myt","GTC","0E-8","0E-8","Contract Price","false","2025-09-20 14:31:29"
"1157365933","2025-09-20 14:40:14","752227228","MUSDT","MARKET","BUY","BOTH","0E-8","2.60444788","2663.00000000","2663.00000000","6935.64470000","0E-8","FILLED","ios_st_iUVKbLzqIicpzNI","GTC","0E-8","0E-8","Contract Price","false","2025-09-20 14:40:14"
"1157365933","2025-09-20 15:00:07","2195217972","MYXUSDT","LIMIT","SELL","BOTH","11.38200000","11.38394253","87.00000000","87.00000000","990.40300000","0E-8","FILLED","web_usdt_dztaw8stvthdm45q5y4o60i","GTC","0E-8","0E-8","Contract Price","false","2025-09-20 15:00:07"
"1157365933","2025-09-20 15:02:44","2195245091","MYXUSDT","MARKET","BUY","BOTH","0E-8","11.44806897","87.00000000","87.00000000","995.98200000","0E-8","FILLED","ios_st_3LUJ4rc8iJvXJf4","GTC","0E-8","0E-8","Contract Price","false","2025-09-20 15:02:44"
"1157365933","2025-09-20 15:02:45","2195245479","MYXUSDT","LIMIT","SELL","BOTH","11.44800000","11.44800000","87.00000000","87.00000000","995.97600000","0E-8","FILLED","web_usdt_uxykv696sirlg69wg0c54xo","GTC","0E-8","0E-8","Contract Price","false","2025-09-20 15:02:47"
"1157365933","2025-09-20 15:07:37","2195290864","MYXUSDT","MARKET","BUY","BOTH","0E-8","11.36689655","87.00000000","87.00000000","988.92000000","0E-8","FILLED","ios_st_b3x75SgtGUepj2p","GTC","0E-8","0E-8","Contract Price","false","2025-09-20 15:07:37"
"1157365933","2025-09-20 16:24:04","38683766198","LTCUSDT","LIMIT","BUY","BOTH","114.28000000","114.28000000","349.59400000","349.59400000","39951.60232000","0E-8","FILLED","web_usdt_owp2uepxpurgqa7be1gymdg","GTC","0E-8","0E-8","Contract Price","false","2025-09-20 16:24:40"
"1157365933","2025-09-20 17:13:28","38684174465","LTCUSDT","MARKET","SELL","BOTH","0E-8","114.27557824","349.59400000","349.59400000","39950.05650000","0E-8","FILLED","ios_st_qeOPN1nIWyEv0Bz","GTC","0E-8","0E-8","Contract Price","false","2025-09-20 17:13:28"
"1157365933","2025-09-20 23:07:54","3151407708","HIFIUSDT","LIMIT","BUY","BOTH","0.13559000","0.13558747","95708.00000000","95708.00000000","12976.80543000","0E-8","FILLED","web_usdt_up2u5imhk9m8cbvs7o5v1kk","GTC","0E-8","0E-8","Contract Price","false","2025-09-20 23:07:55"
"1157365933","2025-09-20 23:41:08","3151613102","HIFIUSDT","MARKET","SELL","BOTH","0E-8","0.13402001","95708.00000000","95708.00000000","12826.78732000","0E-8","FILLED","ios_st_eShSKKCUO5R5mfH","GTC","0E-8","0E-8","Contract Price","false","2025-09-20 23:41:08"
"1157365933","2025-09-21 01:32:22","145109414526","SOLUSDT","LIMIT","BUY","BOTH","239.76000000",,"143.69000000","0E-8","0E-8","0E-8","CANCELED","web_usdt_bu94q1xbq3ec2k06for1qt2","GTC","0E-8","0E-8","Contract Price","false","2025-09-21 01:45:57"
"1157365933","2025-09-21 01:46:02","618161445","DUSDT","MARKET","BUY","BOTH","0E-8","0.03560111","210700.00000000","210700.00000000","7501.15351000","0E-8","FILLED","web_valWioUoQ1swElQqgjuI","GTC","0E-8","0E-8","Contract Price","false","2025-09-21 01:46:02"
"1157365933","2025-09-21 03:15:40","145128775333","SOLUSDT","MARKET","BUY","BOTH","0E-8","240.52000000","87.79000000","87.79000000","21115.25080000","0E-8","FILLED","web_kvOMsqYUVLquaOuD4CuG","GTC","0E-8","0E-8","Contract Price","false","2025-09-21 03:15:40"
"1157365933","2025-09-21 03:51:57","618236822","DUSDT","MARKET","SELL","BOTH","0E-8","0.03584257","210700.00000000","210700.00000000","7552.02960000","0E-8","FILLED","ios_st_j2JwJIT4fGvuQ7s","GTC","0E-8","0E-8","Contract Price","false","2025-09-21 03:51:57"
"1157365933","2025-09-21 03:59:17","145137226757","SOLUSDT","MARKET","SELL","BOTH","0E-8","241.45000000","87.79000000","87.79000000","21196.89550000","0E-8","FILLED","ios_st_LwUOAgEZ51tYlNU","GTC","0E-8","0E-8","Contract Price","false","2025-09-21 03:59:17"
"1157365933","2025-09-21 04:32:11","75648981961","BNBUSDT","LIMIT","BUY","BOTH","1065.37000000","1065.34000000","23.51000000","23.51000000","25046.14340000","0E-8","FILLED","ios_Yz9mwajKR29gp7WWPm0J","GTC","0E-8","0E-8","Contract Price","false","2025-09-21 04:32:11"
"1157365933","2025-09-21 06:27:21","75653144122","BNBUSDT","MARKET","SELL","BOTH","0E-8","1076.36679711","23.51000000","23.51000000","25305.38340000","0E-8","FILLED","ios_st_jtrrVChlQ0A0PjQ","GTC","0E-8","0E-8","Contract Price","false","2025-09-21 06:27:21"
"1157365933","2025-09-21 10:37:26","38694143456","LTCUSDT","LIMIT","BUY","BOTH","115.63000000","115.63000000","384.93800000","384.93800000","44510.38094000","0E-8","FILLED","ios_usdt_zAXU4TSVpVWpzozgOYcE","GTC","0E-8","0E-8","Contract Price","false","2025-09-21 10:38:16"
"1157365933","2025-09-21 10:39:08","38694157551","LTCUSDT","STOP_MARKET","SELL","BOTH","0E-8",,"384.93800000","0E-8","0E-8","115.30000000","CANCELED","ios_5gyozMBVJAtlPgrv18dw","GTE_GTC","0E-8","0E-8","markPrice","true","2025-09-21 10:47:41"
"1157365933","2025-09-21 10:41:33","38694187554","LTCUSDT","STOP_MARKET","SELL","BOTH","0E-8",,"384.93800000","0E-8","0E-8","116.00000000","CANCELED","ios_km88Bi9IGVZVJIvkvTsu","GTE_GTC","0E-8","0E-8","markPrice","true","2025-09-21 10:50:52"
"1157365933","2025-09-21 10:48:11","38694266886","LTCUSDT","STOP_MARKET","SELL","BOTH","0E-8",,"384.93800000","0E-8","0E-8","115.10000000","CANCELED","ios_EqT6vU0HGQkl8tLoNycK","GTE_GTC","0E-8","0E-8","markPrice","true","2025-09-21 10:49:52"
"1157365933","2025-09-21 10:50:39","38694315160","LTCUSDT","STOP_MARKET","SELL","BOTH","0E-8",,"0E-8","0E-8","0E-8","115.00000000","CANCELED","web_qiSiGex5ribO4GgEHfnM","GTE_GTC","0E-8","0E-8","markPrice","true","2025-09-21 10:52:43"
"1157365933","2025-09-21 10:50:39","38694315159","LTCUSDT","STOP_MARKET","SELL","BOTH","0E-8",,"0E-8","0E-8","0E-8","117.00000000","EXPIRED","web_uVvJ7E7T9gmtViuACHFZ","GTE_GTC","0E-8","0E-8","markPrice","true","2025-09-21 18:41:48"
"1157365933","2025-09-21 10:52:43","38694339841","LTCUSDT","STOP_MARKET","SELL","BOTH","0E-8",,"0E-8","0E-8","0E-8","114.50000000","CANCELED","web_ZO36qaltmbPoQZlV3Liu","GTE_GTC","0E-8","0E-8","markPrice","true","2025-09-21 11:01:08"
"1157365933","2025-09-21 11:01:08","38694432834","LTCUSDT","STOP_MARKET","SELL","BOTH","0E-8",,"0E-8","0E-8","0E-8","114.20000000","CANCELED","web_shohALOv4lySQ3nVaTXm","GTE_GTC","0E-8","0E-8","markPrice","true","2025-09-21 11:16:04"
"1157365933","2025-09-21 11:16:04","38694599660","LTCUSDT","STOP_MARKET","SELL","BOTH","0E-8",,"0E-8","0E-8","0E-8","114.50000000","CANCELED","web_p101cDr0KL9D0K64em64","GTE_GTC","0E-8","0E-8","markPrice","true","2025-09-21 11:17:41"
"1157365933","2025-09-21 11:17:41","38694612919","LTCUSDT","STOP_MARKET","SELL","BOTH","0E-8",,"0E-8","0E-8","0E-8","114.30000000","CANCELED","web_LxmWdVHhsSBjgzq8o9C7","GTE_GTC","0E-8","0E-8","markPrice","true","2025-09-21 11:22:52"
"1157365933","2025-09-21 11:22:52","38694655785","LTCUSDT","STOP_MARKET","SELL","BOTH","0E-8",,"0E-8","0E-8","0E-8","114.38000000","CANCELED","web_ZhMImfcROgs8a2d7LJhk","GTE_GTC","0E-8","0E-8","markPrice","true","2025-09-21 12:16:48"
"1157365933","2025-09-21 12:16:48","38695163393","LTCUSDT","STOP_MARKET","SELL","BOTH","0E-8",,"0E-8","0E-8","0E-8","114.76000000","CANCELED","web_gfGwL462jVRjzNKVPGfu","GTE_GTC","0E-8","0E-8","markPrice","true","2025-09-21 12:39:03"
"1157365933","2025-09-21 12:39:04","38695389882","LTCUSDT","STOP_MARKET","SELL","BOTH","0E-8",,"0E-8","0E-8","0E-8","114.60000000","CANCELED","web_eSqcf4BWIpWQVH2EvMq9","GTE_GTC","0E-8","0E-8","markPrice","true","2025-09-21 12:42:05"
"1157365933","2025-09-21 12:42:05","38695424337","LTCUSDT","STOP_MARKET","SELL","BOTH","0E-8",,"0E-8","0E-8","0E-8","114.50000000","CANCELED","web_gzfw3Q880QFSJqcOvGW1","GTE_GTC","0E-8","0E-8","markPrice","true","2025-09-21 12:46:06"
"1157365933","2025-09-21 12:46:06","38695458585","LTCUSDT","STOP_MARKET","SELL","BOTH","0E-8",,"0E-8","0E-8","0E-8","114.36000000","CANCELED","web_jvXQDMQSl0xZ4AWpzcQp","GTE_GTC","0E-8","0E-8","markPrice","true","2025-09-21 14:37:51"
"1157365933","2025-09-21 14:37:51","38696498648","LTCUSDT","STOP_MARKET","SELL","BOTH","0E-8",,"0E-8","0E-8","0E-8","114.35000000","CANCELED","web_mUHeP220auTNoQGEVayB","GTE_GTC","0E-8","0E-8","markPrice","true","2025-09-21 18:33:26"
"1157365933","2025-09-21 18:34:07","38699155659","LTCUSDT","MARKET","SELL","BOTH","0E-8","115.38843505","384.93800000","384.93800000","44417.39341000","115.40000000","FILLED","ios_h21kXRg7h4o9qNh7rVWH","GTE_GTC","0E-8","0E-8","markPrice","true","2025-09-21 18:41:48"
"1157365933","2025-09-21 19:19:33","38699562212","LTCUSDT","LIMIT","BUY","BOTH","114.97000000","114.96430790","354.37700000","354.37700000","40740.70654000","0E-8","FILLED","ios_usdt_SaFypkFv4eejB5tcBx9y","GTC","0E-8","0E-8","Contract Price","false","2025-09-21 19:19:33"
"1157365933","2025-09-21 19:20:30","38699570394","LTCUSDT","MARKET","SELL","BOTH","0E-8","114.69800805","354.37700000","354.37700000","40646.33600000","114.70000000","FILLED","ios_ooSmKfFfH2G8nGESFeVR","GTE_GTC","0E-8","0E-8","markPrice","true","2025-09-21 21:28:41"
"1157365933","2025-09-21 19:21:39","38699579365","LTCUSDT","STOP_MARKET","SELL","BOTH","0E-8",,"354.37700000","0E-8","0E-8","116.00000000","CANCELED","ios_TJSzqrtABqwBUg3U4Jf6","GTE_GTC","0E-8","0E-8","markPrice","true","2025-09-21 19:25:32"
"1157365933","2025-09-21 19:25:08","38699616964","LTCUSDT","STOP_MARKET","SELL","BOTH","0E-8",,"354.37700000","0E-8","0E-8","115.72000000","EXPIRED","ios_FrfSXNM1pz7rspiSnwnA","GTE_GTC","0E-8","0E-8","markPrice","true","2025-09-21 21:28:41"
"1157365933","2025-09-21 22:53:00","38701646014","LTCUSDT","LIMIT","SELL","BOTH","114.87000000","114.87000000","319.45500000","319.45500000","36695.79585000","0E-8","FILLED","ios_usdt_DhFNAYCl1hJOJHPQ8smK","GTC","0E-8","0E-8","Contract Price","false","2025-09-21 22:56:09"
"1157365933","2025-09-21 22:55:29","38701670304","LTCUSDT","STOP_MARKET","BUY","BOTH","0E-8",,"72.18000000","0E-8","0E-8","115.03000000","CANCELED","ios_ceEFJGNhMp48vbQTTREZ","GTE_GTC","0E-8","0E-8","markPrice","true","2025-09-21 22:58:37"
"1157365933","2025-09-21 22:56:29","38701679327","LTCUSDT","STOP_MARKET","BUY","BOTH","0E-8",,"91.50900000","0E-8","0E-8","112.00000000","EXPIRED","ios_GgJHO0ctPmpLgdG4hKcR","GTE_GTC","0E-8","0E-8","markPrice","true","2025-09-21 23:19:18"
"1157365933","2025-09-21 22:58:47","38701695441","LTCUSDT","STOP_MARKET","BUY","BOTH","0E-8",,"319.45500000","0E-8","0E-8","115.10000000","CANCELED","ios_cgso0Cbz9anDqBwrf4pa","GTE_GTC","0E-8","0E-8","markPrice","true","2025-09-21 23:08:24"
"1157365933","2025-09-21 23:11:17","38701859747","LTCUSDT","STOP_MARKET","BUY","BOTH","0E-8",,"319.45500000","0E-8","0E-8","114.15000000","CANCELED","ios_8LWbd01LLr6Z2GUK2ABc","GTE_GTC","0E-8","0E-8","markPrice","true","2025-09-21 23:13:54"
"1157365933","2025-09-21 23:18:38","38701969262","LTCUSDT","STOP_MARKET","BUY","BOTH","0E-8",,"319.45500000","0E-8","0E-8","114.10000000","EXPIRED","ios_wXGhGcug20u0S4THLzf8","GTE_GTC","0E-8","0E-8","markPrice","true","2025-09-21 23:19:18"
"1157365933","2025-09-21 23:19:12","38701974705","LTCUSDT","MARKET","BUY","BOTH","0E-8","114.12651942","319.45500000","319.45500000","36458.28726000","114.15000000","FILLED","ios_9NA6JZz468dEusT4vvVY","GTE_GTC","0E-8","0E-8","markPrice","true","2025-09-21 23:19:18"
"1157365933","2025-09-22 03:53:42","16256173551","TRXUSDT","LIMIT","SELL","BOTH","0.33981000","0.33981000","126625.00000000","126625.00000000","43028.44125000","0E-8","FILLED","ios_usdt_fHyjpzwCZ73H8QXJVQ2k","GTC","0E-8","0E-8","Contract Price","false","2025-09-22 03:55:08"
"1157365933","2025-09-22 03:56:32","16256188469","TRXUSDT","STOP_MARKET","BUY","BOTH","0E-8",,"126625.00000000","0E-8","0E-8","0.33890000","CANCELED","ios_1qfKLAjlQeV1K4aGkGiT","GTE_GTC","0E-8","0E-8","markPrice","true","2025-09-22 04:11:38"
"1157365933","2025-09-22 03:57:09","16256193625","TRXUSDT","STOP_MARKET","BUY","BOTH","0E-8",,"126625.00000000","0E-8","0E-8","0.33798000","CANCELED","ios_l22F4c2gWGps45TofDl2","GTE_GTC","0E-8","0E-8","markPrice","true","2025-09-22 04:08:35"
"1157365933","2025-09-22 04:09:21","16256310045","TRXUSDT","STOP_MARKET","BUY","BOTH","0E-8",,"126625.00000000","0E-8","0E-8","0.34090000","EXPIRED","ios_xMFJufywtdDZhMPZ3RUW","GTE_GTC","0E-8","0E-8","markPrice","true","2025-09-22 05:59:49"
"1157365933","2025-09-22 04:11:31","16256334146","TRXUSDT","STOP_MARKET","BUY","BOTH","0E-8",,"126625.00000000","0E-8","0E-8","0.33800000","EXPIRED","ios_OJO6N10ydwiEo6B3k4Bx","GTE_GTC","0E-8","0E-8","markPrice","true","2025-09-22 05:59:49"
"1157365933","2025-09-22 04:59:37","16256664567","TRXUSDT","STOP_MARKET","BUY","BOTH","0E-8",,"126625.00000000","0E-8","0E-8","0.33815000","EXPIRED","ios_COQAsGQDWJCk3bZTGSFi","GTE_GTC","0E-8","0E-8","markPrice","true","2025-09-22 05:59:49"
"1157365933","2025-09-22 05:05:21","16256712260","TRXUSDT","MARKET","BUY","BOTH","0E-8","0.33857572","126625.00000000","126625.00000000","42872.15108000","0.33862000","FILLED","ios_LOI5WBdj4aRzg7wmA3gP","GTE_GTC","0E-8","0E-8","markPrice","true","2025-09-22 05:59:49"
"1157365933","2025-09-22 12:25:53","249689057","STBLUSDT","MARKET","SELL","BOTH","0E-8","0.40185114","7638.00000000","7638.00000000","3069.33903000","0E-8","FILLED","web_8BsMLqFBSIA5QUA687z2","GTC","0E-8","0E-8","Contract Price","false","2025-09-22 12:25:53"
"1157365933","2025-09-22 12:26:35","249710035","STBLUSDT","STOP_MARKET","BUY","BOTH","0E-8",,"0E-8","0E-8","0E-8","0.41305000","EXPIRED","web_4KV8Jpbori41f3WDADZe","GTE_GTC","0E-8","0E-8","markPrice","true","2025-09-22 12:35:10"
"1157365933","2025-09-22 12:27:06","249715331","STBLUSDT","STOP_MARKET","BUY","BOTH","0E-8",,"0E-8","0E-8","0E-8","0.37220000","CANCELED","web_XlRJ18eJCYIg6JstE4XZ","GTE_GTC","0E-8","0E-8","markPrice","true","2025-09-22 12:32:12"
"1157365933","2025-09-22 12:32:12","249849547","STBLUSDT","MARKET","BUY","BOTH","0E-8","0.38890637","7638.00000000","7638.00000000","2970.46686000","0.38793000","FILLED","web_RfgYzcaRNya7lBlYGw3N","GTE_GTC","0E-8","0E-8","markPrice","true","2025-09-22 12:35:10"
"1157365933","2025-09-22 13:08:53","8389765963077582653","ETHUSDT","MARKET","BUY","BOTH","0E-8","4198.86295525","5.76600000","5.76600000","24210.64380000","0E-8","FILLED","web_hSYjQZvpwO1jRxlV5Zls","GTC","0E-8","0E-8","Contract Price","false","2025-09-22 13:08:53"
"1157365933","2025-09-22 13:10:04","8389765963078168206","ETHUSDT","STOP_MARKET","SELL","BOTH","0E-8",,"0E-8","0E-8","0E-8","4180.00000000","CANCELED","web_GOCR2bJ85RpwOykkTBu4","GTE_GTC","0E-8","0E-8","markPrice","true","2025-09-22 13:23:10"
"1157365933","2025-09-22 13:10:48","8389765963078780671","ETHUSDT","STOP_MARKET","SELL","BOTH","0E-8",,"0E-8","0E-8","0E-8","4215.00000000","CANCELED","web_HJNqf8tnfMkPAhac5iAf","GTE_GTC","0E-8","0E-8","markPrice","true","2025-09-22 13:21:55"
"1157365933","2025-09-22 13:21:56","8389765963086223236","ETHUSDT","STOP_MARKET","SELL","BOTH","0E-8",,"0E-8","0E-8","0E-8","4240.00000000","EXPIRED","web_pLYuToizz3iUKxMAgct3","GTE_GTC","0E-8","0E-8","markPrice","true","2025-09-22 13:26:19"
"1157365933","2025-09-22 13:23:10","8389765963087153202","ETHUSDT","MARKET","SELL","BOTH","0E-8","4200.00000000","5.76600000","5.76600000","24217.20000000","4201.00000000","FILLED","web_stpz97bYcwqtfJcaFeVF","GTE_GTC","0E-8","0E-8","markPrice","true","2025-09-22 13:26:19"
"1157365933","2025-09-22 13:46:52","145532097316","SOLUSDT","LIMIT","SELL","BOTH","221.44000000","221.44000000","221.91000000","221.91000000","49139.75040000","0E-8","FILLED","ios_usdt_NKf4yLb3Wucw8MgSbJsZ","GTC","0E-8","0E-8","Contract Price","false","2025-09-22 13:47:00"
"1157365933","2025-09-22 13:47:42","145532326439","SOLUSDT","MARKET","BUY","BOTH","0E-8","222.00000000","221.91000000","221.91000000","49264.02000000","222.00000000","FILLED","ios_ujm24F3G0pE2YbewRHQ3","GTE_GTC","0E-8","0E-8","markPrice","true","2025-09-22 13:51:25"
"1157365933","2025-09-22 13:48:04","145532391553","SOLUSDT","STOP_MARKET","BUY","BOTH","0E-8",,"221.91000000","0E-8","0E-8","220.90000000","EXPIRED","ios_cUwFoxq7K26Hf0rsx8UE","GTE_GTC","0E-8","0E-8","markPrice","true","2025-09-22 13:51:25"
"1157365933","2025-09-22 21:25:17","122065790711","XRPUSDT","LIMIT","BUY","BOTH","2.83820000","2.83820000","1045.50000000","1045.50000000","2967.33810000","0E-8","FILLED","ios_usdt_Raljdz0W7vsiMimIxqcV","GTC","0E-8","0E-8","Contract Price","false","2025-09-22 21:25:17"
"1157365933","2025-09-22 21:26:18","122065909298","XRPUSDT","STOP_MARKET","SELL","BOTH","0E-8",,"1045.50000000","0E-8","0E-8","2.83840000","CANCELED","ios_fRMeMqWqpRp3TEQgj3et","GTE_GTC","0E-8","0E-8","markPrice","true","2025-09-22 21:26:37"
"1157365933","2025-09-22 21:26:49","122065940067","XRPUSDT","STOP_MARKET","SELL","BOTH","0E-8",,"1045.50000000","0E-8","0E-8","2.83850000","CANCELED","ios_Y9w7vJDbcXqFakAmw2Gu","GTE_GTC","0E-8","0E-8","markPrice","true","2025-09-22 21:27:00"
"1157365933","2025-09-22 21:27:13","122065973819","XRPUSDT","MARKET","SELL","BOTH","0E-8","2.83830000","1045.50000000","1045.50000000","2967.44265000","2.83870000","FILLED","ios_gDirqlI5OocfBDuyYeiy","GTE_GTC","0E-8","0E-8","markPrice","true","2025-09-22 21:27:18"
"1157365933","2025-09-22 21:27:39","122066032079","XRPUSDT","LIMIT","SELL","BOTH","2.83850000","2.83850000","1042.20000000","1042.20000000","2958.28470000","0E-8","FILLED","ios_usdt_HrvmPtYDBT0CslKggGHA","GTC","0E-8","0E-8","Contract Price","false","2025-09-22 21:30:02"
"1157365933","2025-09-22 21:31:37","122066469789","XRPUSDT","STOP_MARKET","BUY","BOTH","0E-8",,"1042.20000000","0E-8","0E-8","2.99000000","EXPIRED","ios_gJwi3V7FdJCxPedzX7Jq","GTE_GTC","0E-8","0E-8","markPrice","true","2025-09-22 21:47:48"
"1157365933","2025-09-22 21:31:58","122066504312","XRPUSDT","STOP_MARKET","BUY","BOTH","0E-8",,"1042.20000000","0E-8","0E-8","2.40000000","EXPIRED","ios_90LDENHXqNYdAGsB45F0","GTE_GTC","0E-8","0E-8","markPrice","true","2025-09-22 21:47:48"
"1157365933","2025-09-22 21:47:40","122068185872","XRPUSDT","MARKET","BUY","BOTH","0E-8","2.84820000","1042.20000000","1042.20000000","2968.39404000","2.84850000","FILLED","ios_iNFqPLqCE6DBG5MlPZUM","GTE_GTC","0E-8","0E-8","markPrice","true","2025-09-22 21:47:48"
"1157365933","2025-09-23 07:14:17","8389765963640898286","ETHUSDT","LIMIT","BUY","BOTH","4203.32000000","4203.32000000","10.48400000","10.48400000","44067.60688000","0E-8","FILLED","web_usdt_9kh9skr1wrqn409a8qiugmf","GTC","0E-8","0E-8","Contract Price","false","2025-09-23 07:14:26"
"1157365933","2025-09-23 07:15:04","8389765963641223762","ETHUSDT","STOP_MARKET","SELL","BOTH","0E-8",,"0E-8","0E-8","0E-8","4189.00000000","CANCELED","web_FR3fP7AwrO9ukIo3xB10","GTE_GTC","0E-8","0E-8","Contract Price","true","2025-09-23 07:18:04"
"1157365933","2025-09-23 07:15:22","8389765963641334108","ETHUSDT","STOP_MARKET","SELL","BOTH","0E-8",,"0E-8","0E-8","0E-8","4379.01000000","CANCELED","web_t0NPW8WkcxpLh5aBbLGd","GTE_GTC","0E-8","0E-8","Contract Price","true","2025-09-23 07:24:42"
"1157365933","2025-09-23 07:18:04","8389765963642292718","ETHUSDT","STOP_MARKET","SELL","BOTH","0E-8",,"0E-8","0E-8","0E-8","4195.00000000","CANCELED","web_q1VnG9F5TJ7Bfm5Hu17F","GTE_GTC","0E-8","0E-8","Contract Price","true","2025-09-23 07:26:18"
"1157365933","2025-09-23 07:24:42","8389765963645343764","ETHUSDT","STOP_MARKET","SELL","BOTH","0E-8",,"0E-8","0E-8","0E-8","4217.33000000","CANCELED","web_8Sq2I2clbnEAuEtB9ShL","GTE_GTC","0E-8","0E-8","Contract Price","true","2025-09-23 07:25:04"
"1157365933","2025-09-23 07:25:04","8389765963645477843","ETHUSDT","STOP_MARKET","SELL","BOTH","0E-8",,"0E-8","0E-8","0E-8","4231.34000000","CANCELED","web_Lyoxd5pM1R6T17JAnBgi","GTE_GTC","0E-8","0E-8","Contract Price","true","2025-09-23 08:16:56"
"1157365933","2025-09-23 07:26:18","8389765963645974294","ETHUSDT","STOP_MARKET","SELL","BOTH","0E-8",,"0E-8","0E-8","0E-8","4195.05000000","CANCELED","web_oqHp83b7ejqKXbWJ6S9v","GTE_GTC","0E-8","0E-8","Contract Price","true","2025-09-23 07:27:07"
"1157365933","2025-09-23 07:27:07","8389765963646359035","ETHUSDT","STOP_MARKET","SELL","BOTH","0E-8",,"0E-8","0E-8","0E-8","4190.71000000","CANCELED","web_XrHd8LdzSw0yAG6Vv5go","GTE_GTC","0E-8","0E-8","Contract Price","true","2025-09-23 07:30:58"
"1157365933","2025-09-23 07:30:58","8389765963647794820","ETHUSDT","STOP_MARKET","SELL","BOTH","0E-8",,"0E-8","0E-8","0E-8","4184.14000000","CANCELED","web_ZbFfe9HfL1IQi61AdnSf","GTE_GTC","0E-8","0E-8","Contract Price","true","2025-09-23 08:52:41"
"1157365933","2025-09-23 08:16:56","8389765963664764217","ETHUSDT","STOP_MARKET","SELL","BOTH","0E-8",,"0E-8","0E-8","0E-8","4217.33000000","CANCELED","ios_HmOZwM5NTdH65C3CzJTG","GTE_GTC","0E-8","0E-8","Contract Price","true","2025-09-23 08:26:29"
"1157365933","2025-09-23 08:26:29","8389765963668373418","ETHUSDT","STOP_MARKET","SELL","BOTH","0E-8",,"0E-8","0E-8","0E-8","4229.94000000","CANCELED","ios_ACbksNgywjR4MONCSqqT","GTE_GTC","0E-8","0E-8","Contract Price","true","2025-09-23 08:44:38"
"1157365933","2025-09-23 08:44:39","8389765963674341389","ETHUSDT","STOP_MARKET","SELL","BOTH","0E-8",,"0E-8","0E-8","0E-8","4215.00000000","CANCELED","ios_rn1CLo0KbczAuXquwf0s","GTE_GTC","0E-8","0E-8","Contract Price","true","2025-09-23 09:10:01"
"1157365933","2025-09-23 08:52:42","8389765963677024089","ETHUSDT","MARKET","SELL","BOTH","0E-8","4186.00000000","10.48400000","10.48400000","43886.02400000","4186.00000000","FILLED","ios_bHmYVM0Aqc22Ve8I0Z4h","GTE_GTC","0E-8","0E-8","Contract Price","true","2025-09-23 09:45:40"
"1157365933","2025-09-23 09:34:51","8389765963690342456","ETHUSDT","STOP_MARKET","SELL","BOTH","0E-8",,"0E-8","0E-8","0E-8","4250.00000000","EXPIRED","web_3NXauaraxcTUDfHCCM3B","GTE_GTC","0E-8","0E-8","markPrice","true","2025-09-23 09:45:40"
"1157365933","2025-09-23 12:03:44","466114475","MERLUSDT","STOP","BUY","BOTH","0.29293000",,"83637.00000000","0E-8","0E-8","0.28912000","CANCELED","web_usdt_y5zjf1ul7a3nvtky5au8h2g","GTC","0E-8","0E-8","markPrice","true","2025-09-23 12:04:36"
"1157365933","2025-09-23 14:25:01","75832698045","BNBUSDT","LIMIT","BUY","BOTH","1015.45000000",,"41.94000000","0E-8","0E-8","0E-8","CANCELED","web_usdt_bcjd5ig46lrj2tozdo1gjmv","GTC","0E-8","0E-8","Contract Price","false","2025-09-23 14:26:23"
"1157365933","2025-09-23 14:34:27","43970806317","LINKUSDT","MARKET","BUY","BOTH","0E-8","21.86819604","1956.33000000","1956.33000000","42781.40796000","0E-8","FILLED","web_5fEagU198cxnjoBZL5r5","GTC","0E-8","0E-8","Contract Price","false","2025-09-23 14:34:27"
"1157365933","2025-09-23 14:35:49","43970883527","LINKUSDT","STOP_MARKET","SELL","BOTH","0E-8",,"0E-8","0E-8","0E-8","21.70400000","CANCELED","web_d84FKYDSEC8kHM19c1WW","GTE_GTC","0E-8","0E-8","markPrice","true","2025-09-23 14:38:08"
"1157365933","2025-09-23 14:38:09","43970977800","LINKUSDT","STOP_MARKET","SELL","BOTH","0E-8",,"0E-8","0E-8","0E-8","21.71000000","CANCELED","web_eq6X9ViZP4WjsCW40sTi","GTE_GTC","0E-8","0E-8","markPrice","true","2025-09-23 14:44:39"
"1157365933","2025-09-23 14:44:39","43971183408","LINKUSDT","STOP_MARKET","SELL","BOTH","0E-8",,"0E-8","0E-8","0E-8","21.81100000","CANCELED","web_kztdF7Ob3BIrFoNc8Xoc","GTE_GTC","0E-8","0E-8","markPrice","true","2025-09-23 14:45:12"
"1157365933","2025-09-23 14:45:12","43971203516","LINKUSDT","STOP_MARKET","SELL","BOTH","0E-8",,"0E-8","0E-8","0E-8","21.71100000","CANCELED","web_etANrjHU188m7cJKEC3N","GTE_GTC","0E-8","0E-8","markPrice","true","2025-09-23 14:51:10"
"1157365933","2025-09-23 14:51:10","43971394467","LINKUSDT","STOP_MARKET","SELL","BOTH","0E-8",,"0E-8","0E-8","0E-8","21.68000000","CANCELED","web_bkJsG2iHWyjC03ctz9bW","GTE_GTC","0E-8","0E-8","markPrice","true","2025-09-23 14:52:08"
"1157365933","2025-09-23 14:52:08","43971424309","LINKUSDT","STOP_MARKET","SELL","BOTH","0E-8",,"0E-8","0E-8","0E-8","21.66500000","EXPIRED","web_uoBkI7eiJiZcdQYzuJjS","GTE_GTC","0E-8","0E-8","markPrice","true","2025-09-23 15:12:24"
"1157365933","2025-09-23 15:12:13","43972092769","LINKUSDT","MARKET","SELL","BOTH","0E-8","21.97504828","1956.33000000","1956.33000000","42990.44620000","21.97700000","FILLED","web_EA5oCVaUVhs5RdcM48Zm","GTE_GTC","0E-8","0E-8","markPrice","true","2025-09-23 15:12:24"
"1157365933","2025-09-23 23:02:37","775682215","AVNTUSDT","LIMIT","BUY","BOTH","1.99030000","1.99030000","2512.00000000","2512.00000000","4999.63360000","0E-8","FILLED","ios_usdt_76bbo8alaVFbVkHUDKkZ","GTC","0E-8","0E-8","Contract Price","false","2025-09-23 23:03:32"
"1157365933","2025-09-23 23:05:10","775737145","AVNTUSDT","STOP_MARKET","SELL","BOTH","0E-8",,"2512.00000000","0E-8","0E-8","1.95120000","EXPIRED","ios_YncrHYuxFj72RvGhHvpf","GTE_GTC","0E-8","0E-8","markPrice","true","2025-09-23 23:13:03"
"1157365933","2025-09-23 23:09:40","775834136","AVNTUSDT","STOP_MARKET","SELL","BOTH","0E-8",,"2512.00000000","0E-8","0E-8","2.00530000","CANCELED","ios_Bf487JNrRF2oiRepeTpE","GTE_GTC","0E-8","0E-8","markPrice","true","2025-09-23 23:10:02"
"1157365933","2025-09-23 23:10:35","775845866","AVNTUSDT","MARKET","SELL","BOTH","0E-8","2.00502942","2512.00000000","2512.00000000","5036.63390000","2.00310000","FILLED","ios_oSczbbpMkzr8zAOZgBOS","GTE_GTC","0E-8","0E-8","markPrice","true","2025-09-23 23:13:03"
"1157365933","2025-09-24 00:06:45","75867793503","BNBUSDT","LIMIT","BUY","BOTH","1017.46000000",,"44.67000000","0E-8","0E-8","0E-8","CANCELED","web_usdt_glbixn4qplqp7xnfcakyk4n","GTC","0E-8","0E-8","Contract Price","false","2025-09-24 00:06:57"
"1157365933","2025-09-24 00:07:58","75867886127","BNBUSDT","LIMIT","BUY","BOTH","1017.46000000","1016.28000000","45.55000000","45.55000000","46291.55400000","0E-8","FILLED","web_usdt_td14oidlo987mcux9bmr1y9","GTC","0E-8","0E-8","Contract Price","false","2025-09-24 00:07:58"
"1157365933","2025-09-24 00:09:00","75867970889","BNBUSDT","STOP_MARKET","SELL","BOTH","0E-8",,"0E-8","0E-8","0E-8","1012.70000000","CANCELED","web_q4CV6QOdfbcN6jscmn71","GTE_GTC","0E-8","0E-8","Contract Price","true","2025-09-24 00:17:00"
"1157365933","2025-09-24 00:09:07","75867985739","BNBUSDT","STOP_MARKET","SELL","BOTH","0E-8",,"0E-8","0E-8","0E-8","1023.39000000","CANCELED","web_L1URI5lB8txKcB2v1uoi","GTE_GTC","0E-8","0E-8","Contract Price","true","2025-09-24 00:13:03"
"1157365933","2025-09-24 00:13:03","75868229466","BNBUSDT","STOP_MARKET","SELL","BOTH","0E-8",,"0E-8","0E-8","0E-8","1021.00000000","CANCELED","web_vz6y7Be4gXIPLrqWgfYo","GTE_GTC","0E-8","0E-8","Contract Price","true","2025-09-24 00:15:56"
"1157365933","2025-09-24 00:15:56","75868420417","BNBUSDT","STOP_MARKET","SELL","BOTH","0E-8",,"0E-8","0E-8","0E-8","1024.00000000","CANCELED","web_UZ9S98S0dzcVzgGPX3oH","GTE_GTC","0E-8","0E-8","Contract Price","true","2025-09-24 00:18:41"
"1157365933","2025-09-24 00:17:00","75868486747","BNBUSDT","STOP_MARKET","SELL","BOTH","0E-8",,"0E-8","0E-8","0E-8","1013.80000000","EXPIRED","web_BE0GhZ5V268gvinW0mNz","GTE_GTC","0E-8","0E-8","Contract Price","true","2025-09-24 00:20:35"
"1157365933","2025-09-24 00:18:41","75868595812","BNBUSDT","STOP_MARKET","SELL","BOTH","0E-8",,"0E-8","0E-8","0E-8","1022.88000000","CANCELED","web_99z5tvBtbnL7pKUOANsP","GTE_GTC","0E-8","0E-8","Contract Price","true","2025-09-24 00:19:02"
"1157365933","2025-09-24 00:19:02","75868616025","BNBUSDT","MARKET","SELL","BOTH","0E-8","1021.31056861","45.55000000","45.55000000","46520.69640000","1021.31000000","FILLED","web_7FVqscFEqt6Y1HOdkumZ","GTE_GTC","0E-8","0E-8","Contract Price","true","2025-09-24 00:20:35"
"1157365933","2025-09-24 00:27:39","43985764704","LINKUSDT","LIMIT","SELL","BOTH","21.61900000","21.63106487","2134.15000000","2134.15000000","46163.93710000","0E-8","FILLED","web_usdt_hbw69ks2ymsrjp5b7cooapz","GTC","0E-8","0E-8","Contract Price","false","2025-09-24 00:27:39"
"1157365933","2025-09-24 00:28:12","43985775107","LINKUSDT","STOP_MARKET","BUY","BOTH","0E-8",,"0E-8","0E-8","0E-8","21.68500000","CANCELED","web_X5zwgwsorfVFbj9VuYDp","GTE_GTC","0E-8","0E-8","Contract Price","true","2025-09-24 00:28:26"
"1157365933","2025-09-24 00:28:12","43985775106","LINKUSDT","STOP_MARKET","BUY","BOTH","0E-8",,"0E-8","0E-8","0E-8","21.52400000","CANCELED","web_20tV9sNtuMBZ7hauGjjH","GTE_GTC","0E-8","0E-8","Contract Price","true","2025-09-24 00:35:51"
"1157365933","2025-09-24 00:28:26","43985779445","LINKUSDT","STOP_MARKET","BUY","BOTH","0E-8",,"0E-8","0E-8","0E-8","21.73900000","EXPIRED","web_fweNlr0tM8aJnNGjA6xO","GTE_GTC","0E-8","0E-8","Contract Price","true","2025-09-24 00:36:13"
"1157365933","2025-09-24 00:35:51","43985932832","LINKUSDT","MARKET","BUY","BOTH","0E-8","21.53468768","2134.15000000","2134.15000000","45958.25372000","21.53400000","FILLED","web_ktbR8RsNYe8w2fJAp5q9","GTE_GTC","0E-8","0E-8","Contract Price","true","2025-09-24 00:36:13"
"1157365933","2025-09-24 00:51:22","2240507433","MYXUSDT","LIMIT","SELL","BOTH","9.49400000",,"1053.00000000","0E-8","0E-8","0E-8","CANCELED","web_usdt_8g3pvet7glwli1ilcy1plzo","GTC","0E-8","0E-8","Contract Price","false","2025-09-24 00:51:52"
"1157365933","2025-09-24 00:56:19","75871238897","BNBUSDT","LIMIT","BUY","BOTH","1019.95000000","1017.45000000","45.63000000","45.63000000","46426.24350000","0E-8","FILLED","web_usdt_252uzv7wah5o32bfdu94iai","GTC","0E-8","0E-8","Contract Price","false","2025-09-24 00:56:19"
"1157365933","2025-09-24 00:56:58","75871265397","BNBUSDT","STOP_MARKET","SELL","BOTH","0E-8",,"0E-8","0E-8","0E-8","1014.00000000","EXPIRED","web_PnmdFCNgYbc4xE8MJBu1","GTE_GTC","0E-8","0E-8","Contract Price","true","2025-09-24 01:16:31"
"1157365933","2025-09-24 00:56:58","75871265395","BNBUSDT","MARKET","SELL","BOTH","0E-8","1021.96000000","45.63000000","45.63000000","46632.03480000","1021.97000000","FILLED","web_jpbcAvAkVDoZgZJD3y73","GTE_GTC","0E-8","0E-8","Contract Price","true","2025-09-24 01:16:31"
"1157365933","2025-09-24 05:07:26","75888633648","BNBUSDT","LIMIT","SELL","BOTH","1011.73000000","1011.73000000","50.88000000","50.88000000","51476.82240000","0E-8","FILLED","ios_usdt_PJuVXO8cHAPqYuXAmxMb","GTC","0E-8","0E-8","Contract Price","false","2025-09-24 05:21:27"
"1157365933","2025-09-24 05:22:15","75889510531","BNBUSDT","STOP_MARKET","BUY","BOTH","0E-8",,"50.88000000","0E-8","0E-8","1015.44000000","CANCELED","ios_nr6szXe73a3SnzuIefLX","GTE_GTC","0E-8","0E-8","markPrice","true","2025-09-24 05:23:17"
"1157365933","2025-09-24 05:22:50","75889548078","BNBUSDT","MARKET","BUY","BOTH","0E-8","1016.41128341","50.88000000","50.88000000","51715.00610000","1016.23000000","FILLED","ios_8cLXgDuHDXRmF0lWHpmu","GTE_GTC","0E-8","0E-8","markPrice","true","2025-09-24 05:25:12"
"1157365933","2025-09-24 05:23:36","75889623946","BNBUSDT","STOP_MARKET","BUY","BOTH","0E-8",,"50.88000000","0E-8","0E-8","1007.22000000","EXPIRED","ios_Bn6E2CvBul28BX1Uhzdp","GTE_GTC","0E-8","0E-8","markPrice","true","2025-09-24 05:25:12"
"1157365933","2025-09-24 05:31:31","8389765964302669519","ETHUSDT","LIMIT","BUY","BOTH","4152.32000000","4152.12000000","18.21400000","18.21400000","75626.71368000","0E-8","FILLED","ios_usdt_iWnQ1xogB5p8PxyB7pbQ","GTC","0E-8","0E-8","Contract Price","false","2025-09-24 05:31:31"
"1157365933","2025-09-24 05:31:56","8389765964302910127","ETHUSDT","STOP_MARKET","SELL","BOTH","0E-8",,"18.21400000","0E-8","0E-8","4139.66000000","EXPIRED","ios_kHSyhDJJIgH7z9szTQRD","GTE_GTC","0E-8","0E-8","markPrice","true","2025-09-24 05:43:20"
"1157365933","2025-09-24 05:32:12","8389765964303032674","ETHUSDT","MARKET","SELL","BOTH","0E-8","4165.56000000","18.21400000","18.21400000","75871.50984000","4165.82000000","FILLED","ios_413b5yzvQtfcXc2STPqh","GTE_GTC","0E-8","0E-8","markPrice","true","2025-09-24 05:43:20"
"1157365933","2025-09-24 06:35:26","3189390039","NMRUSDT","LIMIT","SELL","BOTH","16.16700000","16.16700000","309.20000000","309.20000000","4998.83640000","0E-8","FILLED","web_usdt_oontque8c13ror1rksvy3k2","GTC","0E-8","0E-8","Contract Price","false","2025-09-24 06:35:44"
"1157365933","2025-09-24 06:36:10","3189395154","NMRUSDT","STOP_MARKET","BUY","BOTH","0E-8",,"0E-8","0E-8","0E-8","16.11300000","CANCELED","web_pKR3SHueWYNJb8799bJa","GTE_GTC","0E-8","0E-8","Contract Price","true","2025-09-24 06:36:39"
"1157365933","2025-09-24 06:36:10","3189395158","NMRUSDT","STOP_MARKET","BUY","BOTH","0E-8",,"0E-8","0E-8","0E-8","16.44000000","EXPIRED","web_PV64Xk1b75AZeQMdkbOu","GTE_GTC","0E-8","0E-8","Contract Price","true","2025-09-24 08:00:00"
"1157365933","2025-09-24 06:37:41","3189403765","NMRUSDT","STOP_MARKET","BUY","BOTH","0E-8",,"0E-8","0E-8","0E-8","15.84300000","CANCELED","web_LfK3lrrqEO2kIHTQwH6l","GTE_GTC","0E-8","0E-8","Contract Price","true","2025-09-24 06:38:05"
"1157365933","2025-09-24 06:38:05","3189406482","NMRUSDT","STOP_MARKET","BUY","BOTH","0E-8",,"0E-8","0E-8","0E-8","15.75000000","CANCELED","web_PNcrYCuEG5hsn4W94cuD","GTE_GTC","0E-8","0E-8","Contract Price","true","2025-09-24 06:47:01"
"1157365933","2025-09-24 06:43:22","318274195","STBLUSDT","LIMIT","SELL","BOTH","0.44311000","0.44378242","5623.00000000","5623.00000000","2495.38855000","0E-8","FILLED","web_usdt_rgvka4b39njzofrpojrqcco","GTC","0E-8","0E-8","Contract Price","false","2025-09-24 06:43:22"
"1157365933","2025-09-24 06:44:34","318308995","STBLUSDT","STOP_MARKET","BUY","BOTH","0E-8",,"0E-8","0E-8","0E-8","0.42898000","CANCELED","web_elXeBiU5VKsH0FVEVk1k","GTE_GTC","0E-8","0E-8","Contract Price","true","2025-09-24 06:46:32"
"1157365933","2025-09-24 06:44:34","318309007","STBLUSDT","MARKET","BUY","BOTH","0E-8","0.45454735","5623.00000000","5623.00000000","2555.91975000","0.45413000","FILLED","web_T7Nuo0WyrQiJdkrBa2W9","GTE_GTC","0E-8","0E-8","Contract Price","true","2025-09-24 07:12:49"
"1157365933","2025-09-24 06:46:32","318364824","STBLUSDT","STOP_MARKET","BUY","BOTH","0E-8",,"0E-8","0E-8","0E-8","0.39872000","EXPIRED","web_zWU9OPoJdbAt0MX2YUIo","GTE_GTC","0E-8","0E-8","Contract Price","true","2025-09-24 07:12:49"
"1157365933","2025-09-24 06:47:01","3189469514","NMRUSDT","STOP_MARKET","BUY","BOTH","0E-8",,"0E-8","0E-8","0E-8","15.72700000","CANCELED","web_syufBKs0nydedw9BiUzi","GTE_GTC","0E-8","0E-8","Contract Price","true","2025-09-24 07:58:01"
"1157365933","2025-09-24 07:03:04","4120372016","WUSDT","LIMIT","BUY","BOTH","0.10426000","0.10425062","437004.50000000","437004.50000000","45557.98994600","0E-8","FILLED","web_usdt_yh5gwki9ewnh2f2zek5gz3h","GTC","0E-8","0E-8","Contract Price","false","2025-09-24 07:03:04"
"1157365933","2025-09-24 07:03:57","4120378822","WUSDT","MARKET","SELL","BOTH","0E-8","0.10347480","437004.50000000","437004.50000000","45218.95431700","0.10362000","FILLED","web_qEQBXI2V0WvBVYTfuybj","GTE_GTC","0E-8","0E-8","Contract Price","true","2025-09-24 07:06:12"
"1157365933","2025-09-24 07:05:18","4120390270","WUSDT","STOP_MARKET","SELL","BOTH","0E-8",,"0E-8","0E-8","0E-8","0.10617000","EXPIRED","web_LaBs8izKmwvMXdjarh3H","GTE_GTC","0E-8","0E-8","Contract Price","true","2025-09-24 07:06:12"
"1157365933","2025-09-24 07:58:01","3190273921","NMRUSDT","MARKET","BUY","BOTH","0E-8","15.95474450","309.20000000","309.20000000","4933.20700000","15.95100000","FILLED","ios_MDFqPL7nYawqsRrTmm3f","GTE_GTC","0E-8","0E-8","Contract Price","true","2025-09-24 08:00:00"
"1157365933","2025-09-24 08:32:29","4120940786","WUSDT","LIMIT","BUY","BOTH","0.10487000","0.10487000","217681.50000000","217681.50000000","22828.25890500","0E-8","FILLED","ios_usdt_6ylon9aNaZ2k3zvk4VgB","GTC","0E-8","0E-8","Contract Price","false","2025-09-24 08:32:38"
"1157365933","2025-09-24 08:33:14","4120949218","WUSDT","STOP_MARKET","SELL","BOTH","0E-8",,"0E-8","0E-8","0E-8","0.10695000","CANCELED","ios_sQ76ZfCljIXT17hW65EZ","GTE_GTC","0E-8","0E-8","Contract Price","true","2025-09-24 08:35:56"
"1157365933","2025-09-24 08:33:14","4120949223","WUSDT","STOP_MARKET","SELL","BOTH","0E-8",,"0E-8","0E-8","0E-8","0.10361000","CANCELED","ios_3atE7T9suybe14pTHpUa","GTE_GTC","0E-8","0E-8","Contract Price","true","2025-09-24 08:39:33"
"1157365933","2025-09-24 08:35:57","4120965891","WUSDT","STOP_MARKET","SELL","BOTH","0E-8",,"0E-8","0E-8","0E-8","0.10906000","CANCELED","ios_2ixwKBTeQk7mdx54Qz2h","GTE_GTC","0E-8","0E-8","Contract Price","true","2025-09-24 08:56:10"
"1157365933","2025-09-24 08:39:33","4120988401","WUSDT","STOP_MARKET","SELL","BOTH","0E-8",,"0E-8","0E-8","0E-8","0.10382000","CANCELED","ios_SFIrJV6zEqkh8vfh9dF0","GTE_GTC","0E-8","0E-8","Contract Price","true","2025-09-24 08:55:47"
"1157365933","2025-09-24 08:55:47","4121071401","WUSDT","STOP_MARKET","SELL","BOTH","0E-8",,"0E-8","0E-8","0E-8","0.10361000","CANCELED","ios_wUauidRbB7LwlJagDNdd","GTE_GTC","0E-8","0E-8","Contract Price","true","2025-09-24 09:32:39"
"1157365933","2025-09-24 08:56:10","4121072415","WUSDT","STOP_MARKET","SELL","BOTH","0E-8",,"0E-8","0E-8","0E-8","0.10670000","CANCELED","ios_tm4QXiVMltRbuk94wsJq","GTE_GTC","0E-8","0E-8","Contract Price","true","2025-09-24 09:28:45"
"1157365933","2025-09-24 09:28:45","4121216681","WUSDT","MARKET","SELL","BOTH","0E-8","0.10630820","217681.50000000","217681.50000000","23141.32805700","0.10640000","FILLED","ios_DGtYlAEzow0ct5mmlUhM","GTE_GTC","0E-8","0E-8","Contract Price","true","2025-09-24 09:33:07"
"1157365933","2025-09-24 09:32:40","4121277384","WUSDT","STOP_MARKET","SELL","BOTH","0E-8",,"0E-8","0E-8","0E-8","0.10487000","EXPIRED","ios_COi1EOfWqRpWIBDyBpN1","GTE_GTC","0E-8","0E-8","Contract Price","true","2025-09-24 09:33:07"
"1157365933","2025-09-24 10:54:47","787205754","MUSDT","LIMIT","SELL","BOTH","2.44030000","2.44030000","10244.00000000","10244.00000000","24998.43320000","0E-8","FILLED","ios_usdt_nsLs4yhdpNEVMSYHahWu","GTC","0E-8","0E-8","Contract Price","false","2025-09-24 10:57:32"
"1157365933","2025-09-24 10:58:35","787216224","MUSDT","MARKET","BUY","BOTH","0E-8","2.45713381","10244.00000000","10244.00000000","25170.87880000","2.45490000","FILLED","ios_Ggor1W0Ght1szwwGiA54","GTE_GTC","0E-8","0E-8","Contract Price","true","2025-09-24 11:01:27"
"1157365933","2025-09-24 10:58:35","787216223","MUSDT","STOP_MARKET","BUY","BOTH","0E-8",,"0E-8","0E-8","0E-8","2.41600000","EXPIRED","ios_SCRLvfMYSRos1zTH2LT7","GTE_GTC","0E-8","0E-8","Contract Price","true","2025-09-24 11:01:27"
"1157365933","2025-09-24 11:02:26","787236418","MUSDT","LIMIT","SELL","BOTH","2.44280000","2.44280100","10204.00000000","1694.00000000","4138.10490000","0E-8","CANCELED","ios_usdt_JJUNoERZqMjXJiTmAdMl","GTC","0E-8","0E-8","Contract Price","false","2025-09-24 11:04:43"
"1157365933","2025-09-24 11:02:55","787239001","MUSDT","STOP_MARKET","BUY","BOTH","0E-8",,"0E-8","0E-8","0E-8","2.40620000","CANCELED","ios_eqDUroVXDe91hgWsGGBH","GTE_GTC","0E-8","0E-8","Contract Price","true","2025-09-24 11:04:35"
"1157365933","2025-09-24 11:02:55","787238997","MUSDT","STOP_MARKET","BUY","BOTH","0E-8",,"0E-8","0E-8","0E-8","2.45750000","CANCELED","ios_36KV5KQu9LvNscqvnoGt","GTE_GTC","0E-8","0E-8","Contract Price","true","2025-09-24 11:04:33"
"1157365933","2025-09-24 11:05:31","787251194","MUSDT","STOP_MARKET","BUY","BOTH","0E-8",,"0E-8","0E-8","0E-8","2.43180000","EXPIRED","ios_LHBJd0rumoPpmPwiveZf","GTE_GTC","0E-8","0E-8","Contract Price","true","2025-09-24 11:08:45"
"1157365933","2025-09-24 11:05:31","787251190","MUSDT","MARKET","BUY","BOTH","0E-8","2.44977007","1694.00000000","1694.00000000","4149.91050000","2.44890000","FILLED","ios_w7gVqIlVU3DJZ7VTiOKU","GTE_GTC","0E-8","0E-8","Contract Price","true","2025-09-24 11:08:45"
"1157365933","2025-09-24 11:23:45","4122009823","WUSDT","LIMIT","BUY","BOTH","0.10606000","0.10605995","439063.10000000","439063.10000000","46567.01191400","0E-8","FILLED","ios_usdt_PZfygoou15qsFfURlUbi","GTC","0E-8","0E-8","Contract Price","false","2025-09-24 11:25:52"
"1157365933","2025-09-24 11:26:33","4122023363","WUSDT","STOP_MARKET","SELL","BOTH","0E-8",,"0E-8","0E-8","0E-8","0.10489000","CANCELED","ios_uMtwYaZzwBNEmDPBsyWA","GTE_GTC","0E-8","0E-8","Contract Price","true","2025-09-24 12:02:35"
"1157365933","2025-09-24 11:26:33","4122023364","WUSDT","STOP_MARKET","SELL","BOTH","0E-8",,"0E-8","0E-8","0E-8","0.10807000","CANCELED","ios_bi301WNmQXUPK6aciJQ2","GTE_GTC","0E-8","0E-8","Contract Price","true","2025-09-24 11:28:00"
"1157365933","2025-09-24 11:28:00","4122029403","WUSDT","STOP_MARKET","SELL","BOTH","0E-8",,"0E-8","0E-8","0E-8","0.10871000","CANCELED","ios_Z7RRvQ3aZdcxJ2LyyScK","GTE_GTC","0E-8","0E-8","Contract Price","true","2025-09-24 11:30:01"
"1157365933","2025-09-24 11:30:02","4122041340","WUSDT","STOP_MARKET","SELL","BOTH","0E-8",,"0E-8","0E-8","0E-8","0.10924000","CANCELED","ios_7JCCxQUoM6bsNOp85PHM","GTE_GTC","0E-8","0E-8","Contract Price","true","2025-09-24 12:04:58"
"1157365933","2025-09-24 12:02:35","4122290417","WUSDT","STOP_MARKET","SELL","BOTH","0E-8",,"0E-8","0E-8","0E-8","0.10527000","CANCELED","ios_cQTC1DznDz4ZOjrHBFcj","GTE_GTC","0E-8","0E-8","Contract Price","true","2025-09-24 12:47:56"
"1157365933","2025-09-24 12:04:58","4122307320","WUSDT","STOP_MARKET","SELL","BOTH","0E-8",,"0E-8","0E-8","0E-8","0.10977000","CANCELED","ios_igtkldTkco9awN7kqfOw","GTE_GTC","0E-8","0E-8","Contract Price","true","2025-09-24 12:07:44"
"1157365933","2025-09-24 12:07:44","4122332737","WUSDT","STOP_MARKET","SELL","BOTH","0E-8",,"0E-8","0E-8","0E-8","0.11000000","CANCELED","ios_LgGkHdwf8kNTmUSPViPD","GTE_GTC","0E-8","0E-8","Contract Price","true","2025-09-24 13:02:51"
"1157365933","2025-09-24 12:47:57","4122625528","WUSDT","STOP_MARKET","SELL","BOTH","0E-8",,"0E-8","0E-8","0E-8","0.10605000","EXPIRED","ios_LuZpzaaSzlMunScZLEqi","GTE_GTC","0E-8","0E-8","Contract Price","true","2025-09-24 13:08:23"
"1157365933","2025-09-24 13:02:51","4122731564","WUSDT","MARKET","SELL","BOTH","0E-8","0.10858100","439063.10000000","439063.10000000","47673.90927800","0.10870000","FILLED","ios_lF6RQLjS4vcMTuoQKumF","GTE_GTC","0E-8","0E-8","Contract Price","true","2025-09-24 13:08:23"
"1157365933","2025-09-24 23:56:08","8389765964882819648","ETHUSDT","LIMIT","SELL","BOTH","4147.84000000","4149.17000000","5.14200000","5.14200000","21335.03214000","0E-8","FILLED","web_usdt_4divfs3yj0suomu1u57nlew","GTC","0E-8","0E-8","Contract Price","false","2025-09-24 23:56:08"
"1157365933","2025-09-24 23:56:48","8389765964883162772","ETHUSDT","STOP_MARKET","BUY","BOTH","0E-8",,"0E-8","0E-8","0E-8","4176.83000000","CANCELED","web_1TdI98PVaxz8m75j5pyx","GTE_GTC","0E-8","0E-8","Contract Price","true","2025-09-24 23:59:46"
"1157365933","2025-09-24 23:56:48","8389765964883162753","ETHUSDT","STOP_MARKET","BUY","BOTH","0E-8",,"0E-8","0E-8","0E-8","4093.84000000","CANCELED","web_oMgTe3ZCVf8PnWDvfinG","GTE_GTC","0E-8","0E-8","Contract Price","true","2025-09-24 23:59:09"
"1157365933","2025-09-24 23:59:09","8389765964884271710","ETHUSDT","STOP_MARKET","BUY","BOTH","0E-8",,"0E-8","0E-8","0E-8","4121.78000000","CANCELED","web_K6JIGNYr5mBlmvrqss5q","GTE_GTC","0E-8","0E-8","Contract Price","true","2025-09-25 00:12:46"
"1157365933","2025-09-24 23:59:46","8389765964884447615","ETHUSDT","STOP_MARKET","BUY","BOTH","0E-8",,"0E-8","0E-8","0E-8","4158.00000000","CANCELED","web_kNTfMEj04lEh7ZwgNj9I","GTE_GTC","0E-8","0E-8","Contract Price","true","2025-09-25 00:03:28"
"1157365933","2025-09-25 00:03:28","8389765964886362190","ETHUSDT","STOP_MARKET","BUY","BOTH","0E-8",,"0E-8","0E-8","0E-8","4162.00000000","CANCELED","web_Vkv1VbfFH9JZK1xzkKCu","GTE_GTC","0E-8","0E-8","Contract Price","true","2025-09-25 00:05:17"
"1157365933","2025-09-25 00:05:17","8389765964887246057","ETHUSDT","STOP_MARKET","BUY","BOTH","0E-8",,"0E-8","0E-8","0E-8","4168.00000000","CANCELED","web_7h5vIGmF4W26WV15wc3d","GTE_GTC","0E-8","0E-8","Contract Price","true","2025-09-25 00:32:30"
"1157365933","2025-09-25 00:12:46","8389765964891399218","ETHUSDT","STOP_MARKET","BUY","BOTH","0E-8",,"0E-8","0E-8","0E-8","4115.97000000","CANCELED","web_OjjNEMbHIPjxQBkrD54S","GTE_GTC","0E-8","0E-8","Contract Price","true","2025-09-25 00:20:14"
"1157365933","2025-09-25 00:20:14","8389765964895923563","ETHUSDT","STOP_MARKET","BUY","BOTH","0E-8",,"0E-8","0E-8","0E-8","4107.67000000","CANCELED","web_VkxmbuVhXqLrIkNmrYXp","GTE_GTC","0E-8","0E-8","Contract Price","true","2025-09-25 00:25:09"
"1157365933","2025-09-25 00:25:10","8389765964899424119","ETHUSDT","STOP_MARKET","BUY","BOTH","0E-8",,"0E-8","0E-8","0E-8","4093.84000000","CANCELED","web_T8B7TNI9ENvgKoxI1Q3a","GTE_GTC","0E-8","0E-8","Contract Price","true","2025-09-25 00:27:33"
"1157365933","2025-09-25 00:27:33","8389765964900997258","ETHUSDT","STOP_MARKET","BUY","BOTH","0E-8",,"0E-8","0E-8","0E-8","4121.50000000","CANCELED","web_KI3BAgmI7qVrKZAw5Y9Z","GTE_GTC","0E-8","0E-8","Contract Price","true","2025-09-25 00:27:53"
"1157365933","2025-09-25 00:27:54","8389765964901150361","ETHUSDT","STOP_MARKET","BUY","BOTH","0E-8",,"0E-8","0E-8","0E-8","4124.55000000","CANCELED","web_XCgF6Zgzl0RSuIRVYJyx","GTE_GTC","0E-8","0E-8","Contract Price","true","2025-09-25 00:31:56"
"1157365933","2025-09-25 00:31:56","8389765964903548717","ETHUSDT","STOP_MARKET","BUY","BOTH","0E-8",,"0E-8","0E-8","0E-8","4066.18000000","CANCELED","web_Slp6Exu2AqQUdbGKXWdn","GTE_GTC","0E-8","0E-8","Contract Price","true","2025-09-25 00:37:46"
"1157365933","2025-09-25 00:32:30","8389765964904041936","ETHUSDT","STOP_MARKET","BUY","BOTH","0E-8",,"0E-8","0E-8","0E-8","4174.06000000","CANCELED","web_GOQ3eOnW9qoEOlQtuNWn","GTE_GTC","0E-8","0E-8","Contract Price","true","2025-09-25 00:55:27"
"1157365933","2025-09-25 00:37:46","8389765964907219147","ETHUSDT","STOP_MARKET","BUY","BOTH","0E-8",,"0E-8","0E-8","0E-8","4093.84000000","CANCELED","web_lypH3VgISbFvacKCbkCY","GTE_GTC","0E-8","0E-8","Contract Price","true","2025-09-25 00:57:28"
"1157365933","2025-09-25 00:55:28","8389765964918069061","ETHUSDT","STOP_MARKET","BUY","BOTH","0E-8",,"0E-8","0E-8","0E-8","4149.17000000","CANCELED","web_vT4PXqMCUKrJnttN8lJ3","GTE_GTC","0E-8","0E-8","Contract Price","true","2025-09-25 00:55:46"
"1157365933","2025-09-25 00:55:46","8389765964918233012","ETHUSDT","STOP_MARKET","BUY","BOTH","0E-8",,"0E-8","0E-8","0E-8","4174.06000000","EXPIRED","web_0jZ3VGVHDobBzkA2F13q","GTE_GTC","0E-8","0E-8","Contract Price","true","2025-09-25 01:07:24"
"1157365933","2025-09-25 00:57:28","8389765964919069397","ETHUSDT","STOP_MARKET","BUY","BOTH","0E-8",,"0E-8","0E-8","0E-8","4080.01000000","CANCELED","web_BS6FX4jKxd34Z724m1U3","GTE_GTC","0E-8","0E-8","Contract Price","true","2025-09-25 01:06:48"
"1157365933","2025-09-25 01:06:49","8389765964924599105","ETHUSDT","MARKET","BUY","BOTH","0E-8","4121.56000000","5.14200000","5.14200000","21193.06152000","4121.78000000","FILLED","web_HI6nkF76egD4uqcoXPpP","GTE_GTC","0E-8","0E-8","Contract Price","true","2025-09-25 01:07:24"
"1157365933","2025-09-25 10:03:22","1305682141","ETHBTC","LIMIT","BUY","BOTH","0.03603300",,"0.06000000","0E-8","0E-8","0E-8","CANCELED","web_usdt_imy2qredzj3lbsp161q9yko","GTC","0E-8","0E-8","Contract Price","false","2025-09-25 10:04:51"
"1157365933","2025-09-25 12:52:28","1485268074","PUMPUSDT","LIMIT","BUY","BOTH","0.00530200","0.00529459","5276944.00000000","5276944.00000000","27939.23818900","0E-8","FILLED","web_usdt_q1cz60h4lq2565oa6sbur17","GTC","0E-8","0E-8","Contract Price","false","2025-09-25 12:52:28"
"1157365933","2025-09-25 12:53:01","1485293046","PUMPUSDT","STOP_MARKET","SELL","BOTH","0E-8",,"0E-8","0E-8","0E-8","0.00526800","CANCELED","web_u6OdLkMMcSZtJdLNWPWB","GTE_GTC","0E-8","0E-8","markPrice","true","2025-09-25 12:55:36"
"1157365933","2025-09-25 12:53:01","1485293016","PUMPUSDT","STOP_MARKET","SELL","BOTH","0E-8",,"0E-8","0E-8","0E-8","0.00534700","CANCELED","web_llCIp0zqhmqyKolmMDdM","GTE_GTC","0E-8","0E-8","markPrice","true","2025-09-25 12:53:20"
"1157365933","2025-09-25 12:53:20","1485304549","PUMPUSDT","STOP_MARKET","SELL","BOTH","0E-8",,"0E-8","0E-8","0E-8","0.00542600","CANCELED","web_H2n7ipbyE4ZKJC0Znjtw","GTE_GTC","0E-8","0E-8","markPrice","true","2025-09-25 12:54:30"
"1157365933","2025-09-25 12:54:30","1485343519","PUMPUSDT","STOP_MARKET","SELL","BOTH","0E-8",,"0E-8","0E-8","0E-8","0.00535000","CANCELED","web_VNfSygWyvi4r97enNW3C","GTE_GTC","0E-8","0E-8","markPrice","true","2025-09-25 13:01:14"
"1157365933","2025-09-25 12:55:36","1485368027","PUMPUSDT","STOP_MARKET","SELL","BOTH","0E-8",,"0E-8","0E-8","0E-8","0.00525500","CANCELED","web_Wbpd73ldFsXayoi2bZi1","GTE_GTC","0E-8","0E-8","markPrice","true","2025-09-25 12:56:08"
"1157365933","2025-09-25 12:56:09","1485383308","PUMPUSDT","STOP_MARKET","SELL","BOTH","0E-8",,"0E-8","0E-8","0E-8","0.00525400","CANCELED","web_APZN9kZ3cncD2L1wfFmF","GTE_GTC","0E-8","0E-8","markPrice","true","2025-09-25 12:58:29"
"1157365933","2025-09-25 12:58:29","1485437220","PUMPUSDT","STOP_MARKET","SELL","BOTH","0E-8",,"0E-8","0E-8","0E-8","0.00524000","CANCELED","web_LTeNHd5mSIaXPSoO0g7k","GTE_GTC","0E-8","0E-8","markPrice","true","2025-09-25 13:01:45"
"1157365933","2025-09-25 13:01:14","1485505361","PUMPUSDT","STOP_MARKET","SELL","BOTH","0E-8",,"0E-8","0E-8","0E-8","0.00540000","CANCELED","web_gFdpuveKlzHSSRYRWvoQ","GTE_GTC","0E-8","0E-8","markPrice","true","2025-09-25 13:16:49"
"1157365933","2025-09-25 13:01:45","1485517293","PUMPUSDT","STOP_MARKET","SELL","BOTH","0E-8",,"0E-8","0E-8","0E-8","0.00522600","CANCELED","web_aLI6JPDlZSkgDUElxKj1","GTE_GTC","0E-8","0E-8","markPrice","true","2025-09-25 13:04:11"
"1157365933","2025-09-25 13:04:11","1485571291","PUMPUSDT","STOP_MARKET","SELL","BOTH","0E-8",,"0E-8","0E-8","0E-8","0.00521500","CANCELED","web_W6O3mh9wqeQMlAT15kR4","GTE_GTC","0E-8","0E-8","markPrice","true","2025-09-25 13:04:42"
"1157365933","2025-09-25 13:04:42","1485583643","PUMPUSDT","STOP_MARKET","SELL","BOTH","0E-8",,"0E-8","0E-8","0E-8","0.00520100","EXPIRED","web_kKs3vRyywSLXV5KHKc3r","GTE_GTC","0E-8","0E-8","markPrice","true","2025-09-25 14:09:23"
"1157365933","2025-09-25 13:16:49","1485921790","PUMPUSDT","STOP_MARKET","SELL","BOTH","0E-8",,"0E-8","0E-8","0E-8","0.00542600","CANCELED","web_tblsWi3W28qxrjDesdm3","GTE_GTC","0E-8","0E-8","markPrice","true","2025-09-25 13:18:16"
"1157365933","2025-09-25 13:18:16","1485967532","PUMPUSDT","STOP_MARKET","SELL","BOTH","0E-8",,"0E-8","0E-8","0E-8","0.00540000","CANCELED","web_2YkaktZHTWF8aTu0XJZA","GTE_GTC","0E-8","0E-8","markPrice","true","2025-09-25 13:19:12"
"1157365933","2025-09-25 13:19:12","1485993324","PUMPUSDT","STOP_MARKET","SELL","BOTH","0E-8",,"0E-8","0E-8","0E-8","0.00582400","CANCELED","web_xH26OIVeGgy1e0olQ756","GTE_GTC","0E-8","0E-8","markPrice","true","2025-09-25 13:20:19"
"1157365933","2025-09-25 13:20:19","1486027050","PUMPUSDT","STOP_MARKET","SELL","BOTH","0E-8",,"0E-8","0E-8","0E-8","0.00539700","CANCELED","web_PP8Rv3HlCPXKPx2GQhsR","GTE_GTC","0E-8","0E-8","markPrice","true","2025-09-25 13:22:03"
"1157365933","2025-09-25 13:22:03","1486078372","PUMPUSDT","STOP_MARKET","SELL","BOTH","0E-8",,"0E-8","0E-8","0E-8","0.00538700","CANCELED","web_5aPPv93dKzBsgXJCygcD","GTE_GTC","0E-8","0E-8","markPrice","true","2025-09-25 13:22:34"
"1157365933","2025-09-25 13:22:34","1486093814","PUMPUSDT","STOP_MARKET","SELL","BOTH","0E-8",,"0E-8","0E-8","0E-8","0.00539700","CANCELED","web_vpCrNpSvi0gAqTNmoszH","GTE_GTC","0E-8","0E-8","markPrice","true","2025-09-25 13:45:49"
"1157365933","2025-09-25 13:45:49","1486692611","PUMPUSDT","STOP_MARKET","SELL","BOTH","0E-8",,"0E-8","0E-8","0E-8","0.00534100","CANCELED","web_Cxyh9PJa9A3S5QqZYhuP","GTE_GTC","0E-8","0E-8","markPrice","true","2025-09-25 13:58:34"
"1157365933","2025-09-25 13:58:34","1487076365","PUMPUSDT","STOP_MARKET","SELL","BOTH","0E-8",,"0E-8","0E-8","0E-8","0.00533200","CANCELED","web_CVmi7xVeS5UEUtmcenqf","GTE_GTC","0E-8","0E-8","markPrice","true","2025-09-25 14:00:14"
"1157365933","2025-09-25 14:00:14","1487128404","PUMPUSDT","STOP_MARKET","SELL","BOTH","0E-8",,"0E-8","0E-8","0E-8","0.00537100","CANCELED","web_j0v9eFYRvtYR1vsfxMxP","GTE_GTC","0E-8","0E-8","markPrice","true","2025-09-25 14:01:04"
"1157365933","2025-09-25 14:01:05","1487150727","PUMPUSDT","STOP_MARKET","SELL","BOTH","0E-8",,"0E-8","0E-8","0E-8","0.00534400","CANCELED","web_OKiuct0FosnNDEO5C055","GTE_GTC","0E-8","0E-8","markPrice","true","2025-09-25 14:01:33"
"1157365933","2025-09-25 14:01:34","1487165603","PUMPUSDT","STOP_MARKET","SELL","BOTH","0E-8",,"0E-8","0E-8","0E-8","0.00540000","CANCELED","web_RUgMosSJuvtQ4MheVWW0","GTE_GTC","0E-8","0E-8","markPrice","true","2025-09-25 14:02:15"
"1157365933","2025-09-25 14:02:16","1487179875","PUMPUSDT","STOP_MARKET","SELL","BOTH","0E-8",,"0E-8","0E-8","0E-8","0.00533600","CANCELED","web_cbT8EGeBUEdo1UArhxBg","GTE_GTC","0E-8","0E-8","markPrice","true","2025-09-25 14:04:13"
"1157365933","2025-09-25 14:04:13","1487234138","PUMPUSDT","MARKET","SELL","BOTH","0E-8","0.00533154","5276944.00000000","5276944.00000000","28134.25889800","0.00533400","FILLED","web_phLuxtpe4g5NHAYKdaMR","GTE_GTC","0E-8","0E-8","markPrice","true","2025-09-25 14:09:23"
"1157365933","2025-09-26 00:24:05","797964231","MUSDT","LIMIT","SELL","BOTH","2.23970000","2.24430261","5669.00000000","5669.00000000","12722.95150000","0E-8","FILLED","web_usdt_pdw0p8ysfjqw34aq17vybbr","GTC","0E-8","0E-8","Contract Price","false","2025-09-26 00:24:05"
"1157365933","2025-09-26 00:24:54","797967887","MUSDT","STOP_MARKET","BUY","BOTH","0E-8",,"0E-8","0E-8","0E-8","2.25550000","CANCELED","web_tuNPrS7kybGZ1gVkkMn4","GTE_GTC","0E-8","0E-8","Contract Price","true","2025-09-26 00:25:13"
"1157365933","2025-09-26 00:24:54","797967886","MUSDT","STOP_MARKET","BUY","BOTH","0E-8",,"0E-8","0E-8","0E-8","2.23310000","CANCELED","web_JxbLBQfku064c0dfOGnO","GTE_GTC","0E-8","0E-8","Contract Price","true","2025-09-26 00:25:25"
"1157365933","2025-09-26 00:25:13","797969007","MUSDT","STOP_MARKET","BUY","BOTH","0E-8",,"0E-8","0E-8","0E-8","2.27000000","CANCELED","web_ktqE0rHjdikxVi2ABtqb","GTE_GTC","0E-8","0E-8","Contract Price","true","2025-09-26 00:40:48"
"1157365933","2025-09-26 00:25:25","797969620","MUSDT","STOP_MARKET","BUY","BOTH","0E-8",,"0E-8","0E-8","0E-8","2.21060000","CANCELED","web_dDS6MQLzGGmbEUwQn0CO","GTE_GTC","0E-8","0E-8","Contract Price","true","2025-09-26 00:27:54"
"1157365933","2025-09-26 00:27:54","797977451","MUSDT","STOP_MARKET","BUY","BOTH","0E-8",,"0E-8","0E-8","0E-8","2.22110000","CANCELED","web_sRU4uRlHQY1EUCM7U19N","GTE_GTC","0E-8","0E-8","Contract Price","true","2025-09-26 00:31:33"
"1157365933","2025-09-26 00:31:33","797988535","MUSDT","STOP_MARKET","BUY","BOTH","0E-8",,"0E-8","0E-8","0E-8","2.20050000","CANCELED","web_GcFE0BO1aFY9YWwtl7An","GTE_GTC","0E-8","0E-8","Contract Price","true","2025-09-26 00:32:50"
"1157365933","2025-09-26 00:32:50","797995443","MUSDT","STOP_MARKET","BUY","BOTH","0E-8",,"0E-8","0E-8","0E-8","2.17690000","CANCELED","web_Jmo2kBr0fIUqYCJhhoQe","GTE_GTC","0E-8","0E-8","Contract Price","true","2025-09-26 00:33:27"
"1157365933","2025-09-26 00:33:27","797998421","MUSDT","STOP_MARKET","BUY","BOTH","0E-8",,"0E-8","0E-8","0E-8","2.21950000","CANCELED","web_eYotzrw3NlzX3wNKWSZu","GTE_GTC","0E-8","0E-8","Contract Price","true","2025-09-26 00:33:37"
"1157365933","2025-09-26 00:33:37","797999631","MUSDT","STOP_MARKET","BUY","BOTH","0E-8",,"0E-8","0E-8","0E-8","2.17690000","CANCELED","web_n11oq5OjPCuY7UVVP7qi","GTE_GTC","0E-8","0E-8","Contract Price","true","2025-09-26 00:33:47"
"1157365933","2025-09-26 00:33:47","797999952","MUSDT","STOP_MARKET","BUY","BOTH","0E-8",,"0E-8","0E-8","0E-8","2.14330000","CANCELED","web_mJriLqYeWh6uDkUBkgxY","GTE_GTC","0E-8","0E-8","Contract Price","true","2025-09-26 00:44:31"
"1157365933","2025-09-26 00:40:48","798052118","MUSDT","MARKET","BUY","BOTH","0E-8","2.28229589","5669.00000000","5669.00000000","12938.33540000","2.28110000","FILLED","web_4W2jPb2ijC421uiPiUgQ","GTE_GTC","0E-8","0E-8","Contract Price","true","2025-09-26 01:03:17"
"1157365933","2025-09-26 00:44:31","798068101","MUSDT","STOP_MARKET","BUY","BOTH","0E-8",,"0E-8","0E-8","0E-8","2.22290000","CANCELED","web_YFPD2UAZnH10Jrk1sjsM","GTE_GTC","0E-8","0E-8","Contract Price","true","2025-09-26 00:44:57"
"1157365933","2025-09-26 00:44:57","798069044","MUSDT","STOP_MARKET","BUY","BOTH","0E-8",,"0E-8","0E-8","0E-8","2.21790000","EXPIRED","web_JKtIofeeweD43K5RM2bK","GTE_GTC","0E-8","0E-8","Contract Price","true","2025-09-26 01:03:17"
"1157365933","2025-09-26 01:05:01","798185025","MUSDT","LIMIT","BUY","BOTH","2.23970000",,"11050.00000000","0E-8","0E-8","0E-8","CANCELED","web_usdt_wccr96rmw8r9dws8gthu91y","GTC","0E-8","0E-8","Contract Price","false","2025-09-26 01:06:04"
"1157365933","2025-09-26 01:06:14","798192786","MUSDT","LIMIT","BUY","BOTH","2.23970000",,"11162.00000000","0E-8","0E-8","0E-8","CANCELED","web_usdt_56hcg4n5g8c7zd0tv370vig","GTC","0E-8","0E-8","Contract Price","false","2025-09-26 01:06:25"
"1157365933","2025-09-26 01:06:46","798194467","MUSDT","LIMIT","BUY","BOTH","2.26440000","2.26439972","11040.00000000","11040.00000000","24998.97290000","0E-8","FILLED","web_usdt_ibalaovbmp6os9azml86dvf","GTC","0E-8","0E-8","Contract Price","false","2025-09-26 01:06:46"
"1157365933","2025-09-26 01:07:21","798199593","MUSDT","STOP_MARKET","SELL","BOTH","0E-8",,"0E-8","0E-8","0E-8","2.24740000","CANCELED","web_19DsTOE1lRLy9cn38NIT","GTE_GTC","0E-8","0E-8","Contract Price","true","2025-09-26 01:15:04"
"1157365933","2025-09-26 01:07:21","798199591","MUSDT","STOP_MARKET","SELL","BOTH","0E-8",,"0E-8","0E-8","0E-8","2.30960000","EXPIRED","web_F1wNqyOJvaLtnFOO5ScQ","GTE_GTC","0E-8","0E-8","Contract Price","true","2025-09-26 01:16:10"
"1157365933","2025-09-26 01:15:04","798229871","MUSDT","MARKET","SELL","BOTH","0E-8","2.24251916","11040.00000000","11040.00000000","24757.41150000","2.24510000","FILLED","web_QFbhTZj7Tq4lku3HCmx8","GTE_GTC","0E-8","0E-8","Contract Price","true","2025-09-26 01:16:10"
"1157365933","2025-09-26 05:51:21","76069013470","BNBUSDT","MARKET","BUY","BOTH","0E-8","938.16163369","57.11000000","57.11000000","53578.41090000","0E-8","FILLED","ios_usdt_2W7SB2u5hzfuwNETz5Kl","GTC","0E-8","0E-8","Contract Price","false","2025-09-26 05:51:21"
"1157365933","2025-09-26 05:51:53","76069041829","BNBUSDT","STOP_MARKET","SELL","BOTH","0E-8",,"0E-8","0E-8","0E-8","932.53000000","EXPIRED","ios_pCD4WYgcxQQEjuP0F8YZ","GTE_GTC","0E-8","0E-8","Contract Price","true","2025-09-26 06:17:16"
"1157365933","2025-09-26 05:51:53","76069041830","BNBUSDT","STOP_MARKET","SELL","BOTH","0E-8",,"0E-8","0E-8","0E-8","945.19000000","CANCELED","ios_3fG4WNxTvrGmSuUSms1Y","GTE_GTC","0E-8","0E-8","Contract Price","true","2025-09-26 05:56:00"
"1157365933","2025-09-26 05:56:00","76069275028","BNBUSDT","STOP_MARKET","SELL","BOTH","0E-8",,"0E-8","0E-8","0E-8","942.80000000","CANCELED","ios_Fv8huFj7CWPBBX7v8iRQ","GTE_GTC","0E-8","0E-8","Contract Price","true","2025-09-26 05:56:42"
"1157365933","2025-09-26 05:56:42","76069319076","BNBUSDT","STOP_MARKET","SELL","BOTH","0E-8",,"0E-8","0E-8","0E-8","945.19000000","CANCELED","ios_KtXI9APBHhtK9s1USqpL","GTE_GTC","0E-8","0E-8","Contract Price","true","2025-09-26 05:57:51"
"1157365933","2025-09-26 05:57:52","76069382791","BNBUSDT","STOP_MARKET","SELL","BOTH","0E-8",,"0E-8","0E-8","0E-8","942.80000000","CANCELED","ios_5cwFrIgFeyGR294IgGV9","GTE_GTC","0E-8","0E-8","Contract Price","true","2025-09-26 06:07:11"
"1157365933","2025-09-26 06:07:11","76069956640","BNBUSDT","MARKET","SELL","BOTH","0E-8","943.75359832","57.11000000","57.11000000","53897.76800000","943.79000000","FILLED","ios_l4Wgs3QTxxBwdS83Gml4","GTE_GTC","0E-8","0E-8","Contract Price","true","2025-09-26 06:17:16"
"1157365933","2025-09-26 09:23:04","12992625683","XMRUSDT","MARKET","SELL","BOTH","0E-8","294.70405660","169.20800000","169.20800000","49866.28401000","0E-8","FILLED","ios_usdt_m5M19JtUtq310z5puRM6","GTC","0E-8","0E-8","Contract Price","false","2025-09-26 09:23:04"
"1157365933","2025-09-26 09:23:22","12992627566","XMRUSDT","STOP_MARKET","BUY","BOTH","0E-8",,"0E-8","0E-8","0E-8","288.80000000","CANCELED","ios_hqB7Hxq8u7eBdBwFjs8O","GTE_GTC","0E-8","0E-8","Contract Price","true","2025-09-26 09:25:12"
"1157365933","2025-09-26 09:23:22","12992627565","XMRUSDT","STOP_MARKET","BUY","BOTH","0E-8",,"0E-8","0E-8","0E-8","296.47000000","EXPIRED","ios_xZWUTpeV8jnKiWr7WalW","GTE_GTC","0E-8","0E-8","Contract Price","true","2025-09-26 10:04:39"
"1157365933","2025-09-26 09:25:12","12992633456","XMRUSDT","STOP_MARKET","BUY","BOTH","0E-8",,"0E-8","0E-8","0E-8","291.90000000","CANCELED","ios_AThPq9nsuKRXOKtA3NhJ","GTE_GTC","0E-8","0E-8","Contract Price","true","2025-09-26 09:28:29"
"1157365933","2025-09-26 09:28:29","12992646287","XMRUSDT","STOP_MARKET","BUY","BOTH","0E-8",,"0E-8","0E-8","0E-8","293.24000000","CANCELED","ios_oXYe49FpBi0uItsOEBoS","GTE_GTC","0E-8","0E-8","Contract Price","true","2025-09-26 09:34:23"
"1157365933","2025-09-26 09:34:23","12992664972","XMRUSDT","STOP_MARKET","BUY","BOTH","0E-8",,"0E-8","0E-8","0E-8","293.23000000","CANCELED","ios_6MK6dYbjs9epaJ4bOWoT","GTE_GTC","0E-8","0E-8","Contract Price","true","2025-09-26 09:40:46"
"1157365933","2025-09-26 09:40:46","12992681859","XMRUSDT","STOP_MARKET","BUY","BOTH","0E-8",,"0E-8","0E-8","0E-8","291.90000000","CANCELED","ios_WqMcYLxJyeLEvmrpiQx1","GTE_GTC","0E-8","0E-8","Contract Price","true","2025-09-26 09:52:54"
"1157365933","2025-09-26 09:52:54","12992715958","XMRUSDT","STOP_MARKET","BUY","BOTH","0E-8",,"0E-8","0E-8","0E-8","293.24000000","CANCELED","ios_t56aFYwvtPtiKQ65kEbp","GTE_GTC","0E-8","0E-8","Contract Price","true","2025-09-26 09:53:24"
"1157365933","2025-09-26 09:53:24","12992717317","XMRUSDT","MARKET","BUY","BOTH","0E-8","293.39143581","169.20800000","169.20800000","49644.17807000","292.93000000","FILLED","ios_ux35R6TBYajtZMAeSlRD","GTE_GTC","0E-8","0E-8","Contract Price","true","2025-09-26 10:04:39"
"1157365933","2025-09-26 15:15:41","434320614","STBLUSDT","LIMIT","BUY","BOTH","0.40094000","0.40094000","6110.00000000","6110.00000000","2449.74340000","0E-8","FILLED","web_usdt_tms6rzmemwxxuukdugwquy2","GTC","0E-8","0E-8","Contract Price","false","2025-09-26 15:16:04"
"1157365933","2025-09-26 15:17:09","434362282","STBLUSDT","MARKET","SELL","BOTH","0E-8","0.39604310","6110.00000000","6110.00000000","2419.82337000","0.39693000","FILLED","web_T08StLBkk3TIzf5w0Tq9","GTE_GTC","0E-8","0E-8","markPrice","true","2025-09-26 15:24:06"
"1157365933","2025-09-26 15:17:09","434362281","STBLUSDT","STOP_MARKET","SELL","BOTH","0E-8",,"0E-8","0E-8","0E-8","0.41296000","CANCELED","web_Qpn0N3sK1wTDIbq9OBPF","GTE_GTC","0E-8","0E-8","markPrice","true","2025-09-26 15:18:28"
"1157365933","2025-09-26 15:18:28","434406724","STBLUSDT","STOP_MARKET","SELL","BOTH","0E-8",,"0E-8","0E-8","0E-8","0.40895000","EXPIRED","web_BpAc395lezFhoqgYS52u","GTE_GTC","0E-8","0E-8","markPrice","true","2025-09-26 15:24:06"
"1157365933","2025-09-26 15:33:56","802451639","MUSDT","LIMIT","SELL","BOTH","2.30430000",,"5316.00000000","0E-8","0E-8","0E-8","CANCELED","web_usdt_oj6apytfzdqrxmgdsbr11yq","GTC","0E-8","0E-8","Contract Price","false","2025-09-26 15:35:04"
"1157365933","2025-09-26 15:36:57","802468278","MUSDT","MARKET","SELL","BOTH","0E-8","2.29544387","5434.00000000","5434.00000000","12473.44200000","0E-8","FILLED","web_usdt_eqbk0f2hj9osuip8cd6ptoq","GTC","0E-8","0E-8","Contract Price","false","2025-09-26 15:36:57"
"1157365933","2025-09-26 15:38:22","802483478","MUSDT","MARKET","BUY","BOTH","0E-8","2.32741667","5434.00000000","5434.00000000","12647.18220000","2.32410000","FILLED","web_q2JMPDieyRG4IlDQRTwu","GTE_GTC","0E-8","0E-8","markPrice","true","2025-09-26 15:38:28"
"1157365933","2025-09-26 15:38:22","802483477","MUSDT","STOP_MARKET","BUY","BOTH","0E-8",,"0E-8","0E-8","0E-8","2.24950000","EXPIRED","web_DhQk2HM329WvLwPMymbW","GTE_GTC","0E-8","0E-8","markPrice","true","2025-09-26 15:38:28"
"1157365933","2025-09-26 16:42:14","441885452","XPLUSDT","MARKET","BUY","BOTH","0E-8","1.33586305","29146.00000000","29146.00000000","38935.06440000","0E-8","FILLED","web_usdt_tq5dczhe47de68kviwndgy4","GTC","0E-8","0E-8","Contract Price","false","2025-09-26 16:42:14"
"1157365933","2025-09-26 16:42:47","441960082","XPLUSDT","STOP_MARKET","SELL","BOTH","0E-8",,"0E-8","0E-8","0E-8","1.34470000","CANCELED","web_BB4SFwlyKiOeLTqX7U9J","GTE_GTC","0E-8","0E-8","markPrice","true","2025-09-26 16:46:34"
"1157365933","2025-09-26 16:46:34","442323736","XPLUSDT","MARKET","SELL","BOTH","0E-8","1.30718723","29146.00000000","29146.00000000","38099.27890000","1.30730000","FILLED","web_z0YM8eva77YfbvxMvUBl","GTE_GTC","0E-8","0E-8","markPrice","true","2025-09-26 16:53:25"
"1157365933","2025-09-26 16:46:34","442324133","XPLUSDT","STOP_MARKET","SELL","BOTH","0E-8",,"0E-8","0E-8","0E-8","1.34920000","CANCELED","web_zBZhOKb1DwQluQm465bc","GTE_GTC","0E-8","0E-8","markPrice","true","2025-09-26 16:47:15"
"1157365933","2025-09-26 16:47:15","442386855","XPLUSDT","STOP_MARKET","SELL","BOTH","0E-8",,"0E-8","0E-8","0E-8","1.34560000","CANCELED","web_OmHexYiQlzhXWNhjb12N","GTE_GTC","0E-8","0E-8","markPrice","true","2025-09-26 16:47:24"
"1157365933","2025-09-26 16:47:24","442400410","XPLUSDT","STOP_MARKET","SELL","BOTH","0E-8",,"0E-8","0E-8","0E-8","1.34740000","CANCELED","web_LQ7tOmq3Boi2TIC1d5kI","GTE_GTC","0E-8","0E-8","markPrice","true","2025-09-26 16:47:31"
"1157365933","2025-09-26 16:47:31","442412770","XPLUSDT","STOP_MARKET","SELL","BOTH","0E-8",,"0E-8","0E-8","0E-8","1.34920000","EXPIRED","web_KlsPekG5GHzMYgVgB79H","GTE_GTC","0E-8","0E-8","markPrice","true","2025-09-26 16:53:25"
"1157365933","2025-09-27 07:13:08","947154098","AVNTUSDT","MARKET","BUY","BOTH","0E-8","1.55880388","16335.00000000","16335.00000000","25463.06130000","0E-8","FILLED","web_usdt_q5f209k7ybo88pis1bkx62u","GTC","0E-8","0E-8","Contract Price","false","2025-09-27 07:13:08"
"1157365933","2025-09-27 07:13:52","947173727","AVNTUSDT","STOP_MARKET","SELL","BOTH","0E-8",,"0E-8","0E-8","0E-8","1.57430000","CANCELED","web_DB7z9qptvn61fUXQBI5m","GTE_GTC","0E-8","0E-8","markPrice","true","2025-09-27 07:15:02"
"1157365933","2025-09-27 07:13:52","947173726","AVNTUSDT","STOP_MARKET","SELL","BOTH","0E-8",,"0E-8","0E-8","0E-8","1.54630000","CANCELED","web_3kOWSPQoqnhhuD1qlWFA","GTE_GTC","0E-8","0E-8","markPrice","true","2025-09-27 07:16:43"
"1157365933","2025-09-27 07:15:02","947201194","AVNTUSDT","STOP_MARKET","SELL","BOTH","0E-8",,"0E-8","0E-8","0E-8","1.56810000","CANCELED","web_KcQbZupkgTy1pzwhBe6Z","GTE_GTC","0E-8","0E-8","markPrice","true","2025-09-27 07:17:48"
"1157365933","2025-09-27 07:16:43","947238971","AVNTUSDT","STOP_MARKET","SELL","BOTH","0E-8",,"0E-8","0E-8","0E-8","1.53800000","EXPIRED","web_6N0Ju5Dez78YGqP1MFHh","GTE_GTC","0E-8","0E-8","markPrice","true","2025-09-27 07:19:14"
"1157365933","2025-09-27 07:17:48","947256722","AVNTUSDT","STOP_MARKET","SELL","BOTH","0E-8",,"0E-8","0E-8","0E-8","1.57230000","CANCELED","web_628rp0lqRUHJ8JaKbJs3","GTE_GTC","0E-8","0E-8","markPrice","true","2025-09-27 07:18:26"
"1157365933","2025-09-27 07:18:26","947268540","AVNTUSDT","MARKET","SELL","BOTH","0E-8","1.56840094","16335.00000000","16335.00000000","25619.82940000","1.56860000","FILLED","web_KczE6j6s96DIVKnjLtIy","GTE_GTC","0E-8","0E-8","markPrice","true","2025-09-27 07:19:14"
"1157365933","2025-09-27 08:00:34","2280842063","MYXUSDT","MARKET","SELL","BOTH","0E-8","11.41300477","1049.00000000","1049.00000000","11972.24200000","0E-8","FILLED","web_usdt_4qihdtatoqeztdtyitddbge","GTC","0E-8","0E-8","Contract Price","false","2025-09-27 08:00:34"
"1157365933","2025-09-27 08:01:00","2280849463","MYXUSDT","STOP_MARKET","BUY","BOTH","0E-8",,"0E-8","0E-8","0E-8","11.68600000","CANCELED","web_5yo5RHs47svqkWfJDN7C","GTE_GTC","0E-8","0E-8","markPrice","true","2025-09-27 08:08:43"
"1157365933","2025-09-27 08:01:00","2280849464","MYXUSDT","STOP_MARKET","BUY","BOTH","0E-8",,"0E-8","0E-8","0E-8","11.20700000","CANCELED","web_ptyBe3mtWT10LGd8rsLu","GTE_GTC","0E-8","0E-8","markPrice","true","2025-09-27 08:10:18"
"1157365933","2025-09-27 08:08:43","2280959088","MYXUSDT","STOP_MARKET","BUY","BOTH","0E-8",,"0E-8","0E-8","0E-8","12.10000000","CANCELED","web_XeTrU598eb19tYnwKhzc","GTE_GTC","0E-8","0E-8","markPrice","true","2025-09-27 08:50:14"
"1157365933","2025-09-27 08:10:18","2280978753","MYXUSDT","STOP_MARKET","BUY","BOTH","0E-8",,"0E-8","0E-8","0E-8","11.19000000","CANCELED","web_KYP02HRvp7Ji7nC54ZSt","GTE_GTC","0E-8","0E-8","markPrice","true","2025-09-27 08:13:32"
"1157365933","2025-09-27 08:13:32","2281012783","MYXUSDT","STOP_MARKET","BUY","BOTH","0E-8",,"0E-8","0E-8","0E-8","11.19300000","CANCELED","web_PQHGhDMPL6ObwZws6jFW","GTE_GTC","0E-8","0E-8","markPrice","true","2025-09-27 08:20:18"
"1157365933","2025-09-27 08:20:18","2281096110","MYXUSDT","STOP_MARKET","BUY","BOTH","0E-8",,"0E-8","0E-8","0E-8","11.23200000","CANCELED","web_6OevqiWNNBgUxTBgZgWy","GTE_GTC","0E-8","0E-8","markPrice","true","2025-09-27 08:26:13"
"1157365933","2025-09-27 08:26:13","2281165949","MYXUSDT","STOP_MARKET","BUY","BOTH","0E-8",,"0E-8","0E-8","0E-8","11.14000000","CANCELED","web_ZglJWUqx2lSWP70lvy31","GTE_GTC","0E-8","0E-8","markPrice","true","2025-09-27 08:32:39"
"1157365933","2025-09-27 08:32:39","2281231660","MYXUSDT","STOP_MARKET","BUY","BOTH","0E-8",,"0E-8","0E-8","0E-8","11.19000000","CANCELED","web_O7UPZqZyWWBhzUMSLJea","GTE_GTC","0E-8","0E-8","markPrice","true","2025-09-27 08:45:23"
"1157365933","2025-09-27 08:45:23","2281368586","MYXUSDT","STOP_MARKET","BUY","BOTH","0E-8",,"0E-8","0E-8","0E-8","11.11600000","CANCELED","web_a2ibqjrVkf8C1jXKbfTl","GTE_GTC","0E-8","0E-8","markPrice","true","2025-09-27 08:45:38"
"1157365933","2025-09-27 08:45:38","2281370389","MYXUSDT","STOP_MARKET","BUY","BOTH","0E-8",,"0E-8","0E-8","0E-8","10.52200000","CANCELED","web_AW0JpgI1BZRHaf9TM7G0","GTE_GTC","0E-8","0E-8","markPrice","true","2025-09-27 08:48:26"
"1157365933","2025-09-27 08:48:26","2281393746","MYXUSDT","STOP_MARKET","BUY","BOTH","0E-8",,"0E-8","0E-8","0E-8","11.20000000","CANCELED","web_5plLiUt6vJAAQxHKCRCI","GTE_GTC","0E-8","0E-8","markPrice","true","2025-09-27 08:50:14"
"1157365933","2025-09-27 08:50:14","2281413159","MYXUSDT","STOP_MARKET","BUY","BOTH","0E-8",,"0E-8","0E-8","0E-8","11.64100000","EXPIRED","web_rfI2T70EfVbwFHEXKaOZ","GTE_GTC","0E-8","0E-8","markPrice","true","2025-09-27 08:53:35"
"1157365933","2025-09-27 08:50:14","2281413160","MYXUSDT","STOP_MARKET","BUY","BOTH","0E-8",,"0E-8","0E-8","0E-8","10.72800000","CANCELED","web_0HFyG0l8HnXpth5k03em","GTE_GTC","0E-8","0E-8","markPrice","true","2025-09-27 08:50:59"
"1157365933","2025-09-27 08:50:59","2281423344","MYXUSDT","MARKET","BUY","BOTH","0E-8","11.19537941","1049.00000000","1049.00000000","11743.95300000","11.19800000","FILLED","web_1QbuZD7gg2es7as4yHoZ","GTE_GTC","0E-8","0E-8","markPrice","true","2025-09-27 08:53:35"
"1157365933","2025-09-27 10:05:24","3225709460","NMRUSDT","MARKET","BUY","BOTH","0E-8","16.15050577","1593.60000000","1593.60000000","25737.44600000","0E-8","FILLED","web_usdt_rkfviroa07kf6quzksuiwz0","GTC","0E-8","0E-8","Contract Price","false","2025-09-27 10:05:24"
"1157365933","2025-09-27 10:05:38","3225711890","NMRUSDT","STOP_MARKET","SELL","BOTH","0E-8",,"0E-8","0E-8","0E-8","15.95600000","CANCELED","web_cbRAmhs2vE8NcqVpwsuY","GTE_GTC","0E-8","0E-8","markPrice","true","2025-09-27 11:32:28"
"1157365933","2025-09-27 10:05:38","3225711889","NMRUSDT","STOP_MARKET","SELL","BOTH","0E-8",,"0E-8","0E-8","0E-8","16.26300000","CANCELED","web_1v9jmf9qNGMwglS7M41L","GTE_GTC","0E-8","0E-8","markPrice","true","2025-09-27 10:07:29"
"1157365933","2025-09-27 10:07:29","3225719799","NMRUSDT","STOP_MARKET","SELL","BOTH","0E-8",,"0E-8","0E-8","0E-8","16.24500000","CANCELED","web_vMoOSLKSdXHVdnNnl9nX","GTE_GTC","0E-8","0E-8","markPrice","true","2025-09-27 10:29:10"
"1157365933","2025-09-27 10:29:10","3225814388","NMRUSDT","STOP_MARKET","SELL","BOTH","0E-8",,"0E-8","0E-8","0E-8","16.55400000","CANCELED","web_zOoGUCjQwaZbEfHph9Bs","GTE_GTC","0E-8","0E-8","markPrice","true","2025-09-27 10:47:53"
"1157365933","2025-09-27 10:47:53","3225905330","NMRUSDT","STOP_MARKET","SELL","BOTH","0E-8",,"0E-8","0E-8","0E-8","16.29500000","CANCELED","ios_dq04WSxh9WJ4xg8vU7W5","GTE_GTC","0E-8","0E-8","markPrice","true","2025-09-27 11:03:36"
"1157365933","2025-09-27 11:03:37","3225998350","NMRUSDT","STOP_MARKET","SELL","BOTH","0E-8",,"0E-8","0E-8","0E-8","16.55400000","CANCELED","web_oTN4Q2Tk3bb94fCaK4Br","GTE_GTC","0E-8","0E-8","markPrice","true","2025-09-27 11:13:35"
"1157365933","2025-09-27 11:13:35","3226045042","NMRUSDT","STOP_MARKET","SELL","BOTH","0E-8",,"0E-8","0E-8","0E-8","16.26300000","CANCELED","web_Jy4BZe76CgkYSXl7uJRl","GTE_GTC","0E-8","0E-8","markPrice","true","2025-09-27 11:15:17"
"1157365933","2025-09-27 11:15:18","3226052298","NMRUSDT","STOP_MARKET","SELL","BOTH","0E-8",,"0E-8","0E-8","0E-8","16.36000000","CANCELED","web_FUniw0nWgWhoQOJJyWW4","GTE_GTC","0E-8","0E-8","markPrice","true","2025-09-27 11:15:33"
"1157365933","2025-09-27 11:15:33","3226054527","NMRUSDT","STOP_MARKET","SELL","BOTH","0E-8",,"0E-8","0E-8","0E-8","16.39200000","CANCELED","web_OMhadOB5eK0sAG7nQJ49","GTE_GTC","0E-8","0E-8","markPrice","true","2025-09-27 11:18:09"
"1157365933","2025-09-27 11:18:09","3226066229","NMRUSDT","STOP_MARKET","SELL","BOTH","0E-8",,"0E-8","0E-8","0E-8","16.32000000","CANCELED","web_jim54cyibVEgzy78uufg","GTE_GTC","0E-8","0E-8","markPrice","true","2025-09-27 11:20:23"
"1157365933","2025-09-27 11:20:23","3226075241","NMRUSDT","STOP_MARKET","SELL","BOTH","0E-8",,"0E-8","0E-8","0E-8","16.27800000","CANCELED","web_pvEGR5TEpCnf4GwwFVbe","GTE_GTC","0E-8","0E-8","markPrice","true","2025-09-27 11:26:47"
"1157365933","2025-09-27 11:26:47","3226108703","NMRUSDT","STOP_MARKET","SELL","BOTH","0E-8",,"0E-8","0E-8","0E-8","16.31000000","CANCELED","web_gcbXqukWbPtd5Fd4wAlG","GTE_GTC","0E-8","0E-8","markPrice","true","2025-09-27 11:28:52"
"1157365933","2025-09-27 11:28:52","3226119496","NMRUSDT","STOP_MARKET","SELL","BOTH","0E-8",,"0E-8","0E-8","0E-8","16.24500000","CANCELED","web_J4nqrN1xmqHaQVJJOBaY","GTE_GTC","0E-8","0E-8","markPrice","true","2025-09-27 11:33:46"
"1157365933","2025-09-27 11:32:28","3226134579","NMRUSDT","STOP_MARKET","SELL","BOTH","0E-8",,"0E-8","0E-8","0E-8","16.07000000","CANCELED","web_p6FDwtdmEQCTpj3iAz8L","GTE_GTC","0E-8","0E-8","markPrice","true","2025-09-27 11:35:40"
"1157365933","2025-09-27 11:33:47","3226139604","NMRUSDT","STOP_MARKET","SELL","BOTH","0E-8",,"0E-8","0E-8","0E-8","16.39200000","CANCELED","web_8asOiZjRkQQ7IrwDYXTg","GTE_GTC","0E-8","0E-8","markPrice","true","2025-09-27 12:01:55"
"1157365933","2025-09-27 11:35:40","3226155997","NMRUSDT","STOP_MARKET","SELL","BOTH","0E-8",,"0E-8","0E-8","0E-8","15.98900000","CANCELED","web_Xu9FMBEj5x4Pvha0snk3","GTE_GTC","0E-8","0E-8","markPrice","true","2025-09-27 12:13:26"
"1157365933","2025-09-27 12:01:55","3226254320","NMRUSDT","STOP_MARKET","SELL","BOTH","0E-8",,"0E-8","0E-8","0E-8","16.24000000","CANCELED","web_NgsqxMTwb2HDMc7dWOY5","GTE_GTC","0E-8","0E-8","markPrice","true","2025-09-27 12:04:11"
"1157365933","2025-09-27 12:04:11","3226271178","NMRUSDT","STOP_MARKET","SELL","BOTH","0E-8",,"0E-8","0E-8","0E-8","16.61800000","CANCELED","web_1Pkk2i46EEuZy7bNQIbU","GTE_GTC","0E-8","0E-8","markPrice","true","2025-09-27 12:44:49"
"1157365933","2025-09-27 12:13:26","3226325252","NMRUSDT","STOP_MARKET","SELL","BOTH","0E-8",,"0E-8","0E-8","0E-8","15.79000000","CANCELED","web_DCEzJR8cltMHCDV0KMGw","GTE_GTC","0E-8","0E-8","markPrice","true","2025-09-27 12:47:32"
"1157365933","2025-09-27 12:44:49","3226492848","NMRUSDT","STOP_MARKET","SELL","BOTH","0E-8",,"0E-8","0E-8","0E-8","16.23100000","CANCELED","web_IgYTHXtZ4vpM4VcU51Je","GTE_GTC","0E-8","0E-8","markPrice","true","2025-09-27 12:45:01"
"1157365933","2025-09-27 12:45:02","3226494690","NMRUSDT","STOP_MARKET","SELL","BOTH","0E-8",,"0E-8","0E-8","0E-8","16.19800000","CANCELED","web_tFXNaXAGtF6wjSxOidLd","GTE_GTC","0E-8","0E-8","markPrice","true","2025-09-27 12:47:54"
"1157365933","2025-09-27 12:47:32","3226509264","NMRUSDT","STOP_MARKET","SELL","BOTH","0E-8",,"0E-8","0E-8","0E-8","15.95600000","EXPIRED","web_N3C2d0bGDtkBnRhwHh4d","GTE_GTC","0E-8","0E-8","markPrice","true","2025-09-27 13:11:31"
"1157365933","2025-09-27 12:47:54","3226513578","NMRUSDT","STOP_MARKET","SELL","BOTH","0E-8",,"0E-8","0E-8","0E-8","16.22900000","CANCELED","web_CS9aK61ThDFRQEZi638f","GTE_GTC","0E-8","0E-8","markPrice","true","2025-09-27 12:49:02"
"1157365933","2025-09-27 12:49:03","3226524504","NMRUSDT","STOP_MARKET","SELL","BOTH","0E-8",,"0E-8","0E-8","0E-8","16.21300000","CANCELED","web_PU1T1u7GFqBhB6mfP8ce","GTE_GTC","0E-8","0E-8","markPrice","true","2025-09-27 12:56:44"
"1157365933","2025-09-27 12:56:44","3226555692","NMRUSDT","STOP_MARKET","SELL","BOTH","0E-8",,"0E-8","0E-8","0E-8","16.19700000","CANCELED","web_PpVYEme8T3ynQqBxDeFl","GTE_GTC","0E-8","0E-8","markPrice","true","2025-09-27 13:00:33"
"1157365933","2025-09-27 13:00:33","3226573154","NMRUSDT","STOP_MARKET","SELL","BOTH","0E-8",,"0E-8","0E-8","0E-8","16.19000000","CANCELED","web_Aau2sMGMtZzVXqapRuaO","GTE_GTC","0E-8","0E-8","markPrice","true","2025-09-27 13:01:26"
"1157365933","2025-09-27 13:01:26","3226577761","NMRUSDT","STOP_MARKET","SELL","BOTH","0E-8",,"0E-8","0E-8","0E-8","16.24500000","CANCELED","web_RwQz5a7K9XsRVI9F5NdJ","GTE_GTC","0E-8","0E-8","markPrice","true","2025-09-27 13:07:05"
"1157365933","2025-09-27 13:07:05","3226615462","NMRUSDT","STOP_MARKET","SELL","BOTH","0E-8",,"0E-8","0E-8","0E-8","16.26300000","CANCELED","web_Uc2mW0SMPzteLTc0mr8P","GTE_GTC","0E-8","0E-8","markPrice","true","2025-09-27 13:08:14"
"1157365933","2025-09-27 13:08:14","3226637438","NMRUSDT","STOP_MARKET","SELL","BOTH","0E-8",,"0E-8","0E-8","0E-8","16.34400000","CANCELED","web_XhqGY5pWMcpsSm1ZV2vR","GTE_GTC","0E-8","0E-8","markPrice","true","2025-09-27 13:08:41"
"1157365933","2025-09-27 13:08:41","3226640866","NMRUSDT","STOP_MARKET","SELL","BOTH","0E-8",,"0E-8","0E-8","0E-8","16.26300000","CANCELED","web_S97982te1dZvKp1xBm9b","GTE_GTC","0E-8","0E-8","markPrice","true","2025-09-27 13:10:11"
"1157365933","2025-09-27 13:10:11","3226656749","NMRUSDT","STOP_MARKET","SELL","BOTH","0E-8",,"0E-8","0E-8","0E-8","16.30000000","CANCELED","web_Q6WZEEeL83xQ8w2iLWJy","GTE_GTC","0E-8","0E-8","markPrice","true","2025-09-27 13:11:03"
"1157365933","2025-09-27 13:11:13","3226671830","NMRUSDT","MARKET","SELL","BOTH","0E-8","16.24490644","1593.60000000","1593.60000000","25887.88290000","16.24700000","FILLED","web_a0C9kQNqIL9XnOUndS8u","GTE_GTC","0E-8","0E-8","markPrice","true","2025-09-27 13:11:31"
"1157365933","2025-09-27 22:21:37","561737887","XPLUSDT","STOP_MARKET","BUY","BOTH","0E-8",,"3777.00000000","0E-8","0E-8","1.66170000","EXPIRED","web_st_ERHHI9tDs8IgS15","GTE_GTC","0E-8","0E-8","markPrice","true","2025-09-27 22:23:46"
"1157365933","2025-09-27 22:21:37","561737856","XPLUSDT","MARKET","SELL","BOTH","0E-8","1.62886934","3777.00000000","3777.00000000","6152.23950000","0E-8","FILLED","web_usdt_st_s4711t250tpklh8umytn","GTC","0E-8","0E-8","Contract Price","false","2025-09-27 22:21:37"
"1157365933","2025-09-27 22:21:37","561737886","XPLUSDT","STOP_MARKET","BUY","BOTH","0E-8",,"3777.00000000","0E-8","0E-8","1.59660000","EXPIRED","web_st_nzrUor3U0QkvJtT","GTE_GTC","0E-8","0E-8","markPrice","true","2025-09-27 22:23:46"
"1157365933","2025-09-27 22:22:17","561779991","XPLUSDT","STOP_MARKET","BUY","BOTH","0E-8",,"0E-8","0E-8","0E-8","1.56370000","CANCELED","web_3AXC8IGlBPwlczJHTiMr","GTE_GTC","0E-8","0E-8","markPrice","true","2025-09-27 22:23:28"
"1157365933","2025-09-27 22:22:17","561779993","XPLUSDT","STOP_MARKET","BUY","BOTH","0E-8",,"0E-8","0E-8","0E-8","1.66790000","EXPIRED","web_2HpjlFTMLnyzqZNsvtPp","GTE_GTC","0E-8","0E-8","markPrice","true","2025-09-27 22:23:46"
"1157365933","2025-09-27 22:23:28","561857382","XPLUSDT","MARKET","BUY","BOTH","0E-8","1.60581422","3777.00000000","3777.00000000","6065.16030000","1.60600000","FILLED","web_pHDZOrhJoNYwQ4E47mhy","GTE_GTC","0E-8","0E-8","markPrice","true","2025-09-27 22:23:46"
"1157365933","2025-09-27 22:36:54","562954305","XPLUSDT","MARKET","SELL","BOTH","0E-8","1.61943235","4528.00000000","4528.00000000","7332.78970000","0E-8","FILLED","web_usdt_u8c18ijx2ui8bp4jmxrmq3x","GTC","0E-8","0E-8","Contract Price","false","2025-09-27 22:36:54"
"1157365933","2025-09-27 22:37:14","562975890","XPLUSDT","STOP_MARKET","BUY","BOTH","0E-8",,"0E-8","0E-8","0E-8","1.65180000","EXPIRED","web_N2pEvrzZNvECC9ggTtRm","GTE_GTC","0E-8","0E-8","markPrice","true","2025-09-27 22:41:49"
"1157365933","2025-09-27 22:37:14","562975889","XPLUSDT","STOP_MARKET","BUY","BOTH","0E-8",,"0E-8","0E-8","0E-8","1.59670000","CANCELED","web_bvoovdw7UZ3DUxq4uIxW","GTE_GTC","0E-8","0E-8","markPrice","true","2025-09-27 22:38:03"
"1157365933","2025-09-27 22:38:03","563039071","XPLUSDT","STOP_MARKET","BUY","BOTH","0E-8",,"0E-8","0E-8","0E-8","1.59020000","CANCELED","web_I1t5k6QXT2CBmaeqKop0","GTE_GTC","0E-8","0E-8","markPrice","true","2025-09-27 22:38:53"
"1157365933","2025-09-27 22:38:53","563091387","XPLUSDT","MARKET","BUY","BOTH","0E-8","1.59655799","4528.00000000","4528.00000000","7229.21460000","1.59670000","FILLED","web_KP5SYAuJ2UYTu0doAvYl","GTE_GTC","0E-8","0E-8","markPrice","true","2025-09-27 22:41:49"
"1157365933","2025-09-28 00:00:42","3229680878","NMRUSDT","MARKET","BUY","BOTH","0E-8","16.03160193","849.60000000","849.60000000","13620.44900000","0E-8","FILLED","ios_usdt_qNn2CIysnKKvcW5JC5oo","GTC","0E-8","0E-8","Contract Price","false","2025-09-28 00:00:42"
"1157365933","2025-09-28 00:01:10","3229683068","NMRUSDT","STOP_MARKET","SELL","BOTH","0E-8",,"0E-8","0E-8","0E-8","15.87100000","CANCELED","ios_ujjhy6hUsZRUmIe1Iotk","GTE_GTC","0E-8","0E-8","markPrice","true","2025-09-28 00:11:39"
"1157365933","2025-09-28 00:01:10","3229683072","NMRUSDT","STOP_MARKET","SELL","BOTH","0E-8",,"0E-8","0E-8","0E-8","16.35200000","CANCELED","ios_iDD0wjM9C0nwoT4MBbVk","GTE_GTC","0E-8","0E-8","markPrice","true","2025-09-28 00:04:34"
"1157365933","2025-09-28 00:04:34","3229710527","NMRUSDT","STOP_MARKET","SELL","BOTH","0E-8",,"0E-8","0E-8","0E-8","16.15800000","CANCELED","ios_SeaBJgHJFIxq3hWX5bPC","GTE_GTC","0E-8","0E-8","markPrice","true","2025-09-28 00:12:08"
"1157365933","2025-09-28 00:11:39","3229750932","NMRUSDT","STOP_MARKET","SELL","BOTH","0E-8",,"0E-8","0E-8","0E-8","15.95000000","CANCELED","ios_A9V5Vbja8ueLOfz9kuEz","GTE_GTC","0E-8","0E-8","markPrice","true","2025-09-28 00:12:46"
"1157365933","2025-09-28 00:12:09","3229753874","NMRUSDT","STOP_MARKET","SELL","BOTH","0E-8",,"0E-8","0E-8","0E-8","16.17500000","CANCELED","ios_RnGa8lqhFHV7ds1s9kxb","GTE_GTC","0E-8","0E-8","markPrice","true","2025-09-28 00:15:00"
"1157365933","2025-09-28 00:12:46","3229757972","NMRUSDT","STOP_MARKET","SELL","BOTH","0E-8",,"0E-8","0E-8","0E-8","15.88700000","EXPIRED","ios_2DfIZUg7wLZHgALpEbEC","GTE_GTC","0E-8","0E-8","markPrice","true","2025-09-28 00:27:49"
"1157365933","2025-09-28 00:15:00","3229764650","NMRUSDT","MARKET","SELL","BOTH","0E-8","16.13828519","849.60000000","849.60000000","13711.08710000","16.16400000","FILLED","ios_5l0jXIna7h6BGcnRhcs7","GTE_GTC","0E-8","0E-8","markPrice","true","2025-09-28 00:27:49"
"1157365933","2025-09-28 09:03:44","8389765967966632105","ETHUSDT","MARKET","BUY","BOTH","0E-8","3999.84000000","1.04200000","1.04200000","4167.83328000","0E-8","FILLED","web_usdt_t8ur03oqvahemj2ozpz6oos","GTC","0E-8","0E-8","Contract Price","false","2025-09-28 09:03:44"
"1157365933","2025-09-28 09:05:42","8389765967967796695","ETHUSDT","STOP_MARKET","SELL","BOTH","0E-8",,"0E-8","0E-8","0E-8","3991.00000000","CANCELED","web_IpOXVI5vLmG7wL5N4odh","GTE_GTC","0E-8","0E-8","markPrice","true","2025-09-28 09:08:49"
"1157365933","2025-09-28 09:05:42","8389765967967796694","ETHUSDT","STOP_MARKET","SELL","BOTH","0E-8",,"0E-8","0E-8","0E-8","4013.00000000","CANCELED","web_ao7fwU8ax3LKwOESaANt","GTE_GTC","0E-8","0E-8","markPrice","true","2025-09-28 09:10:35"
"1157365933","2025-09-28 09:08:49","8389765967969832518","ETHUSDT","MARKET","SELL","BOTH","0E-8","3988.75000000","1.04200000","1.04200000","4156.27750000","3990.00000000","FILLED","web_aokNLM3TLDyYXD0w7ust","GTE_GTC","0E-8","0E-8","markPrice","true","2025-09-28 09:14:03"
"1157365933","2025-09-28 09:10:35","8389765967970608358","ETHUSDT","STOP_MARKET","SELL","BOTH","0E-8",,"0E-8","0E-8","0E-8","4026.00000000","CANCELED","web_ucabhCCksPaTMz3jWwEk","GTE_GTC","0E-8","0E-8","markPrice","true","2025-09-28 09:12:04"
"1157365933","2025-09-28 09:12:04","8389765967971543623","ETHUSDT","STOP_MARKET","SELL","BOTH","0E-8",,"0E-8","0E-8","0E-8","4013.00000000","EXPIRED","web_jmCcXFcAwv3CGzFqioc7","GTE_GTC","0E-8","0E-8","markPrice","true","2025-09-28 09:14:03"
"1157365933","2025-09-28 10:22:20","984011989","AVNTUSDT","MARKET","SELL","BOTH","0E-8","1.37877433","18097.00000000","18097.00000000","24951.67900000","0E-8","FILLED","web_usdt_epqa0c5nrcl2pqroidmj007","GTC","0E-8","0E-8","Contract Price","false","2025-09-28 10:22:20"
"1157365933","2025-09-28 10:23:32","984047287","AVNTUSDT","STOP_MARKET","BUY","BOTH","0E-8",,"0E-8","0E-8","0E-8","1.36490000","CANCELED","web_1irVM9X6iwh6l6SuIDso","GTE_GTC","0E-8","0E-8","markPrice","true","2025-09-28 10:24:24"
"1157365933","2025-09-28 10:23:32","984047286","AVNTUSDT","MARKET","BUY","BOTH","0E-8","1.38682129","18097.00000000","18097.00000000","25097.30490000","1.38490000","FILLED","web_VIlqd7szEuyP2tYdJHds","GTE_GTC","0E-8","0E-8","markPrice","true","2025-09-28 10:32:09"
"1157365933","2025-09-28 10:24:24","984071418","AVNTUSDT","STOP_MARKET","BUY","BOTH","0E-8",,"0E-8","0E-8","0E-8","1.36770000","CANCELED","web_z2oqTcVnZiZN04avuc7F","GTE_GTC","0E-8","0E-8","markPrice","true","2025-09-28 10:25:31"
"1157365933","2025-09-28 10:25:31","984093631","AVNTUSDT","STOP_MARKET","BUY","BOTH","0E-8",,"0E-8","0E-8","0E-8","1.36680000","CANCELED","web_SEqTkyw7FOpg8jWPZLSD","GTE_GTC","0E-8","0E-8","markPrice","true","2025-09-28 10:27:51"
"1157365933","2025-09-28 10:27:52","984155719","AVNTUSDT","STOP_MARKET","BUY","BOTH","0E-8",,"0E-8","0E-8","0E-8","1.37050000","CANCELED","web_XNYxO8Q65IgEOw97naL0","GTE_GTC","0E-8","0E-8","markPrice","true","2025-09-28 10:29:35"
"1157365933","2025-09-28 10:29:35","984186380","AVNTUSDT","STOP_MARKET","BUY","BOTH","0E-8",,"0E-8","0E-8","0E-8","1.36490000","CANCELED","web_FDTmam0eymh1ZkOx4epj","GTE_GTC","0E-8","0E-8","markPrice","true","2025-09-28 10:30:23"
"1157365933","2025-09-28 10:30:23","984203553","AVNTUSDT","STOP_MARKET","BUY","BOTH","0E-8",,"0E-8","0E-8","0E-8","1.36850000","EXPIRED","web_ogc613RVWIBDkl9ZUszL","GTE_GTC","0E-8","0E-8","markPrice","true","2025-09-28 10:32:09"
"1157365933","2025-09-28 11:24:48","779977265938","BTCUSDT","MARKET","BUY","BOTH","0E-8","109218.50000000","0.23100000","0.23100000","25229.47350000","0E-8","FILLED","web_usdt_7tk2xr9y78nza656d2e68ip","GTC","0E-8","0E-8","Contract Price","false","2025-09-28 11:24:48"
"1157365933","2025-09-28 11:26:10","779977866579","BTCUSDT","STOP_MARKET","SELL","BOTH","0E-8",,"0E-8","0E-8","0E-8","108672.40000000","EXPIRED","web_dKdS3LRWMMZvcpqZGIhN","GTE_GTC","0E-8","0E-8","markPrice","true","2025-09-28 13:30:14"
"1157365933","2025-09-28 11:26:10","779977866584","BTCUSDT","STOP_MARKET","SELL","BOTH","0E-8",,"0E-8","0E-8","0E-8","110310.60000000","CANCELED","web_7C1l2RLLz8JdzLu1IzGb","GTE_GTC","0E-8","0E-8","markPrice","true","2025-09-28 11:34:58"
"1157365933","2025-09-28 11:35:15","779981171351","BTCUSDT","STOP_MARKET","SELL","BOTH","0E-8",,"0E-8","0E-8","0E-8","109928.40000000","CANCELED","ios_aBEw8n4HhKIve41uLWLS","GTE_GTC","0E-8","0E-8","markPrice","true","2025-09-28 11:38:23"
"1157365933","2025-09-28 11:38:23","779982160297","BTCUSDT","STOP_MARKET","SELL","BOTH","0E-8",,"0E-8","0E-8","0E-8","109759.10000000","CANCELED","ios_iPT7WGCxUQBLgr3fqIqr","GTE_GTC","0E-8","0E-8","markPrice","true","2025-09-28 12:03:27"
"1157365933","2025-09-28 12:03:27","779990639913","BTCUSDT","STOP_MARKET","SELL","BOTH","0E-8",,"0E-8","0E-8","0E-8","109450.80000000","CANCELED","web_M4xZtBcbyaj0GLtnCpG5","GTE_GTC","0E-8","0E-8","markPrice","true","2025-09-28 12:04:09"
"1157365933","2025-09-28 12:04:09","779990897053","BTCUSDT","STOP_MARKET","SELL","BOTH","0E-8",,"0E-8","0E-8","0E-8","109709.90000000","CANCELED","web_g4rn3pTGrqCswyiYPHNJ","GTE_GTC","0E-8","0E-8","markPrice","true","2025-09-28 12:06:28"
"1157365933","2025-09-28 12:06:28","779991661851","BTCUSDT","STOP_MARKET","SELL","BOTH","0E-8",,"0E-8","0E-8","0E-8","109452.00000000","CANCELED","web_7MSlCnpO5bUo2FoKn6x7","GTE_GTC","0E-8","0E-8","markPrice","true","2025-09-28 12:07:47"
"1157365933","2025-09-28 12:07:47","779991889527","BTCUSDT","STOP_MARKET","SELL","BOTH","0E-8",,"0E-8","0E-8","0E-8","109500.70000000","CANCELED","web_nrpvHC3ylQiQKrqIU88a","GTE_GTC","0E-8","0E-8","markPrice","true","2025-09-28 13:30:11"
"1157365933","2025-09-28 12:21:13","610853337","XPLUSDT","MARKET","BUY","BOTH","0E-8","1.39396071","1634.00000000","1634.00000000","2277.73180000","0E-8","FILLED","web_usdt_1bw5dzxpvsmdiz1uj8s0mk8","GTC","0E-8","0E-8","Contract Price","false","2025-09-28 12:21:13"
"1157365933","2025-09-28 12:22:51","610957004","XPLUSDT","MARKET","SELL","BOTH","0E-8","1.37800000","1634.00000000","1634.00000000","2251.65200000","1.38000000","FILLED","web_YTIVXOtfRrFJui842ze9","GTE_GTC","0E-8","0E-8","markPrice","true","2025-09-28 12:32:56"
"1157365933","2025-09-28 12:22:51","610957003","XPLUSDT","STOP_MARKET","SELL","BOTH","0E-8",,"0E-8","0E-8","0E-8","1.45700000","CANCELED","web_prvQa30aREXyDd0eHshs","GTE_GTC","0E-8","0E-8","markPrice","true","2025-09-28 12:25:51"
"1157365933","2025-09-28 12:25:51","611154534","XPLUSDT","STOP_MARKET","SELL","BOTH","0E-8",,"0E-8","0E-8","0E-8","1.46000000","CANCELED","web_pHXQ6qkmYkfdKF2kxTYa","GTE_GTC","0E-8","0E-8","markPrice","true","2025-09-28 12:26:29"
"1157365933","2025-09-28 12:26:29","611192790","XPLUSDT","STOP_MARKET","SELL","BOTH","0E-8",,"0E-8","0E-8","0E-8","1.48000000","EXPIRED","web_nMYv3qOyQdQvRpcolL6l","GTE_GTC","0E-8","0E-8","markPrice","true","2025-09-28 12:32:56"
"1157365933","2025-09-28 13:28:35","11439712388","ENAUSDT","MARKET","SELL","BOTH","0E-8","0.56800000","18344.00000000","18344.00000000","10419.39200000","0E-8","FILLED","web_usdt_kv3awhm5xrlke3q6u2nbm3o","GTC","0E-8","0E-8","Contract Price","false","2025-09-28 13:28:35"
"1157365933","2025-09-28 13:29:13","11439721886","ENAUSDT","STOP_MARKET","BUY","BOTH","0E-8",,"0E-8","0E-8","0E-8","0.57310000","CANCELED","web_qOQjHFyDstrrRK1KJPqv","GTE_GTC","0E-8","0E-8","markPrice","true","2025-09-28 13:57:08"
"1157365933","2025-09-28 13:29:13","11439721885","ENAUSDT","STOP_MARKET","BUY","BOTH","0E-8",,"0E-8","0E-8","0E-8","0.56110000","CANCELED","web_QNMlgAmiDce85OPgvbR0","GTE_GTC","0E-8","0E-8","markPrice","true","2025-09-28 13:34:26"
"1157365933","2025-09-28 13:30:11","780024244244","BTCUSDT","MARKET","SELL","BOTH","0E-8","109439.90000000","0.23100000","0.23100000","25280.61690000","109436.90000000","FILLED","web_mK0SMQ72wsbDMTMBKZVc","GTE_GTC","0E-8","0E-8","markPrice","true","2025-09-28 13:30:14"
"1157365933","2025-09-28 13:34:26","11439800255","ENAUSDT","STOP_MARKET","BUY","BOTH","0E-8",,"0E-8","0E-8","0E-8","0.56440000","CANCELED","web_WdOtHltZQuJKMNkvROpE","GTE_GTC","0E-8","0E-8","markPrice","true","2025-09-28 14:33:09"
"1157365933","2025-09-28 13:57:08","11440107715","ENAUSDT","MARKET","BUY","BOTH","0E-8","0.57370000","18344.00000000","18344.00000000","10523.95280000","0.57360000","FILLED","web_H3jrWQmZiB2WokeS0C4c","GTE_GTC","0E-8","0E-8","markPrice","true","2025-09-28 16:02:53"
"1157365933","2025-09-28 14:33:09","11440582203","ENAUSDT","STOP_MARKET","BUY","BOTH","0E-8",,"0E-8","0E-8","0E-8","0.55500000","CANCELED","web_2zbPXa3Iu4kZr2kyBW0Z","GTE_GTC","0E-8","0E-8","markPrice","true","2025-09-28 14:33:29"
"1157365933","2025-09-28 14:33:29","11440585935","ENAUSDT","STOP_MARKET","BUY","BOTH","0E-8",,"0E-8","0E-8","0E-8","0.56150000","EXPIRED","web_wBjlyoURAFUDZ11uCMb2","GTE_GTC","0E-8","0E-8","markPrice","true","2025-09-28 16:02:53"
"1157365933","2025-09-29 00:48:00","8389765968458923519","ETHUSDT","MARKET","SELL","BOTH","0E-8","4128.22000000","1.54100000","1.54100000","6361.58702000","0E-8","FILLED","web_usdt_yp1kb3h5mtoesekdxzwmrte","GTC","0E-8","0E-8","Contract Price","false","2025-09-29 00:48:00"
"1157365933","2025-09-29 00:48:47","8389765968459377911","ETHUSDT","MARKET","BUY","BOTH","0E-8","4110.01000000","1.54100000","1.54100000","6333.52541000","4110.00000000","FILLED","web_5OCHux7fvf8zge5ejmoZ","GTE_GTC","0E-8","0E-8","Contract Price","true","2025-09-29 02:02:37"
"1157365933","2025-09-29 00:48:47","8389765968459377910","ETHUSDT","STOP_MARKET","BUY","BOTH","0E-8",,"0E-8","0E-8","0E-8","4137.50000000","EXPIRED","web_8xT9g7pbXGGDsa45ABjW","GTE_GTC","0E-8","0E-8","Contract Price","true","2025-09-29 02:02:37"
"1157365933","2025-09-29 02:22:58","1004288433","AVNTUSDT","MARKET","SELL","BOTH","0E-8","1.39236538","8962.00000000","8962.00000000","12478.37850000","0E-8","FILLED","web_usdt_4kgqhil953orzibhuvyholn","GTC","0E-8","0E-8","Contract Price","false","2025-09-29 02:22:58"
"1157365933","2025-09-29 02:24:38","1004326278","AVNTUSDT","STOP_MARKET","BUY","BOTH","0E-8",,"0E-8","0E-8","0E-8","1.36540000","EXPIRED","web_kR2xC7u6fhYE6KV3R12a","GTE_GTC","0E-8","0E-8","Contract Price","true","2025-09-29 02:34:17"
"1157365933","2025-09-29 02:24:38","1004326282","AVNTUSDT","STOP_MARKET","BUY","BOTH","0E-8",,"0E-8","0E-8","0E-8","1.40710000","CANCELED","web_ebJgYHSv7C08uvwhbrOj","GTE_GTC","0E-8","0E-8","Contract Price","true","2025-09-29 02:33:11"
"1157365933","2025-09-29 02:33:11","1004518594","AVNTUSDT","MARKET","BUY","BOTH","0E-8","1.40845137","8962.00000000","8962.00000000","12622.54120000","1.40810000","FILLED","web_81YhSSGR2fWqKS7CBt48","GTE_GTC","0E-8","0E-8","Contract Price","true","2025-09-29 02:34:17"
"1157365933","2025-09-29 06:21:07","11453258705","ENAUSDT","MARKET","SELL","BOTH","0E-8","0.58165287","44411.00000000","44411.00000000","25831.78560000","0E-8","FILLED","ios_usdt_cCWj6TVYoWS5KSQIS9eJ","GTC","0E-8","0E-8","Contract Price","false","2025-09-29 06:21:07"
"1157365933","2025-09-29 06:21:31","11453263622","ENAUSDT","STOP_MARKET","BUY","BOTH","0E-8",,"0E-8","0E-8","0E-8","0.57000000","CANCELED","ios_CYV1jA9utCACZKP2sno1","GTE_GTC","0E-8","0E-8","markPrice","true","2025-09-29 06:25:04"
"1157365933","2025-09-29 06:21:31","11453263621","ENAUSDT","STOP_MARKET","BUY","BOTH","0E-8",,"0E-8","0E-8","0E-8","0.58740000","CANCELED","ios_34DXLnsQzqUjXa3k4Z2X","GTE_GTC","0E-8","0E-8","markPrice","true","2025-09-29 06:23:51"
"1157365933","2025-09-29 06:23:51","11453289719","ENAUSDT","STOP_MARKET","BUY","BOTH","0E-8",,"0E-8","0E-8","0E-8","0.58330000","EXPIRED","ios_Pyq0m1Jo41IXcioIlhZQ","GTE_GTC","0E-8","0E-8","markPrice","true","2025-09-29 06:59:24"
"1157365933","2025-09-29 06:25:04","11453305431","ENAUSDT","STOP_MARKET","BUY","BOTH","0E-8",,"0E-8","0E-8","0E-8","0.57640000","CANCELED","ios_ehLDYA6jVB4qDOqcjMDK","GTE_GTC","0E-8","0E-8","markPrice","true","2025-09-29 06:26:29"
"1157365933","2025-09-29 06:26:29","11453324590","ENAUSDT","STOP_MARKET","BUY","BOTH","0E-8",,"0E-8","0E-8","0E-8","0.57840000","CANCELED","ios_mlAQkMijFRgbblBqiTcs","GTE_GTC","0E-8","0E-8","markPrice","true","2025-09-29 06:27:27"
"1157365933","2025-09-29 06:27:27","11453336236","ENAUSDT","STOP_MARKET","BUY","BOTH","0E-8",,"0E-8","0E-8","0E-8","0.57900000","CANCELED","ios_jz0TD1aZHZLjlYKhDBpu","GTE_GTC","0E-8","0E-8","markPrice","true","2025-09-29 06:28:36"
"1157365933","2025-09-29 06:28:36","11453349710","ENAUSDT","STOP_MARKET","BUY","BOTH","0E-8",,"0E-8","0E-8","0E-8","0.57720000","CANCELED","ios_pq3qn69u21VOY41KBBHH","GTE_GTC","0E-8","0E-8","markPrice","true","2025-09-29 06:31:09"
"1157365933","2025-09-29 06:31:09","11453379243","ENAUSDT","STOP_MARKET","BUY","BOTH","0E-8",,"0E-8","0E-8","0E-8","0.57650000","CANCELED","ios_zs8ZwtEF02sRHFhn7n58","GTE_GTC","0E-8","0E-8","markPrice","true","2025-09-29 06:44:40"
"1157365933","2025-09-29 06:44:40","11453531001","ENAUSDT","STOP_MARKET","BUY","BOTH","0E-8",,"0E-8","0E-8","0E-8","0.57980000","CANCELED","ios_AnJ2n9wtEJM1HrZs63FE","GTE_GTC","0E-8","0E-8","markPrice","true","2025-09-29 06:47:07"
"1157365933","2025-09-29 06:47:07","11453561117","ENAUSDT","STOP_MARKET","BUY","BOTH","0E-8",,"0E-8","0E-8","0E-8","0.57640000","CANCELED","ios_lqjkkRIkGjcFtBuqBJ0f","GTE_GTC","0E-8","0E-8","markPrice","true","2025-09-29 06:53:20"
"1157365933","2025-09-29 06:53:20","11453636328","ENAUSDT","STOP_MARKET","BUY","BOTH","0E-8",,"0E-8","0E-8","0E-8","0.57910000","CANCELED","ios_3VD1GGjeEPjHEmgRNq2e","GTE_GTC","0E-8","0E-8","markPrice","true","2025-09-29 06:54:47"
"1157365933","2025-09-29 06:54:47","11453654656","ENAUSDT","STOP_MARKET","BUY","BOTH","0E-8",,"0E-8","0E-8","0E-8","0.57640000","CANCELED","ios_WTGxpZnOV8yAIuCAwAiH","GTE_GTC","0E-8","0E-8","markPrice","true","2025-09-29 06:55:48"
"1157365933","2025-09-29 06:56:14","11453679124","ENAUSDT","STOP_MARKET","BUY","BOTH","0E-8",,"0E-8","0E-8","0E-8","0.57820000","CANCELED","ios_urYDur7vOjz7oZYaA2Jm","GTE_GTC","0E-8","0E-8","markPrice","true","2025-09-29 06:56:30"
"1157365933","2025-09-29 06:56:30","11453682453","ENAUSDT","STOP_MARKET","BUY","BOTH","0E-8",,"0E-8","0E-8","0E-8","0.57840000","CANCELED","ios_jyyeD0zkq5h4hT42Pdza","GTE_GTC","0E-8","0E-8","markPrice","true","2025-09-29 06:58:59"
"1157365933","2025-09-29 06:58:59","11453712682","ENAUSDT","MARKET","BUY","BOTH","0E-8","0.57851419","44411.00000000","44411.00000000","25692.39380000","0.57860000","FILLED","ios_qfOAb9eGpkx8Ba5appzJ","GTE_GTC","0E-8","0E-8","markPrice","true","2025-09-29 06:59:24"
"1157365933","2025-09-29 08:02:39","3242030871","NMRUSDT","MARKET","BUY","BOTH","0E-8","16.38924704","1630.10000000","1630.10000000","26716.11160000","0E-8","FILLED","web_usdt_41yjkdzmi3clakvr7oosnyj","GTC","0E-8","0E-8","Contract Price","false","2025-09-29 08:02:39"
"1157365933","2025-09-29 08:03:18","3242036434","NMRUSDT","STOP_MARKET","SELL","BOTH","0E-8",,"0E-8","0E-8","0E-8","16.50300000","CANCELED","web_MC61gpfF9ZSSQp3AIF4o","GTE_GTC","0E-8","0E-8","Contract Price","true","2025-09-29 08:08:27"
"1157365933","2025-09-29 08:03:18","3242036435","NMRUSDT","STOP_MARKET","SELL","BOTH","0E-8",,"0E-8","0E-8","0E-8","16.32600000","EXPIRED","web_NtjGkNXkpTo9RDd8NCz3","GTE_GTC","0E-8","0E-8","Contract Price","true","2025-09-29 08:53:36"
"1157365933","2025-09-29 08:08:27","3242062679","NMRUSDT","STOP_MARKET","SELL","BOTH","0E-8",,"0E-8","0E-8","0E-8","16.57000000","CANCELED","web_644twV5AxyFYsTqK43FP","GTE_GTC","0E-8","0E-8","Contract Price","true","2025-09-29 08:33:18"
"1157365933","2025-09-29 08:24:24","215565997","ARIAUSDT","MARKET","SELL","BOTH","0E-8","0.18738101","33272.00000000","33272.00000000","6234.54094000","0E-8","FILLED","web_usdt_kip464ecntpfdjnoegxyo5i","GTC","0E-8","0E-8","Contract Price","false","2025-09-29 08:24:24"
"1157365933","2025-09-29 08:25:54","215569970","ARIAUSDT","STOP_MARKET","BUY","BOTH","0E-8",,"0E-8","0E-8","0E-8","0.18227000","CANCELED","web_qI2VD66GrX9IF9Jdx9mm","GTE_GTC","0E-8","0E-8","Contract Price","true","2025-09-29 08:30:35"
"1157365933","2025-09-29 08:25:54","215569971","ARIAUSDT","STOP_MARKET","BUY","BOTH","0E-8",,"0E-8","0E-8","0E-8","0.18993000","CANCELED","web_03mYFsrnh5LIFBW0sK0j","GTE_GTC","0E-8","0E-8","Contract Price","true","2025-09-29 08:29:55"
"1157365933","2025-09-29 08:29:55","215580781","ARIAUSDT","STOP_MARKET","BUY","BOTH","0E-8",,"0E-8","0E-8","0E-8","0.19180000","EXPIRED","web_YsxkfT88vg1doTEa1lf9","GTE_GTC","0E-8","0E-8","Contract Price","true","2025-09-29 08:36:21"
"1157365933","2025-09-29 08:30:35","215582878","ARIAUSDT","STOP_MARKET","BUY","BOTH","0E-8",,"0E-8","0E-8","0E-8","0.18203000","CANCELED","web_Bsktfve4ufNLoAQsO5Vs","GTE_GTC","0E-8","0E-8","Contract Price","true","2025-09-29 08:34:14"
"1157365933","2025-09-29 08:33:18","3242187385","NMRUSDT","STOP_MARKET","SELL","BOTH","0E-8",,"0E-8","0E-8","0E-8","16.46000000","CANCELED","web_jYAi193X1Fn8yxd9f24X","GTE_GTC","0E-8","0E-8","Contract Price","true","2025-09-29 08:33:42"
"1157365933","2025-09-29 08:33:42","3242188850","NMRUSDT","STOP_MARKET","SELL","BOTH","0E-8",,"0E-8","0E-8","0E-8","16.48800000","CANCELED","web_3jK64KpFNHIpdndbrDSq","GTE_GTC","0E-8","0E-8","Contract Price","true","2025-09-29 08:35:01"
"1157365933","2025-09-29 08:34:14","215590994","ARIAUSDT","STOP_MARKET","BUY","BOTH","0E-8",,"0E-8","0E-8","0E-8","0.18397000","CANCELED","web_TudxyWuqup6Rkc8OyGDb","GTE_GTC","0E-8","0E-8","Contract Price","true","2025-09-29 08:35:45"
"1157365933","2025-09-29 08:35:01","3242194058","NMRUSDT","STOP_MARKET","SELL","BOTH","0E-8",,"0E-8","0E-8","0E-8","16.60200000","CANCELED","web_04C1vFbnGmDD76s1kHGk","GTE_GTC","0E-8","0E-8","Contract Price","true","2025-09-29 08:35:22"
"1157365933","2025-09-29 08:35:22","3242196134","NMRUSDT","STOP_MARKET","SELL","BOTH","0E-8",,"0E-8","0E-8","0E-8","16.50300000","CANCELED","web_4Ku8EYRes0OZb4gm3XzQ","GTE_GTC","0E-8","0E-8","Contract Price","true","2025-09-29 08:43:02"
"1157365933","2025-09-29 08:35:45","215595526","ARIAUSDT","MARKET","BUY","BOTH","0E-8","0.18495150","33272.00000000","33272.00000000","6153.70623000","0.18482000","FILLED","web_7KSN2KvEVsTwWQXzlHx4","GTE_GTC","0E-8","0E-8","Contract Price","true","2025-09-29 08:36:21"
"1157365933","2025-09-29 08:43:02","3242231421","NMRUSDT","STOP_MARKET","SELL","BOTH","0E-8",,"0E-8","0E-8","0E-8","16.47000000","CANCELED","ios_daiooC2V1o18hrIUrVof","GTE_GTC","0E-8","0E-8","Contract Price","true","2025-09-29 08:44:38"
"1157365933","2025-09-29 08:44:39","3242239416","NMRUSDT","STOP_MARKET","SELL","BOTH","0E-8",,"0E-8","0E-8","0E-8","16.49500000","CANCELED","ios_hx3k1Q3yjgQPh1aQABJR","GTE_GTC","0E-8","0E-8","Contract Price","true","2025-09-29 08:48:01"
"1157365933","2025-09-29 08:48:02","3242257234","NMRUSDT","STOP_MARKET","SELL","BOTH","0E-8",,"0E-8","0E-8","0E-8","16.46900000","CANCELED","ios_3FJAZeblic2YCZKkzQbr","GTE_GTC","0E-8","0E-8","Contract Price","true","2025-09-29 08:51:33"
"1157365933","2025-09-29 08:51:33","3242278526","NMRUSDT","MARKET","SELL","BOTH","0E-8","16.47605779","1630.10000000","1630.10000000","26857.62180000","16.48500000","FILLED","ios_2X0O5U7PxtEhUHEj0Lm3","GTE_GTC","0E-8","0E-8","Contract Price","true","2025-09-29 08:53:36"
"1157365933","2025-09-29 10:54:13","76286048325","BNBUSDT","MARKET","BUY","BOTH","0E-8","1009.71000000","25.25000000","25.25000000","25495.17750000","0E-8","FILLED","web_usdt_s6t40pi6opvo5picfwgubpv","GTC","0E-8","0E-8","Contract Price","false","2025-09-29 10:54:13"
"1157365933","2025-09-29 10:54:56","76286068516","BNBUSDT","STOP_MARKET","SELL","BOTH","0E-8",,"0E-8","0E-8","0E-8","1004.66000000","CANCELED","web_s3KV8inJFDlsUSnvsSb0","GTE_GTC","0E-8","0E-8","markPrice","true","2025-09-29 10:57:10"
"1157365933","2025-09-29 10:54:56","76286068517","BNBUSDT","STOP_MARKET","SELL","BOTH","0E-8",,"0E-8","0E-8","0E-8","1019.80000000","CANCELED","web_NrOVahqRLQJt2VE66iKv","GTE_GTC","0E-8","0E-8","markPrice","true","2025-09-29 10:56:59"
"1157365933","2025-09-29 10:56:59","76286149507","BNBUSDT","STOP_MARKET","SELL","BOTH","0E-8",,"0E-8","0E-8","0E-8","1014.19000000","CANCELED","web_pkhNZp7eBECy6QHwUBCX","GTE_GTC","0E-8","0E-8","markPrice","true","2025-09-29 11:00:53"
"1157365933","2025-09-29 10:57:10","76286157058","BNBUSDT","STOP_MARKET","SELL","BOTH","0E-8",,"0E-8","0E-8","0E-8","1007.06000000","CANCELED","web_tqyrqLzJ5rWRhlXKac1d","GTE_GTC","0E-8","0E-8","markPrice","true","2025-09-29 11:00:23"
"1157365933","2025-09-29 11:00:23","76286324885","BNBUSDT","STOP_MARKET","SELL","BOTH","0E-8",,"0E-8","0E-8","0E-8","1006.17000000","CANCELED","web_XkY4lrsNoJttGTooPkgn","GTE_GTC","0E-8","0E-8","markPrice","true","2025-09-29 11:00:53"
"1157365933","2025-09-29 11:00:53","76286349652","BNBUSDT","STOP_MARKET","SELL","BOTH","0E-8",,"0E-8","0E-8","0E-8","1017.28000000","CANCELED","web_Ypb9IRb4vwUUcU1BABWd","GTE_GTC","0E-8","0E-8","markPrice","true","2025-09-29 11:02:08"
"1157365933","2025-09-29 11:00:53","76286349651","BNBUSDT","STOP_MARKET","SELL","BOTH","0E-8",,"0E-8","0E-8","0E-8","1005.16000000","CANCELED","web_h3Fcd7jIAPPBQewlDUuP","GTE_GTC","0E-8","0E-8","markPrice","true","2025-09-29 11:03:07"
"1157365933","2025-09-29 11:02:08","76286438211","BNBUSDT","STOP_MARKET","SELL","BOTH","0E-8",,"0E-8","0E-8","0E-8","1013.26000000","CANCELED","web_dw0o3FWtp3Xio9fsyG0F","GTE_GTC","0E-8","0E-8","markPrice","true","2025-09-29 11:04:34"
"1157365933","2025-09-29 11:03:07","76286501025","BNBUSDT","STOP_MARKET","SELL","BOTH","0E-8",,"0E-8","0E-8","0E-8","1003.65000000","CANCELED","web_alTtrYYw1ZAqVGudeFSF","GTE_GTC","0E-8","0E-8","markPrice","true","2025-09-29 11:05:14"
"1157365933","2025-09-29 11:04:34","76286599067","BNBUSDT","STOP_MARKET","SELL","BOTH","0E-8",,"0E-8","0E-8","0E-8","1014.25000000","CANCELED","web_XgvVlGVzZUg2TNoGNchm","GTE_GTC","0E-8","0E-8","markPrice","true","2025-09-29 11:29:45"
"1157365933","2025-09-29 11:05:14","76286655588","BNBUSDT","STOP_MARKET","SELL","BOTH","0E-8",,"0E-8","0E-8","0E-8","1002.98000000","CANCELED","web_gAQJfHeY6LDv4OqK35H9","GTE_GTC","0E-8","0E-8","markPrice","true","2025-09-29 11:12:09"
"1157365933","2025-09-29 11:12:10","76287132297","BNBUSDT","STOP_MARKET","SELL","BOTH","0E-8",,"0E-8","0E-8","0E-8","1001.57000000","CANCELED","web_jAOoUomsYGHBnOnUeC6X","GTE_GTC","0E-8","0E-8","markPrice","true","2025-09-29 11:22:03"
"1157365933","2025-09-29 11:22:03","76287691984","BNBUSDT","STOP_MARKET","SELL","BOTH","0E-8",,"0E-8","0E-8","0E-8","1003.71000000","CANCELED","web_7E0knYR02x0orPPkm2hj","GTE_GTC","0E-8","0E-8","markPrice","true","2025-09-29 11:41:09"
"1157365933","2025-09-29 11:29:45","76288094986","BNBUSDT","STOP_MARKET","SELL","BOTH","0E-8",,"0E-8","0E-8","0E-8","1010.30000000","CANCELED","web_SbNymZQaiV3vlnwUkvId","GTE_GTC","0E-8","0E-8","markPrice","true","2025-09-29 11:30:29"
"1157365933","2025-09-29 11:30:29","76288154503","BNBUSDT","STOP_MARKET","SELL","BOTH","0E-8",,"0E-8","0E-8","0E-8","1012.23000000","CANCELED","web_UhQd3vcNO61eqGYijNfK","GTE_GTC","0E-8","0E-8","markPrice","true","2025-09-29 11:35:36"
"1157365933","2025-09-29 11:41:09","76288731467","BNBUSDT","STOP_MARKET","SELL","BOTH","0E-8",,"0E-8","0E-8","0E-8","1003.00000000","CANCELED","web_H8xDRJ7Myc8I81qc7b28","GTE_GTC","0E-8","0E-8","markPrice","true","2025-09-29 11:50:39"
"1157365933","2025-09-29 11:50:39","76289184010","BNBUSDT","STOP_MARKET","SELL","BOTH","0E-8",,"0E-8","0E-8","0E-8","1004.00000000","CANCELED","web_k8VKebjawx7Q41NK5ude","GTE_GTC","0E-8","0E-8","markPrice","true","2025-09-29 11:51:01"
"1157365933","2025-09-29 11:51:01","76289191683","BNBUSDT","STOP_MARKET","SELL","BOTH","0E-8",,"0E-8","0E-8","0E-8","1003.00000000","CANCELED","web_Fi42aRabtnc0XKGoYjEx","GTE_GTC","0E-8","0E-8","markPrice","true","2025-09-29 12:42:18"
"1157365933","2025-09-29 12:34:58","76291173684","BNBUSDT","STOP_MARKET","SELL","BOTH","0E-8",,"0E-8","0E-8","0E-8","1015.00000000","EXPIRED","web_HZbjHgqZ4WPb7CxctCTL","GTE_GTC","0E-8","0E-8","markPrice","true","2025-09-29 13:45:15"
"1157365933","2025-09-29 12:37:55","8389765968841390399","ETHUSDT","MARKET","BUY","BOTH","0E-8","4105.58000000","7.27200000","7.27200000","29855.77776000","0E-8","FILLED","web_usdt_5hwyner1txe37ukmk2sm5um","GTC","0E-8","0E-8","Contract Price","false","2025-09-29 12:37:55"
"1157365933","2025-09-29 12:38:45","8389765968841943908","ETHUSDT","STOP_MARKET","SELL","BOTH","0E-8",,"0E-8","0E-8","0E-8","4084.82000000","CANCELED","web_1n1HGYuCXHlMtfLVzIl6","GTE_GTC","0E-8","0E-8","markPrice","true","2025-09-29 13:03:13"
"1157365933","2025-09-29 12:42:18","76291693107","BNBUSDT","STOP_MARKET","SELL","BOTH","0E-8",,"0E-8","0E-8","0E-8","1001.12000000","CANCELED","web_lESF7BraaDZOw7ABTV47","GTE_GTC","0E-8","0E-8","markPrice","true","2025-09-29 12:43:40"
"1157365933","2025-09-29 12:43:40","76291785593","BNBUSDT","STOP_MARKET","SELL","BOTH","0E-8",,"0E-8","0E-8","0E-8","1000.10000000","CANCELED","web_FBpJQJYZqtta8Tbs9Tfn","GTE_GTC","0E-8","0E-8","markPrice","true","2025-09-29 12:52:21"
"1157365933","2025-09-29 12:44:39","8389765968845984866","ETHUSDT","MARKET","SELL","BOTH","0E-8","4126.24000000","7.27200000","7.27200000","30006.01728000","4125.00000000","FILLED","web_nxmyMuWyV23LMvGEgmpF","GTE_GTC","0E-8","0E-8","markPrice","true","2025-09-29 13:42:58"
"1157365933","2025-09-29 12:52:21","76292349685","BNBUSDT","STOP_MARKET","SELL","BOTH","0E-8",,"0E-8","0E-8","0E-8","998.60000000","CANCELED","web_WEZTBF0H8NzyWQhqiHbC","GTE_GTC","0E-8","0E-8","markPrice","true","2025-09-29 13:16:18"
"1157365933","2025-09-29 13:03:14","8389765968858374993","ETHUSDT","STOP_MARKET","SELL","BOTH","0E-8",,"0E-8","0E-8","0E-8","4082.31000000","CANCELED","web_bqp57uez7OvcZo2kduVK","GTE_GTC","0E-8","0E-8","markPrice","true","2025-09-29 13:04:20"
"1157365933","2025-09-29 13:04:20","8389765968859435905","ETHUSDT","STOP_MARKET","SELL","BOTH","0E-8",,"0E-8","0E-8","0E-8","4072.73000000","EXPIRED","web_T0wv9IvoO5Je4HZWMoQ6","GTE_GTC","0E-8","0E-8","markPrice","true","2025-09-29 13:42:58"
"1157365933","2025-09-29 13:16:18","76294054240","BNBUSDT","STOP_MARKET","SELL","BOTH","0E-8",,"0E-8","0E-8","0E-8","1000.00000000","CANCELED","web_zDrBaPMhQ86jaiSn37ey","GTE_GTC","0E-8","0E-8","markPrice","true","2025-09-29 13:44:47"
"1157365933","2025-09-29 13:44:48","76296042808","BNBUSDT","STOP_MARKET","SELL","BOTH","0E-8",,"0E-8","0E-8","0E-8","1004.88000000","EXPIRED","web_iZAyA9PfTCO0zw56X8ri","GTE_GTC","0E-8","0E-8","markPrice","true","2025-09-29 13:45:15"
"1157365933","2025-09-29 13:45:15","76296093743","BNBUSDT","MARKET","SELL","BOTH","0E-8","1011.20229307","25.25000000","25.25000000","25532.85790000","0E-8","FILLED","web_dg54HChIFeRawi5n0SN4","GTC","0E-8","0E-8","Contract Price","false","2025-09-29 13:45:15"
"1157365933","2025-09-29 15:06:17","3245967709","NMRUSDT","MARKET","SELL","BOTH","0E-8","17.10369275","1637.10000000","1637.10000000","28000.45540000","0E-8","FILLED","web_usdt_l5jnvqmy7sojpv3ft3v2qiu","GTC","0E-8","0E-8","Contract Price","false","2025-09-29 15:06:17"
"1157365933","2025-09-29 15:06:37","3245973118","NMRUSDT","STOP_MARKET","BUY","BOTH","0E-8",,"0E-8","0E-8","0E-8","17.20000000","CANCELED","web_zr2kqZyWYdoLovp2De5B","GTE_GTC","0E-8","0E-8","markPrice","true","2025-09-29 15:07:53"
"1157365933","2025-09-29 15:07:53","3246001753","NMRUSDT","MARKET","BUY","BOTH","0E-8","17.29640101","1637.10000000","1637.10000000","28315.93810000","17.24000000","FILLED","web_fHdDOoeh2MCWKmAbiadq","GTE_GTC","0E-8","0E-8","markPrice","true","2025-09-29 15:08:16"
"1157365933","2025-09-29 15:28:31","3246522586","NMRUSDT","MARKET","SELL","BOTH","0E-8","17.06532954","1503.90000000","1503.90000000","25664.54910000","0E-8","FILLED","web_usdt_0un72p9y3gqv2sjsf10q4he","GTC","0E-8","0E-8","Contract Price","false","2025-09-29 15:28:31"
"1157365933","2025-09-29 15:28:52","3246527081","NMRUSDT","STOP_MARKET","BUY","BOTH","0E-8",,"0E-8","0E-8","0E-8","16.72400000","CANCELED","web_npA36RjIy2noArbdVxFR","GTE_GTC","0E-8","0E-8","markPrice","true","2025-09-29 15:32:41"
"1157365933","2025-09-29 15:28:52","3246527082","NMRUSDT","STOP_MARKET","BUY","BOTH","0E-8",,"0E-8","0E-8","0E-8","17.23500000","CANCELED","web_cxqMXHICa32JKEDJXg84","GTE_GTC","0E-8","0E-8","markPrice","true","2025-09-29 15:54:36"
"1157365933","2025-09-29 15:32:41","3246573931","NMRUSDT","STOP_MARKET","BUY","BOTH","0E-8",,"0E-8","0E-8","0E-8","16.79800000","CANCELED","web_LtFzt8Ouf5SBbAYnMwdw","GTE_GTC","0E-8","0E-8","markPrice","true","2025-09-29 15:50:41"
"1157365933","2025-09-29 15:50:41","3246782188","NMRUSDT","STOP_MARKET","BUY","BOTH","0E-8",,"0E-8","0E-8","0E-8","16.77500000","CANCELED","web_9kqxsYLuQaqEGgDsXzMl","GTE_GTC","0E-8","0E-8","markPrice","true","2025-09-29 15:55:04"
"1157365933","2025-09-29 15:54:36","3246819891","NMRUSDT","STOP_MARKET","BUY","BOTH","0E-8",,"0E-8","0E-8","0E-8","16.93300000","CANCELED","web_6y4ZyjJRGPYH6ChBE0F6","GTE_GTC","0E-8","0E-8","markPrice","true","2025-09-29 15:57:23"
"1157365933","2025-09-29 15:55:04","3246822641","NMRUSDT","STOP_MARKET","BUY","BOTH","0E-8",,"0E-8","0E-8","0E-8","16.59000000","EXPIRED","web_POJBnWzLx4ITGBXI64Zk","GTE_GTC","0E-8","0E-8","markPrice","true","2025-09-29 16:00:55"
"1157365933","2025-09-29 15:57:23","3246842830","NMRUSDT","STOP_MARKET","BUY","BOTH","0E-8",,"0E-8","0E-8","0E-8","16.87100000","CANCELED","web_5IFqZT4LQFCbdgF9iGHY","GTE_GTC","0E-8","0E-8","markPrice","true","2025-09-29 15:58:11"
"1157365933","2025-09-29 15:58:12","3246849641","NMRUSDT","STOP_MARKET","BUY","BOTH","0E-8",,"0E-8","0E-8","0E-8","16.82800000","CANCELED","web_eg0fJqidTeKWNcgsMKSv","GTE_GTC","0E-8","0E-8","markPrice","true","2025-09-29 15:59:32"
"1157365933","2025-09-29 15:59:32","3246858499","NMRUSDT","STOP_MARKET","BUY","BOTH","0E-8",,"0E-8","0E-8","0E-8","16.80900000","EXPIRED","web_BrurL8E8PzgfSV9c6CPE","GTE_GTC","0E-8","0E-8","markPrice","true","2025-09-29 16:00:55"
"1157365933","2025-09-29 16:00:55","3246884229","NMRUSDT","MARKET","BUY","BOTH","0E-8","16.69695837","1503.90000000","1503.90000000","25110.55570000","0E-8","FILLED","web_CUlEdczvmrMjemM3VT4A","GTC","0E-8","0E-8","Contract Price","false","2025-09-29 16:00:55"
"1157365933","2025-09-29 16:22:07","1141134863","AVAAIUSDT","MARKET","BUY","BOTH","0E-8","0.01805319","282548.00000000","282548.00000000","5100.89412000","0E-8","FILLED","web_usdt_64ucz6qicwyf4zrrr9yc7ro","GTC","0E-8","0E-8","Contract Price","false","2025-09-29 16:22:07"
"1157365933","2025-09-29 16:23:08","1141135549","AVAAIUSDT","STOP_MARKET","SELL","BOTH","0E-8",,"0E-8","0E-8","0E-8","0.01827000","EXPIRED","web_u8lS1DS4f0RirCRkA3av","GTE_GTC","0E-8","0E-8","markPrice","true","2025-09-29 16:24:17"
"1157365933","2025-09-29 16:23:08","1141135550","AVAAIUSDT","MARKET","SELL","BOTH","0E-8","0.01795935","282548.00000000","282548.00000000","5074.37954000","0.01798000","FILLED","web_5hYA06ETAE31D138CRtv","GTE_GTC","0E-8","0E-8","markPrice","true","2025-09-29 16:24:17"
"1157365933","2025-09-30 00:35:01","8389765969240297551","ETHUSDT","MARKET","SELL","BOTH","0E-8","4209.89000000","5.31200000","5.31200000","22362.93568000","0E-8","FILLED","web_usdt_davonstuh0x1vneiqovjswb","GTC","0E-8","0E-8","Contract Price","false","2025-09-30 00:35:01"
"1157365933","2025-09-30 00:35:27","8389765969240555661","ETHUSDT","STOP_MARKET","BUY","BOTH","0E-8",,"0E-8","0E-8","0E-8","4153.75000000","EXPIRED","web_Ki2n5hAp9h9TqWG2GW2J","GTE_GTC","0E-8","0E-8","Contract Price","true","2025-09-30 00:50:22"
"1157365933","2025-09-30 00:35:27","8389765969240555679","ETHUSDT","STOP_MARKET","BUY","BOTH","0E-8",,"0E-8","0E-8","0E-8","4216.00000000","CANCELED","web_4GBEPvpFtyXLscDLyJsD","GTE_GTC","0E-8","0E-8","Contract Price","true","2025-09-30 00:35:45"
"1157365933","2025-09-30 00:35:45","8389765969240689430","ETHUSDT","STOP_MARKET","BUY","BOTH","0E-8",,"0E-8","0E-8","0E-8","4237.95000000","CANCELED","web_EqegQODb99XdagSWKWIU","GTE_GTC","0E-8","0E-8","Contract Price","true","2025-09-30 00:36:25"
"1157365933","2025-09-30 00:36:25","8389765969241227256","ETHUSDT","STOP_MARKET","BUY","BOTH","0E-8",,"0E-8","0E-8","0E-8","4226.00000000","CANCELED","web_ea4YUKxCq2BEOXSOeTlW","GTE_GTC","0E-8","0E-8","Contract Price","true","2025-09-30 00:37:17"
"1157365933","2025-09-30 00:37:17","8389765969241653650","ETHUSDT","MARKET","BUY","BOTH","0E-8","4231.86940324","5.31200000","5.31200000","22479.69027000","4229.00000000","FILLED","web_wS6mRunQ7nxSMzifEtvt","GTE_GTC","0E-8","0E-8","Contract Price","true","2025-09-30 00:50:22"
"1157365933","2025-09-30 03:16:32","76345911883","BNBUSDT","MARKET","SELL","BOTH","0E-8","1025.70000000","54.55000000","54.55000000","55951.93500000","0E-8","FILLED","ios_usdt_uU8AAHEhBnw9e2IT761S","GTC","0E-8","0E-8","Contract Price","false","2025-09-30 03:16:32"
"1157365933","2025-09-30 03:16:53","76345934882","BNBUSDT","STOP_MARKET","BUY","BOTH","0E-8",,"0E-8","0E-8","0E-8","1030.82000000","EXPIRED","ios_y3LqIvePWpcudqtFtYSg","GTE_GTC","0E-8","0E-8","Contract Price","true","2025-09-30 04:02:31"
"1157365933","2025-09-30 03:16:53","76345934881","BNBUSDT","STOP_MARKET","BUY","BOTH","0E-8",,"0E-8","0E-8","0E-8","1018.00000000","CANCELED","ios_fPVq12nBSJRiVR2Z7wgx","GTE_GTC","0E-8","0E-8","Contract Price","true","2025-09-30 03:18:01"
"1157365933","2025-09-30 03:18:01","76346010083","BNBUSDT","STOP_MARKET","BUY","BOTH","0E-8",,"0E-8","0E-8","0E-8","1021.08000000","CANCELED","ios_WWyPngLm4ANIq396UvKU","GTE_GTC","0E-8","0E-8","Contract Price","true","2025-09-30 03:44:37"
"1157365933","2025-09-30 03:44:37","76347213652","BNBUSDT","STOP_MARKET","BUY","BOTH","0E-8",,"0E-8","0E-8","0E-8","1015.44000000","CANCELED","ios_uJ5uxHj2exWLfZCpRmhL","GTE_GTC","0E-8","0E-8","Contract Price","true","2025-09-30 03:57:09"
"1157365933","2025-09-30 03:57:09","76347696912","BNBUSDT","STOP_MARKET","BUY","BOTH","0E-8",,"0E-8","0E-8","0E-8","1022.00000000","CANCELED","ios_7yPCYTzOYi6yurUmHW8r","GTE_GTC","0E-8","0E-8","Contract Price","true","2025-09-30 04:02:21"
"1157365933","2025-09-30 04:02:22","76347943438","BNBUSDT","MARKET","BUY","BOTH","0E-8","1024.17000000","54.55000000","54.55000000","55868.47350000","1024.16000000","FILLED","ios_MVb1Q42fhoHneYVE0reH","GTE_GTC","0E-8","0E-8","Contract Price","true","2025-09-30 04:02:31"
"1157365933","2025-09-30 08:53:04","1059565266","AVNTUSDT","MARKET","BUY","BOTH","0E-8","1.21680934","20540.00000000","20540.00000000","24993.26380000","0E-8","FILLED","web_usdt_aa6joacyu62phaasi5tw9qm","GTC","0E-8","0E-8","Contract Price","false","2025-09-30 08:53:04"
"1157365933","2025-09-30 08:54:13","1059626567","AVNTUSDT","STOP_MARKET","SELL","BOTH","0E-8",,"0E-8","0E-8","0E-8","1.23300000","EXPIRED","web_truXSY8hMb0zoSpgmI6P","GTE_GTC","0E-8","0E-8","markPrice","true","2025-09-30 08:55:10"
"1157365933","2025-09-30 08:54:13","1059626569","AVNTUSDT","MARKET","SELL","BOTH","0E-8","1.20524484","20540.00000000","20540.00000000","24755.72910000","1.20700000","FILLED","web_5ZpdXBq4dX1HbNs58llG","GTE_GTC","0E-8","0E-8","markPrice","true","2025-09-30 08:55:10"
"1157365933","2025-09-30 09:06:56","76363051372","BNBUSDT","LIMIT","SELL","BOTH","1020.00000000","1020.36000000","5.24000000","5.24000000","5346.68640000","0E-8","FILLED","web_usdt_vhluuqawnmfre1lksh9o28n","GTC","0E-8","0E-8","Contract Price","false","2025-09-30 09:06:56"
"1157365933","2025-09-30 09:07:46","76363120685","BNBUSDT","STOP_MARKET","BUY","BOTH","0E-8",,"0E-8","0E-8","0E-8","1000.48000000","CANCELED","web_UreTRgIFO5r5m9Xffka7","GTE_GTC","0E-8","0E-8","markPrice","true","2025-09-30 09:10:15"
"1157365933","2025-09-30 09:07:46","76363120684","BNBUSDT","STOP_MARKET","BUY","BOTH","0E-8",,"0E-8","0E-8","0E-8","1027.23000000","CANCELED","web_BHOVIuNRHSd2Il4mLLmB","GTE_GTC","0E-8","0E-8","markPrice","true","2025-09-30 11:53:08"
"1157365933","2025-09-30 09:10:15","76363267052","BNBUSDT","STOP_MARKET","BUY","BOTH","0E-8",,"0E-8","0E-8","0E-8","1000.00000000","EXPIRED","web_7gGhSpF29WDpUOEpcCHs","GTE_GTC","0E-8","0E-8","markPrice","true","2025-09-30 12:20:15"
"1157365933","2025-09-30 11:31:20","8389765969608231933","ETHUSDT","LIMIT","SELL","BOTH","4161.77000000","4163.00000000","3.88600000","3.88600000","16177.41800000","0E-8","FILLED","web_usdt_w2jy27665goieafhiqdldhp","GTC","0E-8","0E-8","Contract Price","false","2025-09-30 11:31:20"
"1157365933","2025-09-30 11:31:47","8389765969608599990","ETHUSDT","STOP_MARKET","BUY","BOTH","0E-8",,"0E-8","0E-8","0E-8","4129.69000000","CANCELED","web_7mqOVsGmxWViwtysF1MG","GTE_GTC","0E-8","0E-8","markPrice","true","2025-09-30 11:33:38"
"1157365933","2025-09-30 11:31:47","8389765969608600143","ETHUSDT","STOP_MARKET","BUY","BOTH","0E-8",,"0E-8","0E-8","0E-8","4182.42000000","CANCELED","web_U0l6FC2Zuoucmz7Z6ZPH","GTE_GTC","0E-8","0E-8","markPrice","true","2025-09-30 12:01:08"
"1157365933","2025-09-30 11:33:38","8389765969610039311","ETHUSDT","STOP_MARKET","BUY","BOTH","0E-8",,"0E-8","0E-8","0E-8","4139.57000000","CANCELED","web_cf7HHV79V4FGsSS5BYCL","GTE_GTC","0E-8","0E-8","markPrice","true","2025-09-30 11:55:47"
"1157365933","2025-09-30 11:53:08","76372662113","BNBUSDT","STOP_MARKET","BUY","BOTH","0E-8",,"0E-8","0E-8","0E-8","1019.84000000","CANCELED","web_3frVRvFf10q6szb6WmUU","GTE_GTC","0E-8","0E-8","markPrice","true","2025-09-30 12:18:14"
"1157365933","2025-09-30 11:55:47","8389765969622782758","ETHUSDT","STOP_MARKET","BUY","BOTH","0E-8",,"0E-8","0E-8","0E-8","4146.96000000","CANCELED","web_yan5fpsYziQypn33F4Db","GTE_GTC","0E-8","0E-8","markPrice","true","2025-09-30 12:01:08"
"1157365933","2025-09-30 12:01:08","8389765969625337345","ETHUSDT","MARKET","BUY","BOTH","0E-8","4161.00000000","3.88600000","3.88600000","16169.64600000","4160.91000000","FILLED","web_WhfzOQfyuWmVGKGVyA3v","GTE_GTC","0E-8","0E-8","markPrice","true","2025-09-30 12:01:10"
"1157365933","2025-09-30 12:01:08","8389765969625337426","ETHUSDT","STOP_MARKET","BUY","BOTH","0E-8",,"0E-8","0E-8","0E-8","4140.79000000","EXPIRED","web_Og71EKvHX5JDkKB3SbdV","GTE_GTC","0E-8","0E-8","markPrice","true","2025-09-30 12:01:10"
"1157365933","2025-09-30 12:18:15","76373943105","BNBUSDT","MARKET","BUY","BOTH","0E-8","1011.51000000","5.24000000","5.24000000","5300.31240000","1011.48000000","FILLED","web_mZjPhmqhQ1xPN5cCYQGu","GTE_GTC","0E-8","0E-8","markPrice","true","2025-09-30 12:20:15"
"1157365933","2025-09-30 12:33:13","76374797647","BNBUSDT","MARKET","BUY","BOTH","0E-8","1011.56663776","51.90000000","51.90000000","52500.30850000","0E-8","FILLED","web_usdt_waxw58br7ps2vvy18cjgk47","GTC","0E-8","0E-8","Contract Price","false","2025-09-30 12:33:13"
"1157365933","2025-09-30 12:35:24","76374934384","BNBUSDT","STOP_MARKET","SELL","BOTH","0E-8",,"0E-8","0E-8","0E-8","1007.60000000","CANCELED","web_Q4fsuiSskCEMQGUoUVwZ","GTE_GTC","0E-8","0E-8","markPrice","true","2025-09-30 12:36:56"
"1157365933","2025-09-30 12:36:56","76375004268","BNBUSDT","STOP_MARKET","SELL","BOTH","0E-8",,"0E-8","0E-8","0E-8","1006.21000000","CANCELED","web_XH6qkR9UEEroY4yb2wVj","GTE_GTC","0E-8","0E-8","markPrice","true","2025-09-30 12:50:06"
"1157365933","2025-09-30 12:38:02","76375056135","BNBUSDT","STOP_MARKET","SELL","BOTH","0E-8",,"0E-8","0E-8","0E-8","1016.14000000","CANCELED","web_NVZNurVNCA4PjyZS95yU","GTE_GTC","0E-8","0E-8","markPrice","true","2025-09-30 13:40:11"
"1157365933","2025-09-30 12:50:16","76375593432","BNBUSDT","STOP_MARKET","SELL","BOTH","0E-8",,"0E-8","0E-8","0E-8","1009.03000000","CANCELED","web_trAVPboa0XjaWoqmjjvw","GTE_GTC","0E-8","0E-8","markPrice","true","2025-09-30 12:50:45"
"1157365933","2025-09-30 12:50:45","76375628437","BNBUSDT","STOP_MARKET","SELL","BOTH","0E-8",,"0E-8","0E-8","0E-8","1006.24000000","CANCELED","web_AeLufiHGOFtCWDzDtAYL","GTE_GTC","0E-8","0E-8","markPrice","true","2025-09-30 13:02:23"
"1157365933","2025-09-30 13:02:23","76376204159","BNBUSDT","STOP_MARKET","SELL","BOTH","0E-8",,"0E-8","0E-8","0E-8","1005.49000000","CANCELED","web_dVBsS0Qr5OGB9krmVuKT","GTE_GTC","0E-8","0E-8","markPrice","true","2025-09-30 13:44:55"
"1157365933","2025-09-30 13:40:11","76378926515","BNBUSDT","STOP_MARKET","SELL","BOTH","0E-8",,"0E-8","0E-8","0E-8","1012.07000000","CANCELED","web_s99YE2N0OiJSiKeaWikB","GTE_GTC","0E-8","0E-8","markPrice","true","2025-09-30 13:40:55"
"1157365933","2025-09-30 13:40:55","76378987396","BNBUSDT","STOP_MARKET","SELL","BOTH","0E-8",,"0E-8","0E-8","0E-8","1012.30000000","CANCELED","web_8MniAsngwQSuYgYnbHtx","GTE_GTC","0E-8","0E-8","markPrice","true","2025-09-30 13:41:39"
"1157365933","2025-09-30 13:41:39","76379045667","BNBUSDT","STOP_MARKET","SELL","BOTH","0E-8",,"0E-8","0E-8","0E-8","1021.68000000","CANCELED","web_40ZXknfU7sWJ8FgsNihE","GTE_GTC","0E-8","0E-8","markPrice","true","2025-09-30 13:43:17"
"1157365933","2025-09-30 13:43:17","76379138528","BNBUSDT","STOP_MARKET","SELL","BOTH","0E-8",,"0E-8","0E-8","0E-8","1012.08000000","CANCELED","web_rFLGCxlpVB2Z7iaFD0Dk","GTE_GTC","0E-8","0E-8","markPrice","true","2025-09-30 13:43:34"
"1157365933","2025-09-30 13:43:34","76379153019","BNBUSDT","STOP_MARKET","SELL","BOTH","0E-8",,"0E-8","0E-8","0E-8","1021.68000000","CANCELED","web_ANzd7mDX8MGETqPX1R2p","GTE_GTC","0E-8","0E-8","markPrice","true","2025-09-30 13:51:53"
"1157365933","2025-09-30 13:44:55","76379253151","BNBUSDT","STOP_MARKET","SELL","BOTH","0E-8",,"0E-8","0E-8","0E-8","1012.00000000","CANCELED","web_LXG1zC3tgYClYRy2gYhL","GTE_GTC","0E-8","0E-8","markPrice","true","2025-09-30 13:45:12"
"1157365933","2025-09-30 13:45:24","76379295707","BNBUSDT","STOP_MARKET","SELL","BOTH","0E-8",,"0E-8","0E-8","0E-8","1012.00000000","CANCELED","web_KHVijZs6d8X5Hl2kahcj","GTE_GTC","0E-8","0E-8","markPrice","true","2025-09-30 13:47:09"
"1157365933","2025-09-30 13:47:23","76379469058","BNBUSDT","STOP_MARKET","SELL","BOTH","0E-8",,"0E-8","0E-8","0E-8","1011.00000000","CANCELED","web_XywtlpeT1YQJuIvgUdB4","GTE_GTC","0E-8","0E-8","markPrice","true","2025-09-30 13:47:42"
"1157365933","2025-09-30 13:49:51","76379668061","BNBUSDT","STOP_MARKET","SELL","BOTH","0E-8",,"0E-8","0E-8","0E-8","1006.16000000","CANCELED","web_df8oKCUIYYAsR5KBVwrt","GTE_GTC","0E-8","0E-8","markPrice","true","2025-09-30 13:50:34"
"1157365933","2025-09-30 13:50:34","76379740885","BNBUSDT","STOP_MARKET","SELL","BOTH","0E-8",,"0E-8","0E-8","0E-8","1005.16000000","CANCELED","web_DzsrDJ8JjjQS8ZuHbWOd","GTE_GTC","0E-8","0E-8","markPrice","true","2025-09-30 14:05:31"
"1157365933","2025-09-30 13:51:53","76379841006","BNBUSDT","STOP_MARKET","SELL","BOTH","0E-8",,"0E-8","0E-8","0E-8","1014.00000000","CANCELED","web_vnjBELMqydNfhgPBiXaZ","GTE_GTC","0E-8","0E-8","markPrice","true","2025-09-30 13:53:10"
"1157365933","2025-09-30 13:53:10","76379925841","BNBUSDT","STOP_MARKET","SELL","BOTH","0E-8",,"0E-8","0E-8","0E-8","1017.63000000","EXPIRED","web_EfMHS6pDViP9F8l7buDX","GTE_GTC","0E-8","0E-8","markPrice","true","2025-09-30 14:27:55"
"1157365933","2025-09-30 14:05:31","76380845518","BNBUSDT","STOP_MARKET","SELL","BOTH","0E-8",,"0E-8","0E-8","0E-8","1004.48000000","CANCELED","web_dITtyXNMZOBBJ0FpMhtF","GTE_GTC","0E-8","0E-8","markPrice","true","2025-09-30 14:05:50"
"1157365933","2025-09-30 14:05:50","76380867705","BNBUSDT","STOP_MARKET","SELL","BOTH","0E-8",,"0E-8","0E-8","0E-8","1003.97000000","CANCELED","web_VKnTjrQfZc7I3jKNsmtN","GTE_GTC","0E-8","0E-8","markPrice","true","2025-09-30 14:06:18"
"1157365933","2025-09-30 14:06:18","76380911528","BNBUSDT","STOP_MARKET","SELL","BOTH","0E-8",,"0E-8","0E-8","0E-8","1002.96000000","CANCELED","web_nl1wJfOpUM7Ntoa84ltZ","GTE_GTC","0E-8","0E-8","markPrice","true","2025-09-30 14:20:23"
"1157365933","2025-09-30 14:20:23","76382096492","BNBUSDT","MARKET","SELL","BOTH","0E-8","1002.40891329","51.90000000","51.90000000","52025.02260000","1002.46000000","FILLED","web_k4SoXRNSJzuLfXLbtW5l","GTE_GTC","0E-8","0E-8","markPrice","true","2025-09-30 14:27:55"
"1157365933","2025-09-30 22:05:30","76408818202","BNBUSDT","MARKET","SELL","BOTH","0E-8","1003.88016181","49.44000000","49.44000000","49631.83520000","0E-8","FILLED","web_usdt_k4bph21tgca93hx1o4kvmlw","GTC","0E-8","0E-8","Contract Price","false","2025-09-30 22:05:30"
"1157365933","2025-09-30 22:06:36","76408881988","BNBUSDT","STOP_MARKET","BUY","BOTH","0E-8",,"0E-8","0E-8","0E-8","1006.40000000","CANCELED","web_NHz6AR7xutrzzaaclD2P","GTE_GTC","0E-8","0E-8","markPrice","true","2025-09-30 22:25:53"
"1157365933","2025-09-30 22:06:36","76408881987","BNBUSDT","STOP_MARKET","BUY","BOTH","0E-8",,"0E-8","0E-8","0E-8","997.35000000","CANCELED","web_8z2eJi6dmlpTRBjFVcpZ","GTE_GTC","0E-8","0E-8","markPrice","true","2025-09-30 22:07:12"
"1157365933","2025-09-30 22:07:13","76408902798","BNBUSDT","STOP_MARKET","BUY","BOTH","0E-8",,"0E-8","0E-8","0E-8","998.00000000","CANCELED","web_Ccr624Db5qcrIkfMDrO2","GTE_GTC","0E-8","0E-8","markPrice","true","2025-09-30 22:45:16"
"1157365933","2025-09-30 22:25:53","76409699312","BNBUSDT","STOP_MARKET","BUY","BOTH","0E-8",,"0E-8","0E-8","0E-8","1008.39000000","CANCELED","ios_RhMIbVy0ftj9PJnintZX","GTE_GTC","0E-8","0E-8","markPrice","true","2025-09-30 22:43:21"
"1157365933","2025-09-30 22:44:26","76410574519","BNBUSDT","STOP_MARKET","BUY","BOTH","0E-8",,"0E-8","0E-8","0E-8","1007.39000000","CANCELED","ios_ZASChJGVZe7GwJyMWBtw","GTE_GTC","0E-8","0E-8","markPrice","true","2025-09-30 23:30:41"
"1157365933","2025-09-30 22:45:17","76410600728","BNBUSDT","STOP_MARKET","BUY","BOTH","0E-8",,"0E-8","0E-8","0E-8","999.00000000","CANCELED","ios_ysqA4tzSpj2fmwdxIoHi","GTE_GTC","0E-8","0E-8","markPrice","true","2025-09-30 23:33:21"
"1157365933","2025-09-30 23:30:41","76412263151","BNBUSDT","STOP_MARKET","BUY","BOTH","0E-8",,"0E-8","0E-8","0E-8","1008.39000000","CANCELED","web_xPJ6cgIRnQkNgFHVeqUS","GTE_GTC","0E-8","0E-8","markPrice","true","2025-09-30 23:31:02"
"1157365933","2025-09-30 23:31:02","76412277181","BNBUSDT","STOP_MARKET","BUY","BOTH","0E-8",,"0E-8","0E-8","0E-8","1009.36000000","CANCELED","web_N8aJtu7O7B2C0Awjs7HO","GTE_GTC","0E-8","0E-8","markPrice","true","2025-09-30 23:31:24"
"1157365933","2025-09-30 23:31:24","76412291029","BNBUSDT","MARKET","BUY","BOTH","0E-8","1011.95000000","49.44000000","49.44000000","50030.80800000","1011.13000000","FILLED","web_xsUKlycL6pJBDYxBo8W3","GTE_GTC","0E-8","0E-8","markPrice","true","2025-10-01 00:04:56"
"1157365933","2025-09-30 23:33:21","76412390003","BNBUSDT","STOP_MARKET","BUY","BOTH","0E-8",,"0E-8","0E-8","0E-8","995.19000000","EXPIRED","web_Tyk8fsHbnuCkhDBiaGzI","GTE_GTC","0E-8","0E-8","markPrice","true","2025-10-01 00:04:56"
"1157365933","2025-10-01 00:19:14","11492594329","ENAUSDT","MARKET","BUY","BOTH","0E-8","0.55927369","39132.00000000","39132.00000000","21885.49810000","0E-8","FILLED","ios_usdt_NER5jSsTd6Fwi7lidXmN","GTC","0E-8","0E-8","Contract Price","false","2025-10-01 00:19:14"
"1157365933","2025-10-01 00:19:39","11492601564","ENAUSDT","STOP_MARKET","SELL","BOTH","0E-8",,"0E-8","0E-8","0E-8","0.56760000","EXPIRED","ios_Fn8Pr4nS54XJ4GQ8Yo9D","GTE_GTC","0E-8","0E-8","markPrice","true","2025-10-01 00:44:52"
"1157365933","2025-10-01 00:19:39","11492601557","ENAUSDT","STOP_MARKET","SELL","BOTH","0E-8",,"0E-8","0E-8","0E-8","0.55420000","EXPIRED","ios_zvh6mz9Np5JK422mACmB","GTE_GTC","0E-8","0E-8","markPrice","true","2025-10-01 00:44:52"
"1157365933","2025-10-01 00:44:52","11492918704","ENAUSDT","MARKET","SELL","BOTH","0E-8","0.55610000","39132.00000000","39132.00000000","21761.30520000","0E-8","FILLED","ios_QNfNB7w6RKSE6UM6DYGX","GTC","0E-8","0E-8","Contract Price","false","2025-10-01 00:44:52"
"1157365933","2025-10-01 00:58:18","19511969462","XLMUSDT","MARKET","SELL","BOTH","0E-8","0.36369482","88058.00000000","88058.00000000","32026.23833000","0E-8","FILLED","ios_usdt_QZhMXQf6Hu8comfZAX5K","GTC","0E-8","0E-8","Contract Price","false","2025-10-01 00:58:18"
"1157365933","2025-10-01 00:58:40","19511971220","XLMUSDT","MARKET","BUY","BOTH","0E-8","0.36509174","88058.00000000","88058.00000000","32149.24859000","0.36490000","FILLED","ios_0aULv2X1EEbPSnYIRlbV","GTE_GTC","0E-8","0E-8","markPrice","true","2025-10-01 01:09:44"
"1157365933","2025-10-01 01:01:08","19511985648","XLMUSDT","STOP_MARKET","BUY","BOTH","0E-8",,"0E-8","0E-8","0E-8","0.35910000","EXPIRED","ios_omA8Xbw1WuEPWnaacmPA","GTE_GTC","0E-8","0E-8","markPrice","true","2025-10-01 01:09:44"
"1157365933","2025-10-01 03:18:03","2357398313","MYXUSDT","MARKET","BUY","BOTH","0E-8","14.20895833","360.00000000","360.00000000","5115.22500000","0E-8","FILLED","ios_usdt_1WfP2dIzZXRwW8DjldBA","GTC","0E-8","0E-8","Contract Price","false","2025-10-01 03:18:03"
"1157365933","2025-10-01 03:18:23","2357401137","MYXUSDT","STOP_MARKET","SELL","BOTH","0E-8",,"0E-8","0E-8","0E-8","15.06100000","CANCELED","ios_ELamhDJzwhbgSNdv9nYz","GTE_GTC","0E-8","0E-8","markPrice","true","2025-10-01 03:18:46"
"1157365933","2025-10-01 03:18:23","2357401136","MYXUSDT","MARKET","SELL","BOTH","0E-8","13.93772500","360.00000000","360.00000000","5017.58100000","13.95300000","FILLED","ios_krl18yLmk0lfhRoq9JsP","GTE_GTC","0E-8","0E-8","markPrice","true","2025-10-01 03:38:41"
"1157365933","2025-10-01 03:18:46","2357404607","MYXUSDT","STOP_MARKET","SELL","BOTH","0E-8",,"0E-8","0E-8","0E-8","14.99000000","EXPIRED","ios_m7HTQ5HzWjcRwLWjxuLk","GTE_GTC","0E-8","0E-8","markPrice","true","2025-10-01 03:38:41"
"1157365933","2025-10-01 07:02:08","76434103275","BNBUSDT","LIMIT","BUY","BOTH","1005.00000000",,"20.00000000","0E-8","0E-8","0E-8","CANCELED","ios_usdt_hrsssa3xB3pkNxkVd1kb","GTC","0E-8","0E-8","Contract Price","false","2025-10-01 07:03:38"
"1157365933","2025-10-01 07:03:20","76434168671","BNBUSDT","LIMIT","BUY","BOTH","1005.00000000",,"20.01000000","0E-8","0E-8","0E-8","CANCELED","ios_st_WLHN0jWnM5eN5ie","GTC","0E-8","0E-8","Contract Price","false","2025-10-01 07:03:38"
"1157365933","2025-10-01 14:18:18","11506400022","ENAUSDT","LIMIT","SELL","BOTH","0.58900000",,"13655.00000000","0E-8","0E-8","0E-8","CANCELED","web_usdt_st_zh4lj668g8q44nhukiwl","GTC","0E-8","0E-8","Contract Price","false","2025-10-01 23:27:42"
"1157365933","2025-10-01 23:27:36","19522934008","XLMUSDT","LIMIT","SELL","BOTH","0.39645000",,"76280.00000000","0E-8","0E-8","0E-8","CANCELED","web_usdt_st_fakoyhjqvnn9bx5mre15","GTC","0E-8","0E-8","Contract Price","false","2025-10-01 23:38:06"
"1157365933","2025-10-01 23:38:38","19523023889","XLMUSDT","LIMIT","SELL","BOTH","0.39699000",,"48623.00000000","0E-8","0E-8","0E-8","CANCELED","web_usdt_dmy324hl073reqq841kqd2q","GTC","0E-8","0E-8","Contract Price","false","2025-10-01 23:38:53"
"1157365933","2025-10-01 23:39:54","19523031167","XLMUSDT","LIMIT","SELL","BOTH","0.39699000","0.39699000","50649.00000000","50649.00000000","20107.14651000","0E-8","FILLED","web_usdt_st_ov995ds9qoe72syyw5vo","GTC","0E-8","0E-8","Contract Price","false","2025-10-01 23:47:59"
"1157365933","2025-10-01 23:47:59","19523076438","XLMUSDT","MARKET","BUY","BOTH","0E-8","0.39799928","50649.00000000","50649.00000000","20158.26552000","0.39798000","FILLED","web_st_s3vCh9RbIUvaAEz","GTE_GTC","0E-8","0E-8","markPrice","true","2025-10-01 23:58:23"
"1157365933","2025-10-01 23:47:59","19523076433","XLMUSDT","STOP","BUY","BOTH","0.35729000",,"50649.00000000","0E-8","0E-8","0.39077000","EXPIRED","web_st_OFM4dyKw8HcLC6f","GTE_GTC","0E-8","0E-8","markPrice","true","2025-10-01 23:58:23"
"1157365933","2025-10-02 01:08:00","2375726820","MYXUSDT","LIMIT","SELL","BOTH","15.82200000","15.82200000","250.00000000","250.00000000","3955.50000000","0E-8","FILLED","ios_st_wcQOwAp0pAyNnGo","GTC","0E-8","0E-8","Contract Price","false","2025-10-02 01:09:13"
"1157365933","2025-10-02 01:09:13","2375752973","MYXUSDT","MARKET","BUY","BOTH","0E-8","15.98534800","250.00000000","250.00000000","3996.33700000","15.98000000","FILLED","ios_st_PiaCTiEMcQSzVMk","GTE_GTC","0E-8","0E-8","markPrice","true","2025-10-02 01:31:12"
"1157365933","2025-10-02 01:10:10","2375773374","MYXUSDT","STOP_MARKET","BUY","BOTH","0E-8",,"250.00000000","0E-8","0E-8","15.10700000","CANCELED","ios_BZkh8Q9Z6Spe0Sn5JoM0","GTE_GTC","0E-8","0E-8","markPrice","true","2025-10-02 01:21:16"
"1157365933","2025-10-02 01:11:49","2375807116","MYXUSDT","STOP_MARKET","BUY","BOTH","0E-8",,"250.00000000","0E-8","0E-8","15.42900000","CANCELED","ios_RWlLhs4q0nDIFRS4c9Zr","GTE_GTC","0E-8","0E-8","markPrice","true","2025-10-02 01:21:13"
"1157365933","2025-10-02 01:21:28","2375947708","MYXUSDT","STOP_MARKET","BUY","BOTH","0E-8",,"250.00000000","0E-8","0E-8","15.19100000","EXPIRED","ios_bZWrEu8bmd2e6apWCDzz","GTE_GTC","0E-8","0E-8","markPrice","true","2025-10-02 01:31:12"
"1157365933","2025-10-02 01:52:06","76491158299","BNBUSDT","LIMIT","SELL","BOTH","1032.00000000","1032.00000000","9.46000000","9.46000000","9762.72000000","0E-8","FILLED","ios_st_5YLleJb4R7n2M7U","GTC","0E-8","0E-8","Contract Price","false","2025-10-02 01:52:42"
"1157365933","2025-10-02 01:52:42","76491183660","BNBUSDT","STOP_MARKET","BUY","BOTH","0E-8",,"9.46000000","0E-8","0E-8","1019.61000000","EXPIRED","ios_st_9B9ZJ4K84ijbViO","GTE_GTC","0E-8","0E-8","markPrice","true","2025-10-02 01:58:34"
"1157365933","2025-10-02 01:52:42","76491183673","BNBUSDT","MARKET","BUY","BOTH","0E-8","1037.61000000","9.46000000","9.46000000","9815.79060000","1037.16000000","FILLED","ios_st_hv91pnavpZ4QZT7","GTE_GTC","0E-8","0E-8","markPrice","true","2025-10-02 01:58:34"
"1157365933","2025-10-02 02:09:29","11515921080","ENAUSDT","MARKET","BUY","BOTH","0E-8","0.58800000","14800.00000000","14800.00000000","8702.40000000","0E-8","FILLED","ios_usdt_NjXK3Y4ioyFf11CH4iQk","GTC","0E-8","0E-8","Contract Price","false","2025-10-02 02:09:29"
"1157365933","2025-10-02 02:09:45","11515924716","ENAUSDT","STOP_MARKET","SELL","BOTH","0E-8",,"0E-8","0E-8","0E-8","0.58380000","CANCELED","ios_rTjJAelRBVjzhi5FPfxr","GTE_GTC","0E-8","0E-8","markPrice","true","2025-10-02 02:18:23"
"1157365933","2025-10-02 02:09:45","11515924715","ENAUSDT","STOP_MARKET","SELL","BOTH","0E-8",,"0E-8","0E-8","0E-8","0.59620000","CANCELED","ios_RnwQBntTbrIDy13d9mLI","GTE_GTC","0E-8","0E-8","markPrice","true","2025-10-02 02:18:11"
"1157365933","2025-10-02 02:13:04","11515974458","ENAUSDT","STOP_MARKET","SELL","BOTH","0E-8",,"14800.00000000","0E-8","0E-8","0.59340000","CANCELED","ios_1lSLYZ36avUxsAQldYeb","GTE_GTC","0E-8","0E-8","markPrice","true","2025-10-02 02:18:21"
"1157365933","2025-10-02 02:18:11","11516066066","ENAUSDT","STOP_MARKET","SELL","BOTH","0E-8",,"0E-8","0E-8","0E-8","0.59370000","CANCELED","ios_KO9MC9kWB2bNyKw6zj0a","GTE_GTC","0E-8","0E-8","markPrice","true","2025-10-02 02:18:22"
"1157365933","2025-10-02 02:18:41","11516074307","ENAUSDT","STOP_MARKET","SELL","BOTH","0E-8",,"0E-8","0E-8","0E-8","0.58380000","EXPIRED","ios_EZhZf7psLXdeYzNNHJtl","GTE_GTC","0E-8","0E-8","markPrice","true","2025-10-02 02:30:31"
"1157365933","2025-10-02 02:18:41","11516074304","ENAUSDT","STOP_MARKET","SELL","BOTH","0E-8",,"0E-8","0E-8","0E-8","0.59320000","EXPIRED","ios_UAkOmpxkk9Uzs4iDs4MZ","GTE_GTC","0E-8","0E-8","markPrice","true","2025-10-02 02:30:31"
"1157365933","2025-10-02 02:30:17","11516303927","ENAUSDT","MARKET","SELL","BOTH","0E-8","0.59065039","14800.00000000","14800.00000000","8741.62570000","0.59090000","FILLED","ios_CRaR72xCDRKADDkEbv0y","GTE_GTC","0E-8","0E-8","markPrice","true","2025-10-02 02:30:31"
"1157365933","2025-10-02 03:14:53","11517192939","ENAUSDT","MARKET","SELL","BOTH","0E-8","0.59602687","16261.00000000","16261.00000000","9691.99290000","0E-8","FILLED","ios_usdt_7NZTH6UbvFZzIrP2A6XE","GTC","0E-8","0E-8","Contract Price","false","2025-10-02 03:14:53"
"1157365933","2025-10-02 03:15:04","11517197360","ENAUSDT","STOP_MARKET","BUY","BOTH","0E-8",,"0E-8","0E-8","0E-8","0.59900000","CANCELED","ios_5rOx8zD1QAvQsrbKfuSX","GTE_GTC","0E-8","0E-8","markPrice","true","2025-10-02 03:34:38"
"1157365933","2025-10-02 03:15:39","11517210521","ENAUSDT","STOP_MARKET","BUY","BOTH","0E-8",,"16261.00000000","0E-8","0E-8","0.58820000","EXPIRED","ios_XBfPKBhDy75P8kInkjFV","GTE_GTC","0E-8","0E-8","markPrice","true","2025-10-02 03:49:41"
"1157365933","2025-10-02 03:17:39","11517248548","ENAUSDT","STOP_MARKET","BUY","BOTH","0E-8",,"0E-8","0E-8","0E-8","0.57270000","EXPIRED","ios_Bwvt0rYoRGKk4QFqQICW","GTE_GTC","0E-8","0E-8","markPrice","true","2025-10-02 03:49:41"
"1157365933","2025-10-02 03:34:38","11517541881","ENAUSDT","MARKET","BUY","BOTH","0E-8","0.60083626","16261.00000000","16261.00000000","9770.19850000","0.60010000","FILLED","ios_SDyfiwpPLOiE9bcLmYvy","GTE_GTC","0E-8","0E-8","markPrice","true","2025-10-02 03:49:41"
"1157365933","2025-10-02 08:17:28","13021205898","XMRUSDT","MARKET","BUY","BOTH","0E-8","326.07273538","113.30800000","113.30800000","36946.64950000","0E-8","FILLED","ios_usdt_FVWji0NTFRoO07LRybVU","GTC","0E-8","0E-8","Contract Price","false","2025-10-02 08:17:28"
"1157365933","2025-10-02 08:19:10","13021232876","XMRUSDT","STOP_MARKET","SELL","BOTH","0E-8",,"0E-8","0E-8","0E-8","330.96000000","CANCELED","ios_CSRMirVWOrxtLqgxNoAt","GTE_GTC","0E-8","0E-8","markPrice","true","2025-10-02 08:36:41"
"1157365933","2025-10-02 08:19:10","13021232875","XMRUSDT","STOP_MARKET","SELL","BOTH","0E-8",,"0E-8","0E-8","0E-8","324.44000000","CANCELED","ios_5pqyugyc9hQwy67z0lb1","GTE_GTC","0E-8","0E-8","markPrice","true","2025-10-02 08:24:54"
"1157365933","2025-10-02 08:24:55","13021282382","XMRUSDT","STOP_MARKET","SELL","BOTH","0E-8",,"0E-8","0E-8","0E-8","323.62000000","CANCELED","ios_a68dZkMuMfA6COOaXfak","GTE_GTC","0E-8","0E-8","markPrice","true","2025-10-02 08:26:57"
"1157365933","2025-10-02 08:26:57","13021297370","XMRUSDT","STOP_MARKET","SELL","BOTH","0E-8",,"0E-8","0E-8","0E-8","321.99000000","CANCELED","ios_QoG9cbZsUH0G94W8VWkE","GTE_GTC","0E-8","0E-8","markPrice","true","2025-10-02 08:27:44"
"1157365933","2025-10-02 08:27:44","13021301787","XMRUSDT","STOP_MARKET","SELL","BOTH","0E-8",,"0E-8","0E-8","0E-8","318.00000000","EXPIRED","ios_lpsEeSmOoEHADrNtshSz","GTE_GTC","0E-8","0E-8","markPrice","true","2025-10-02 08:56:04"
"1157365933","2025-10-02 08:36:42","13021371090","XMRUSDT","STOP_MARKET","SELL","BOTH","0E-8",,"0E-8","0E-8","0E-8","343.00000000","EXPIRED","ios_UYn11nrRaBRc7IVn6GPs","GTE_GTC","0E-8","0E-8","markPrice","true","2025-10-02 08:56:04"
"1157365933","2025-10-02 08:50:50","13021468048","XMRUSDT","STOP_MARKET","SELL","BOTH","0E-8",,"113.30800000","0E-8","0E-8","328.00000000","EXPIRED","ios_NIUc84MTEstUEIPqnRdl","GTE_GTC","0E-8","0E-8","markPrice","true","2025-10-02 08:56:04"
"1157365933","2025-10-02 08:55:57","13021506901","XMRUSDT","MARKET","SELL","BOTH","0E-8","332.62324470","113.30800000","113.30800000","37688.87461000","332.00000000","FILLED","ios_mb82wUKG9z44bmnGzT05","GTE_GTC","0E-8","0E-8","markPrice","true","2025-10-02 08:56:04"
"1157365933","2025-10-02 09:32:08","563700403","MERLUSDT","MARKET","BUY","BOTH","0E-8","0.28999007","27088.00000000","27088.00000000","7855.25093000","0E-8","FILLED","web_usdt_st_i3j2z1ku4mgnb0zwlx3f","GTC","0E-8","0E-8","Contract Price","false","2025-10-02 09:32:08"
"1157365933","2025-10-02 09:32:08","563700549","MERLUSDT","STOP_MARKET","SELL","BOTH","0E-8",,"27088.00000000","0E-8","0E-8","0.28716000","CANCELED","web_st_hgE7o88Bfw9kLSe","GTE_GTC","0E-8","0E-8","markPrice","true","2025-10-02 10:04:56"
"1157365933","2025-10-02 09:34:12","563707095","MERLUSDT","STOP_MARKET","SELL","BOTH","0E-8",,"0E-8","0E-8","0E-8","0.29628000","CANCELED","web_ha2baPTNEPG2vBPpQA5V","GTE_GTC","0E-8","0E-8","markPrice","true","2025-10-02 10:29:44"
"1157365933","2025-10-02 09:46:55","563739438","MERLUSDT","STOP_MARKET","SELL","BOTH","0E-8",,"0E-8","0E-8","0E-8","0.28861000","CANCELED","web_XPia3RHFIDGl2Mw7xpCi","GTE_GTC","0E-8","0E-8","markPrice","true","2025-10-02 10:03:25"
"1157365933","2025-10-02 10:04:39","563772821","MERLUSDT","MARKET","SELL","BOTH","0E-8","0.28757064","27088.00000000","27088.00000000","7789.71355000","0.28804000","FILLED","web_tLmqCcCCfMYUJmYMrAmk","GTE_GTC","0E-8","0E-8","markPrice","true","2025-10-02 10:29:52"
"1157365933","2025-10-02 12:50:14","564147555","MERLUSDT","STOP_MARKET","BUY","BOTH","0E-8",,"32307.00000000","0E-8","0E-8","0.28875000","CANCELED","web_st_fDmmdONgsPY6YXc","GTE_GTC","0E-8","0E-8","markPrice","true","2025-10-02 13:19:57"
"1157365933","2025-10-02 12:50:14","564147496","MERLUSDT","MARKET","SELL","BOTH","0E-8","0.28709115","32307.00000000","32307.00000000","9275.05394000","0E-8","FILLED","web_usdt_st_nfksu1iqqkp5c7slcm0j","GTC","0E-8","0E-8","Contract Price","false","2025-10-02 12:50:14"
"1157365933","2025-10-02 12:51:40","564150707","MERLUSDT","STOP_MARKET","BUY","BOTH","0E-8",,"0E-8","0E-8","0E-8","0.28450000","CANCELED","web_rp4tweEu6Yrk44X7uDts","GTE_GTC","0E-8","0E-8","markPrice","true","2025-10-02 12:51:56"
"1157365933","2025-10-02 12:51:56","564150910","MERLUSDT","STOP_MARKET","BUY","BOTH","0E-8",,"0E-8","0E-8","0E-8","0.28335000","CANCELED","web_pzbicKzjO6gZ1sNs53z0","GTE_GTC","0E-8","0E-8","markPrice","true","2025-10-02 13:15:49"
"1157365933","2025-10-02 13:15:49","564200646","MERLUSDT","STOP_MARKET","BUY","BOTH","0E-8",,"0E-8","0E-8","0E-8","0.27847000","CANCELED","web_zC1eHeHB2SDq8stvjXQi","GTE_GTC","0E-8","0E-8","markPrice","true","2025-10-02 13:20:45"
"1157365933","2025-10-02 13:19:32","564219207","MERLUSDT","MARKET","BUY","BOTH","0E-8","0.28650036","32307.00000000","32307.00000000","9255.96709000","0.28641000","FILLED","web_cONZqJdKu8qN5u0kvR8N","GTE_GTC","0E-8","0E-8","markPrice","true","2025-10-02 13:33:46"
"1157365933","2025-10-02 13:20:45","564221856","MERLUSDT","STOP_MARKET","BUY","BOTH","0E-8",,"0E-8","0E-8","0E-8","0.26986000","CANCELED","web_prD9x1E9KkiOpDnjLqMn","GTE_GTC","0E-8","0E-8","markPrice","true","2025-10-02 13:30:51"
"1157365933","2025-10-02 13:30:51","564241927","MERLUSDT","STOP_MARKET","BUY","BOTH","0E-8",,"0E-8","0E-8","0E-8","0.27011000","EXPIRED","web_y0lJs3WdLIgt7ajUjtIY","GTE_GTC","0E-8","0E-8","markPrice","true","2025-10-02 13:33:46"
"1157365933","2025-10-02 21:37:20","76573245902","BNBUSDT","MARKET","SELL","BOTH","0E-8","1082.93000000","10.22000000","10.22000000","11067.54460000","0E-8","FILLED","web_usdt_nv706pjyo2pj7ifw87t68xt","GTC","0E-8","0E-8","Contract Price","false","2025-10-02 21:37:20"
"1157365933","2025-10-02 21:37:45","76573291102","BNBUSDT","STOP_MARKET","BUY","BOTH","0E-8",,"0E-8","0E-8","0E-8","1088.34000000","CANCELED","web_8PFYplOY3u79tVLM7FtL","GTE_GTC","0E-8","0E-8","markPrice","true","2025-10-02 21:38:48"
"1157365933","2025-10-02 21:37:45","76573291100","BNBUSDT","STOP_MARKET","BUY","BOTH","0E-8",,"0E-8","0E-8","0E-8","1039.61000000","CANCELED","web_9sD4U05MG6dz2apqD0nF","GTE_GTC","0E-8","0E-8","markPrice","true","2025-10-02 21:38:20"
"1157365933","2025-10-02 21:38:21","76573320890","BNBUSDT","STOP_MARKET","BUY","BOTH","0E-8",,"0E-8","0E-8","0E-8","1048.31000000","EXPIRED","web_It0pmF5UUwyMXLl67Llg","GTE_GTC","0E-8","0E-8","markPrice","true","2025-10-02 22:49:30"
"1157365933","2025-10-02 21:38:48","76573367689","BNBUSDT","MARKET","BUY","BOTH","0E-8","1090.80000000","10.22000000","10.22000000","11147.97600000","1090.25000000","FILLED","web_CMm0A0N47ZLlZ10lTclZ","GTE_GTC","0E-8","0E-8","markPrice","true","2025-10-02 22:49:30"
"1157365933","2025-10-02 23:10:01","11540209615","ENAUSDT","MARKET","SELL","BOTH","0E-8","0.62800000","17272.00000000","17272.00000000","10846.81600000","0E-8","FILLED","web_usdt_q5ug9tgo4i3vuxii7qtvclb","GTC","0E-8","0E-8","Contract Price","false","2025-10-02 23:10:01"
"1157365933","2025-10-02 23:10:22","11540215588","ENAUSDT","STOP_MARKET","BUY","BOTH","0E-8",,"0E-8","0E-8","0E-8","0.63170000","CANCELED","web_3uLfVq6ZevOsd2LjHBlA","GTE_GTC","0E-8","0E-8","markPrice","true","2025-10-02 23:13:03"
"1157365933","2025-10-02 23:10:44","11540219806","ENAUSDT","STOP_MARKET","BUY","BOTH","0E-8",,"0E-8","0E-8","0E-8","0.61700000","EXPIRED","web_x1i4RtUt0LmRb6X4mQnz","GTE_GTC","0E-8","0E-8","markPrice","true","2025-10-02 23:53:52"
"1157365933","2025-10-02 23:13:04","11540260877","ENAUSDT","STOP_MARKET","BUY","BOTH","0E-8",,"0E-8","0E-8","0E-8","0.62910000","CANCELED","web_5eTc2VNKLopDGv7sMooP","GTE_GTC","0E-8","0E-8","markPrice","true","2025-10-02 23:32:50"
"1157365933","2025-10-02 23:32:50","11540547648","ENAUSDT","STOP_MARKET","BUY","BOTH","0E-8",,"0E-8","0E-8","0E-8","0.62730000","CANCELED","web_10VwfvwBbP8pqiSbI2SZ","GTE_GTC","0E-8","0E-8","markPrice","true","2025-10-02 23:35:42"
"1157365933","2025-10-02 23:35:42","11540589535","ENAUSDT","STOP_MARKET","BUY","BOTH","0E-8",,"0E-8","0E-8","0E-8","0.63110000","CANCELED","web_fXmcaJE3NsT9EKokeX8x","GTE_GTC","0E-8","0E-8","markPrice","true","2025-10-02 23:35:57"
"1157365933","2025-10-02 23:35:57","11540592142","ENAUSDT","MARKET","BUY","BOTH","0E-8","0.63006248","17272.00000000","17272.00000000","10882.43910000","0.62980000","FILLED","web_mCNdfVt5j1UlEud8xciL","GTE_GTC","0E-8","0E-8","markPrice","true","2025-10-02 23:53:52"
"1157365933","2025-10-03 00:00:03","11540956902","ENAUSDT","MARKET","BUY","BOTH","0E-8","0.63163285","33415.00000000","33415.00000000","21106.01170000","0E-8","FILLED","web_usdt_qbzoh9lqwh8i7fkz8xjop5h","GTC","0E-8","0E-8","Contract Price","false","2025-10-03 00:00:03"
"1157365933","2025-10-03 00:00:29","11540966444","ENAUSDT","STOP_MARKET","SELL","BOTH","0E-8",,"0E-8","0E-8","0E-8","0.62840000","CANCELED","web_Bd6Xe3xaxvDoxkhSNB0l","GTE_GTC","0E-8","0E-8","markPrice","true","2025-10-03 00:01:16"
"1157365933","2025-10-03 00:00:29","11540966445","ENAUSDT","STOP_MARKET","SELL","BOTH","0E-8",,"0E-8","0E-8","0E-8","0.63660000","EXPIRED","web_PUMUzjjDdbe0YK7ayktJ","GTE_GTC","0E-8","0E-8","markPrice","true","2025-10-03 00:44:38"
"1157365933","2025-10-03 00:01:16","11540983439","ENAUSDT","STOP_MARKET","SELL","BOTH","0E-8",,"0E-8","0E-8","0E-8","0.62650000","CANCELED","web_Fsb6ctj34apo125EMc2c","GTE_GTC","0E-8","0E-8","markPrice","true","2025-10-03 00:02:55"
"1157365933","2025-10-03 00:02:55","11541016609","ENAUSDT","STOP_MARKET","SELL","BOTH","0E-8",,"0E-8","0E-8","0E-8","0.62530000","CANCELED","web_ilj7832k8HUatZQpxBSg","GTE_GTC","0E-8","0E-8","markPrice","true","2025-10-03 00:04:22"
"1157365933","2025-10-03 00:04:22","11541046708","ENAUSDT","STOP_MARKET","SELL","BOTH","0E-8",,"0E-8","0E-8","0E-8","0.62400000","CANCELED","web_1z69fhfpxKxc3oA3kwYy","GTE_GTC","0E-8","0E-8","markPrice","true","2025-10-03 00:35:45"
"1157365933","2025-10-03 00:21:17","76584857277","BNBUSDT","MARKET","SELL","BOTH","0E-8","1086.13856562","9.83000000","9.83000000","10676.74210000","0E-8","FILLED","web_usdt_pe4muehcd65s4kvll4v1px9","GTC","0E-8","0E-8","Contract Price","false","2025-10-03 00:21:17"
"1157365933","2025-10-03 00:21:28","76584873204","BNBUSDT","STOP_MARKET","BUY","BOTH","0E-8",,"0E-8","0E-8","0E-8","1089.39000000","CANCELED","web_XGKmVuW9FAlomjUQtpJl","GTE_GTC","0E-8","0E-8","markPrice","true","2025-10-03 00:30:35"
"1157365933","2025-10-03 00:30:35","76585330384","BNBUSDT","MARKET","BUY","BOTH","0E-8","1091.63221770","9.83000000","9.83000000","10730.74470000","1091.56000000","FILLED","web_GVhebAgKxMqHqvbHYVy1","GTE_GTC","0E-8","0E-8","markPrice","true","2025-10-03 01:04:00"
"1157365933","2025-10-03 00:35:45","11541521518","ENAUSDT","MARKET","SELL","BOTH","0E-8","0.62299332","33415.00000000","33415.00000000","20817.32190000","0.62340000","FILLED","web_Pdpf2JJjtNUXkcjfNIdy","GTE_GTC","0E-8","0E-8","markPrice","true","2025-10-03 00:44:38"
"1157365933","2025-10-03 00:47:10","76586182172","BNBUSDT","STOP_MARKET","BUY","BOTH","0E-8",,"0E-8","0E-8","0E-8","1069.84000000","EXPIRED","web_PFB8Z600adzGETA0LovU","GTE_GTC","0E-8","0E-8","markPrice","true","2025-10-03 01:04:00"
"1157365933","2025-10-03 01:42:06","999617131","SOMIUSDT","MARKET","BUY","BOTH","0E-8","0.78910967","7342.00000000","7342.00000000","5793.64320000","0E-8","FILLED","web_usdt_bowc38gtvff31uf4j16uqp5","GTC","0E-8","0E-8","Contract Price","false","2025-10-03 01:42:06"
"1157365933","2025-10-03 01:43:56","999638731","SOMIUSDT","STOP_MARKET","SELL","BOTH","0E-8",,"0E-8","0E-8","0E-8","0.87700000","EXPIRED","web_sE8ky46BZdCVeRJlEwUh","GTE_GTC","0E-8","0E-8","markPrice","true","2025-10-03 01:44:03"
"1157365933","2025-10-03 01:43:56","999638732","SOMIUSDT","MARKET","SELL","BOTH","0E-8","0.78620029","7342.00000000","7342.00000000","5772.28250000","0.78720000","FILLED","web_HnQOpPrPyjux7eIXycgW","GTE_GTC","0E-8","0E-8","markPrice","true","2025-10-03 01:44:03"
"1157365933","2025-10-03 05:37:13","19538135615","XLMUSDT","MARKET","SELL","BOTH","0E-8","0.40196515","6291.00000000","6291.00000000","2528.76276000","0E-8","FILLED","web_usdt_1w2vcxwedzev84ot982t820","GTC","0E-8","0E-8","Contract Price","false","2025-10-03 05:37:13"
"1157365933","2025-10-03 05:38:16","19538141462","XLMUSDT","STOP_MARKET","BUY","BOTH","0E-8",,"0E-8","0E-8","0E-8","0.39231000","EXPIRED","web_PpuXnaGGXNqJv4dN89Gp","GTE_GTC","0E-8","0E-8","markPrice","true","2025-10-03 08:24:23"
"1157365933","2025-10-03 05:38:16","19538141461","XLMUSDT","STOP_MARKET","BUY","BOTH","0E-8",,"0E-8","0E-8","0E-8","0.40598000","CANCELED","web_cndw4BnMieQAMpTEKgq0","GTE_GTC","0E-8","0E-8","markPrice","true","2025-10-03 08:23:20"
"1157365933","2025-10-03 08:02:09","2416264699","MYXUSDT","MARKET","BUY","BOTH","0E-8","8.76832258","558.00000000","558.00000000","4892.72400000","0E-8","FILLED","web_usdt_8m61awbm5vokn3kkack5t35","GTC","0E-8","0E-8","Contract Price","false","2025-10-03 08:02:09"
"1157365933","2025-10-03 08:03:20","2416278433","MYXUSDT","STOP_MARKET","SELL","BOTH","0E-8",,"0E-8","0E-8","0E-8","8.87300000","CANCELED","web_qtuU1YFlwrwb8yCYT1sA","GTE_GTC","0E-8","0E-8","markPrice","true","2025-10-03 08:03:56"
"1157365933","2025-10-03 08:03:20","2416278434","MYXUSDT","STOP_MARKET","SELL","BOTH","0E-8",,"0E-8","0E-8","0E-8","8.72400000","CANCELED","web_kNfRdsBxx6BlS5EsEboh","GTE_GTC","0E-8","0E-8","markPrice","true","2025-10-03 08:03:56"
"1157365933","2025-10-03 08:03:56","2416284852","MYXUSDT","STOP_MARKET","SELL","BOTH","0E-8",,"0E-8","0E-8","0E-8","8.64500000","EXPIRED","web_H1qyD2M61ipaSM6dSKa7","GTE_GTC","0E-8","0E-8","markPrice","true","2025-10-03 08:24:18"
"1157365933","2025-10-03 08:03:56","2416284848","MYXUSDT","STOP_MARKET","SELL","BOTH","0E-8",,"0E-8","0E-8","0E-8","8.96100000","CANCELED","web_o4s1DmfKKiOFTppn3FeL","GTE_GTC","0E-8","0E-8","markPrice","true","2025-10-03 08:20:27"
"1157365933","2025-10-03 08:20:27","2416502470","MYXUSDT","STOP_MARKET","SELL","BOTH","0E-8",,"0E-8","0E-8","0E-8","8.82900000","CANCELED","web_TKTGqIYVXxyvVfeSFnmy","GTE_GTC","0E-8","0E-8","markPrice","true","2025-10-03 08:20:37"
"1157365933","2025-10-03 08:20:37","2416504026","MYXUSDT","STOP_MARKET","SELL","BOTH","0E-8",,"0E-8","0E-8","0E-8","8.84700000","CANCELED","web_qHGl0t3bF3l57w6kzTB2","GTE_GTC","0E-8","0E-8","markPrice","true","2025-10-03 08:21:11"
"1157365933","2025-10-03 08:21:12","2416510204","MYXUSDT","STOP_MARKET","SELL","BOTH","0E-8",,"0E-8","0E-8","0E-8","8.87300000","CANCELED","web_NbEZYNSSwthZh20hDttZ","GTE_GTC","0E-8","0E-8","markPrice","true","2025-10-03 08:21:37"
"1157365933","2025-10-03 08:21:37","2416515037","MYXUSDT","MARKET","SELL","BOTH","0E-8","8.91680645","558.00000000","558.00000000","4975.57800000","8.91700000","FILLED","web_cXIdj9R4NyINUHI7B0f5","GTE_GTC","0E-8","0E-8","markPrice","true","2025-10-03 08:24:18"
"1157365933","2025-10-03 08:23:20","19539233181","XLMUSDT","MARKET","BUY","BOTH","0E-8","0.40159109","6291.00000000","6291.00000000","2526.40955000","0.40150000","FILLED","web_tQ0dGu3Vlz9mH1dshLXN","GTE_GTC","0E-8","0E-8","markPrice","true","2025-10-03 08:24:23"
"1157365933","2025-10-03 08:41:39","76619476898","BNBUSDT","MARKET","BUY","BOTH","0E-8","1092.35000000","9.29000000","9.29000000","10147.93150000","0E-8","FILLED","web_usdt_hx5y4emg5hyebn9w030cd6j","GTC","0E-8","0E-8","Contract Price","false","2025-10-03 08:41:39"
"1157365933","2025-10-03 08:42:06","76619503752","BNBUSDT","STOP_MARKET","SELL","BOTH","0E-8",,"0E-8","0E-8","0E-8","1084.70000000","CANCELED","web_jPP572xaJitRlpuBrA6n","GTE_GTC","0E-8","0E-8","markPrice","true","2025-10-03 08:52:50"
"1157365933","2025-10-03 08:42:06","76619503753","BNBUSDT","STOP_MARKET","SELL","BOTH","0E-8",,"0E-8","0E-8","0E-8","1105.45000000","CANCELED","web_7Gpl96LthMBVHMjqdbbf","GTE_GTC","0E-8","0E-8","markPrice","true","2025-10-03 09:00:30"
"1157365933","2025-10-03 08:52:50","76620259220","BNBUSDT","STOP_MARKET","SELL","BOTH","0E-8",,"0E-8","0E-8","0E-8","1094.23000000","CANCELED","web_yzpIfBxOvpq6sBMTb2q5","GTE_GTC","0E-8","0E-8","markPrice","true","2025-10-03 09:00:30"
"1157365933","2025-10-03 09:00:30","76620731707","BNBUSDT","MARKET","SELL","BOTH","0E-8","1097.91000000","9.29000000","9.29000000","10199.58390000","1097.51000000","FILLED","web_YKheAh08xaAu4uAMhVao","GTE_GTC","0E-8","0E-8","markPrice","true","2025-10-03 09:01:00"
"1157365933","2025-10-03 09:00:30","76620731708","BNBUSDT","STOP_MARKET","SELL","BOTH","0E-8",,"0E-8","0E-8","0E-8","1103.11000000","EXPIRED","web_9Flncl0dDFp7Llt853ed","GTE_GTC","0E-8","0E-8","markPrice","true","2025-10-03 09:01:00"
"1157365933","2025-10-03 11:03:05","2418451558","MYXUSDT","MARKET","SELL","BOTH","0E-8","8.66910688","552.00000000","552.00000000","4785.34700000","0E-8","FILLED","web_usdt_wbk4wter6atr4h4oc07y3he","GTC","0E-8","0E-8","Contract Price","false","2025-10-03 11:03:05"
"1157365933","2025-10-03 11:03:51","2418457391","MYXUSDT","STOP_MARKET","BUY","BOTH","0E-8",,"0E-8","0E-8","0E-8","8.77300000","CANCELED","web_mBpmrZBVh0SAFvt4Uj31","GTE_GTC","0E-8","0E-8","markPrice","true","2025-10-03 11:04:25"
"1157365933","2025-10-03 11:03:51","2418457392","MYXUSDT","STOP_MARKET","BUY","BOTH","0E-8",,"0E-8","0E-8","0E-8","8.45200000","CANCELED","web_LvtmofFfpKdnH5XTIcTi","GTE_GTC","0E-8","0E-8","markPrice","true","2025-10-03 11:04:25"
"1157365933","2025-10-03 11:04:25","2418461805","MYXUSDT","STOP_MARKET","BUY","BOTH","0E-8",,"0E-8","0E-8","0E-8","8.84200000","CANCELED","web_rO9mcbdW90tJcqvc2Hhd","GTE_GTC","0E-8","0E-8","markPrice","true","2025-10-03 11:05:46"
"1157365933","2025-10-03 11:04:25","2418461806","MYXUSDT","STOP_MARKET","BUY","BOTH","0E-8",,"0E-8","0E-8","0E-8","8.32200000","EXPIRED","web_n14QgapDodLAYwvmLGlT","GTE_GTC","0E-8","0E-8","markPrice","true","2025-10-03 11:12:28"
"1157365933","2025-10-03 11:05:46","2418472651","MYXUSDT","STOP_MARKET","BUY","BOTH","0E-8",,"0E-8","0E-8","0E-8","8.75500000","CANCELED","web_mSmAjppdfIAR6v06SW0j","GTE_GTC","0E-8","0E-8","markPrice","true","2025-10-03 11:05:59"
"1157365933","2025-10-03 11:05:59","2418474089","MYXUSDT","MARKET","BUY","BOTH","0E-8","8.84490580","552.00000000","552.00000000","4882.38800000","8.84200000","FILLED","web_dFQMXGiCC5VBJBtEXC3z","GTE_GTC","0E-8","0E-8","markPrice","true","2025-10-03 11:12:28"
"1157365933","2025-10-03 11:21:14","76630640811","BNBUSDT","MARKET","SELL","BOTH","0E-8","1104.80499723","36.08000000","36.08000000","39861.36430000","0E-8","FILLED","web_usdt_rxhs6us0t1xe9xnssklh426","GTC","0E-8","0E-8","Contract Price","false","2025-10-03 11:21:14"
"1157365933","2025-10-03 11:21:27","76630666550","BNBUSDT","STOP_MARKET","BUY","BOTH","0E-8",,"0E-8","0E-8","0E-8","1108.67000000","CANCELED","web_YtYlDxoJttuhcIhB7Mxm","GTE_GTC","0E-8","0E-8","markPrice","true","2025-10-03 11:43:23"
"1157365933","2025-10-03 11:21:52","76630689575","BNBUSDT","STOP_MARKET","BUY","BOTH","0E-8",,"0E-8","0E-8","0E-8","1089.35000000","CANCELED","web_bak7v9mEkVIBS4SG6NmN","GTE_GTC","0E-8","0E-8","markPrice","true","2025-10-03 12:51:41"
"1157365933","2025-10-03 11:43:23","76631925893","BNBUSDT","STOP_MARKET","BUY","BOTH","0E-8",,"0E-8","0E-8","0E-8","1111.15000000","CANCELED","web_8s1rAny9JEEnfkotaeS5","GTE_GTC","0E-8","0E-8","markPrice","true","2025-10-03 13:08:59"
"1157365933","2025-10-03 12:51:41","76636238794","BNBUSDT","STOP_MARKET","BUY","BOTH","0E-8",,"0E-8","0E-8","0E-8","1098.68000000","CANCELED","web_v3HnHEt83JYkQnVu1r3f","GTE_GTC","0E-8","0E-8","markPrice","true","2025-10-03 13:05:40"
"1157365933","2025-10-03 13:05:40","76637219470","BNBUSDT","STOP_MARKET","BUY","BOTH","0E-8",,"0E-8","0E-8","0E-8","1096.51000000","EXPIRED","web_uujfAb16rpapM4QyXi44","GTE_GTC","0E-8","0E-8","markPrice","true","2025-10-03 13:21:41"
"1157365933","2025-10-03 13:08:59","76637476455","BNBUSDT","STOP_MARKET","BUY","BOTH","0E-8",,"0E-8","0E-8","0E-8","1108.11000000","CANCELED","web_FST7ppzHxm9GMuL1Osak","GTE_GTC","0E-8","0E-8","markPrice","true","2025-10-03 13:18:40"
"1157365933","2025-10-03 13:18:40","76638118771","BNBUSDT","STOP_MARKET","BUY","BOTH","0E-8",,"0E-8","0E-8","0E-8","1109.77000000","CANCELED","web_JREMwJatP2MG3mgMnl4y","GTE_GTC","0E-8","0E-8","markPrice","true","2025-10-03 13:19:36"
"1157365933","2025-10-03 13:19:36","76638219079","BNBUSDT","MARKET","BUY","BOTH","0E-8","1111.94683758","36.08000000","36.08000000","40119.04190000","1111.43000000","FILLED","web_VecrTZZgkgXdqfLkemAb","GTE_GTC","0E-8","0E-8","markPrice","true","2025-10-03 13:21:41"
"1157365933","2025-10-04 00:42:46","81576855","2ZUSDT","LIMIT","BUY","BOTH","0.51061000",,"1983.00000000","0E-8","0E-8","0E-8","CANCELED","web_usdt_st_4zh6equitnmleniauhdx","GTC","0E-8","0E-8","Contract Price","false","2025-10-04 02:34:55"
"1157365933","2025-10-04 02:37:52","83236866","2ZUSDT","LIMIT","BUY","BOTH","0.51063000","0.51063000","19125.00000000","19125.00000000","9765.79875000","0E-8","FILLED","ios_st_PWUO6zLibvD42ZE","GTC","0E-8","0E-8","Contract Price","false","2025-10-04 03:01:08"
"1157365933","2025-10-04 03:01:08","83531146","2ZUSDT","STOP_MARKET","SELL","BOTH","0E-8",,"19125.00000000","0E-8","0E-8","0.50124000","EXPIRED","ios_st_6ElDsnEKOC5C381","GTE_GTC","0E-8","0E-8","markPrice","true","2025-10-04 04:30:55"
"1157365933","2025-10-04 03:02:48","83562270","2ZUSDT","STOP_MARKET","SELL","BOTH","0E-8",,"0E-8","0E-8","0E-8","0.52332000","CANCELED","ios_5uG5VtrgmEKXJxzQrAV5","GTE_GTC","0E-8","0E-8","markPrice","true","2025-10-04 03:03:08"
"1157365933","2025-10-04 03:03:08","83568006","2ZUSDT","MARKET","SELL","BOTH","0E-8","0.51651019","19125.00000000","19125.00000000","9878.25731000","0.51675000","FILLED","ios_6DC3CbTWKezCqepVizw9","GTE_GTC","0E-8","0E-8","markPrice","true","2025-10-04 04:30:55"
"1157365933","2025-10-04 09:29:56","1035187746","SOMIUSDT","MARKET","BUY","BOTH","0E-8","0.95704878","21405.00000000","21405.00000000","20485.62910000","0E-8","FILLED","web_usdt_st_gqsmo77qknfuseis53gy","GTC","0E-8","0E-8","Contract Price","false","2025-10-04 09:29:56"
"1157365933","2025-10-04 09:29:56","1035187880","SOMIUSDT","MARKET","SELL","BOTH","0E-8","0.91821052","21405.00000000","21405.00000000","19654.29620000","0.92060000","FILLED","web_st_oCBr0U1TkGlySPP","GTE_GTC","0E-8","0E-8","markPrice","true","2025-10-04 09:53:29"
"1157365933","2025-10-04 09:31:17","1035290926","SOMIUSDT","STOP_MARKET","SELL","BOTH","0E-8",,"0E-8","0E-8","0E-8","1.02630000","CANCELED","web_cQurhSM4E2UqVr1jrOUb","GTE_GTC","0E-8","0E-8","markPrice","true","2025-10-04 09:33:50"
"1157365933","2025-10-04 09:33:50","1035482760","SOMIUSDT","STOP_MARKET","SELL","BOTH","0E-8",,"0E-8","0E-8","0E-8","1.00020000","EXPIRED","web_3XeKfP9yjJLSj7SJ5NCY","GTE_GTC","0E-8","0E-8","markPrice","true","2025-10-04 09:53:29"
"1157365933","2025-10-04 13:44:10","1560880303","FUNUSDT","MARKET","BUY","BOTH","0E-8","0.00951908","498635.00000000","498635.00000000","4746.54500400","0E-8","FILLED","web_usdt_ab45e6x7hjamn68qm4m9cmp","GTC","0E-8","0E-8","Contract Price","false","2025-10-04 13:44:10"
"1157365933","2025-10-04 13:44:58","1560881600","FUNUSDT","STOP_MARKET","SELL","BOTH","0E-8",,"0E-8","0E-8","0E-8","0.00947400","CANCELED","web_1naKIUU9AngH9ymAo9K9","GTE_GTC","0E-8","0E-8","markPrice","true","2025-10-04 13:55:14"
"1157365933","2025-10-04 13:44:58","1560881601","FUNUSDT","STOP_MARKET","SELL","BOTH","0E-8",,"0E-8","0E-8","0E-8","0.00970900","EXPIRED","web_2da21wPB0MAql6d8185B","GTE_GTC","0E-8","0E-8","markPrice","true","2025-10-04 14:21:15"
"1157365933","2025-10-04 13:55:14","1560889458","FUNUSDT","MARKET","SELL","BOTH","0E-8","0.00943614","498635.00000000","498635.00000000","4705.19146100","0.00944200","FILLED","web_6RGQaBJqbOMGHOYe7MAq","GTE_GTC","0E-8","0E-8","markPrice","true","2025-10-04 14:21:15"
"1157365933","2025-10-05 06:02:56","1059344438","SOMIUSDT","LIMIT","BUY","BOTH","0.92420000",,"8572.00000000","0E-8","0E-8","0E-8","CANCELED","ios_st_W21QaYg67qCjMEI","GTC","0E-8","0E-8","Contract Price","false","2025-10-05 06:12:48"
"1157365933","2025-10-05 06:13:13","1059480438","SOMIUSDT","LIMIT","BUY","BOTH","0.92490000",,"11319.00000000","0E-8","0E-8","0E-8","CANCELED","ios_st_Ke1Niqed4rYlwtv","GTC","0E-8","0E-8","Contract Price","false","2025-10-05 06:13:47"
"1157365933","2025-10-05 06:14:02","1059490121","SOMIUSDT","LIMIT","BUY","BOTH","0.92490000","0.92490000","7648.00000000","7648.00000000","7073.63520000","0E-8","FILLED","ios_st_ciRXtrOu08QxkRI","GTC","0E-8","0E-8","Contract Price","false","2025-10-05 06:24:19"
"1157365933","2025-10-05 06:24:19","1059622758","SOMIUSDT","STOP_MARKET","SELL","BOTH","0E-8",,"7648.00000000","0E-8","0E-8","0.91380000","EXPIRED","ios_st_NYf2tGRRHnpKpxm","GTE_GTC","0E-8","0E-8","markPrice","true","2025-10-05 08:27:27"
"1157365933","2025-10-05 06:25:30","1059642557","SOMIUSDT","STOP_MARKET","SELL","BOTH","0E-8",,"7648.00000000","0E-8","0E-8","0.94890000","EXPIRED","ios_IiSuaPszGjuorGhMKXK5","GTE_GTC","0E-8","0E-8","markPrice","true","2025-10-05 08:27:27"
"1157365933","2025-10-05 06:40:36","1059800475","SOMIUSDT","STOP_MARKET","SELL","BOTH","0E-8",,"0E-8","0E-8","0E-8","0.96180000","CANCELED","ios_ZW07KfQHGQGYY3zNSpYT","GTE_GTC","0E-8","0E-8","markPrice","true","2025-10-05 07:41:58"
"1157365933","2025-10-05 07:41:58","1060516842","SOMIUSDT","STOP_MARKET","SELL","BOTH","0E-8",,"0E-8","0E-8","0E-8","0.93440000","CANCELED","ios_8VF2FHiC4E5NqTi2csmI","GTE_GTC","0E-8","0E-8","markPrice","true","2025-10-05 07:44:28"
"1157365933","2025-10-05 07:44:28","1060542190","SOMIUSDT","STOP_MARKET","SELL","BOTH","0E-8",,"0E-8","0E-8","0E-8","0.96180000","CANCELED","ios_sWa9hMIG7fsDXJ6PKA50","GTE_GTC","0E-8","0E-8","markPrice","true","2025-10-05 08:05:22"
"1157365933","2025-10-05 08:05:22","1060768595","SOMIUSDT","STOP_MARKET","SELL","BOTH","0E-8",,"0E-8","0E-8","0E-8","1.01730000","EXPIRED","ios_8PITk0s6t4QJqf3ovGLZ","GTE_GTC","0E-8","0E-8","markPrice","true","2025-10-05 08:27:27"
"1157365933","2025-10-05 08:09:46","1060835443","SOMIUSDT","STOP_MARKET","SELL","BOTH","0E-8",,"0E-8","0E-8","0E-8","0.92700000","CANCELED","ios_VzEj3KNd2qXAgv4LL6Nx","GTE_GTC","0E-8","0E-8","markPrice","true","2025-10-05 08:24:24"
"1157365933","2025-10-05 08:24:24","1061118784","SOMIUSDT","STOP_MARKET","SELL","BOTH","0E-8",,"0E-8","0E-8","0E-8","0.93230000","CANCELED","ios_Cv83Lri37km4ZztDvh58","GTE_GTC","0E-8","0E-8","markPrice","true","2025-10-05 08:25:07"
"1157365933","2025-10-05 08:25:07","1061129752","SOMIUSDT","MARKET","SELL","BOTH","0E-8","0.93242369","7648.00000000","7648.00000000","7131.17640000","0.93440000","FILLED","ios_2OIGN81rGVW29mJTkdd7","GTE_GTC","0E-8","0E-8","markPrice","true","2025-10-05 08:27:27"
"1157365933","2025-10-05 12:08:49","736538606","GUNUSDT","LIMIT","BUY","BOTH","0.02896000","0.02895990","258977.00000000","258977.00000000","7499.94685000","0E-8","FILLED","web_usdt_d1i35iif92inenfu8tbz218","GTC","0E-8","0E-8","Contract Price","false","2025-10-05 12:09:10"
"1157365933","2025-10-05 12:09:40","736539789","GUNUSDT","STOP_MARKET","SELL","BOTH","0E-8",,"0E-8","0E-8","0E-8","0.02867000","CANCELED","web_GkAbSgPJWHXZGSbjLKz2","GTE_GTC","0E-8","0E-8","markPrice","true","2025-10-05 12:23:03"
"1157365933","2025-10-05 12:09:40","736539788","GUNUSDT","STOP_MARKET","SELL","BOTH","0E-8",,"0E-8","0E-8","0E-8","0.02953000","CANCELED","web_F0hYBi7zXmG3Kzz66FZC","GTE_GTC","0E-8","0E-8","markPrice","true","2025-10-05 12:23:03"
"1157365933","2025-10-05 12:11:33","657358573","COSUSDT","LIMIT","BUY","BOTH","0.00303400",,"3295978.00000000","0E-8","0E-8","0E-8","CANCELED","web_usdt_8cpyjdvv3kmjx7dc8fqu3sa","GTC","0E-8","0E-8","Contract Price","false","2025-10-05 12:27:23"
"1157365933","2025-10-05 12:12:44","657362612","COSUSDT","MARKET","BUY","BOTH","0E-8","0.00304477","1640958.00000000","1640958.00000000","4996.33996000","0E-8","FILLED","web_usdt_3uxormhoyn7n2mkhbubxc3p","GTC","0E-8","0E-8","Contract Price","false","2025-10-05 12:12:44"
"1157365933","2025-10-05 12:13:03","657363638","COSUSDT","STOP_MARKET","SELL","BOTH","0E-8",,"0E-8","0E-8","0E-8","0.00310500","CANCELED","web_Mkfz8usdf4nYDaFjctqb","GTE_GTC","0E-8","0E-8","markPrice","true","2025-10-05 12:24:19"
"1157365933","2025-10-05 12:13:03","657363637","COSUSDT","STOP_MARKET","SELL","BOTH","0E-8",,"0E-8","0E-8","0E-8","0.00300800","CANCELED","web_k1xeN393BGdQmVna7lHK","GTE_GTC","0E-8","0E-8","markPrice","true","2025-10-05 12:24:19"
"1157365933","2025-10-05 12:23:03","736549252","GUNUSDT","STOP_MARKET","SELL","BOTH","0E-8",,"0E-8","0E-8","0E-8","0.02916000","CANCELED","web_m737azwIDcbeAIDFHKx0","GTE_GTC","0E-8","0E-8","markPrice","true","2025-10-05 12:36:11"
"1157365933","2025-10-05 12:23:03","736549251","GUNUSDT","STOP_MARKET","SELL","BOTH","0E-8",,"0E-8","0E-8","0E-8","0.02885000","CANCELED","web_AiUw6OrgrSB0gATHNRWb","GTE_GTC","0E-8","0E-8","markPrice","true","2025-10-05 12:38:54"
"1157365933","2025-10-05 12:24:19","657390159","COSUSDT","STOP_MARKET","SELL","BOTH","0E-8",,"0E-8","0E-8","0E-8","0.00300200","CANCELED","web_Ht4rriY4t3F7sLv3pbDK","GTE_GTC","0E-8","0E-8","markPrice","true","2025-10-05 12:24:58"
"1157365933","2025-10-05 12:24:19","657390158","COSUSDT","STOP_MARKET","SELL","BOTH","0E-8",,"0E-8","0E-8","0E-8","0.00313000","CANCELED","web_0EDbzQJUC7kQ3OVaimWl","GTE_GTC","0E-8","0E-8","markPrice","true","2025-10-05 12:28:03"
"1157365933","2025-10-05 12:24:58","657391303","COSUSDT","STOP_MARKET","SELL","BOTH","0E-8",,"0E-8","0E-8","0E-8","0.00298300","CANCELED","web_wWruhfb1gZcCKhRnyVAq","GTE_GTC","0E-8","0E-8","markPrice","true","2025-10-05 12:25:30"
"1157365933","2025-10-05 12:25:30","657392911","COSUSDT","STOP_MARKET","SELL","BOTH","0E-8",,"0E-8","0E-8","0E-8","0.00300200","CANCELED","web_A2rE17B5h4HbnfvLxYMA","GTE_GTC","0E-8","0E-8","markPrice","true","2025-10-05 12:27:01"
"1157365933","2025-10-05 12:27:02","657396806","COSUSDT","STOP_MARKET","SELL","BOTH","0E-8",,"0E-8","0E-8","0E-8","0.00302900","CANCELED","web_5CqqLvnMIw3mflc4uBea","GTE_GTC","0E-8","0E-8","markPrice","true","2025-10-05 13:50:32"
"1157365933","2025-10-05 12:28:03","657398857","COSUSDT","STOP_MARKET","SELL","BOTH","0E-8",,"0E-8","0E-8","0E-8","0.00307800","CANCELED","web_igkdCEZfyLhzaumGeT4x","GTE_GTC","0E-8","0E-8","markPrice","true","2025-10-05 12:38:07"
"1157365933","2025-10-05 12:36:11","736556502","GUNUSDT","STOP_MARKET","SELL","BOTH","0E-8",,"0E-8","0E-8","0E-8","0.02933000","CANCELED","web_szaBTQOOL3tRmpRKASZK","GTE_GTC","0E-8","0E-8","markPrice","true","2025-10-05 12:36:23"
"1157365933","2025-10-05 12:36:23","736556569","GUNUSDT","STOP_MARKET","SELL","BOTH","0E-8",,"0E-8","0E-8","0E-8","0.02939000","EXPIRED","web_VNgoY4fEzZJv4AGano9P","GTE_GTC","0E-8","0E-8","markPrice","true","2025-10-05 14:43:15"
"1157365933","2025-10-05 12:38:07","657418680","COSUSDT","STOP_MARKET","SELL","BOTH","0E-8",,"0E-8","0E-8","0E-8","0.00307000","CANCELED","web_ZKXLSbuxa24DPoT2Dgdx","GTE_GTC","0E-8","0E-8","markPrice","true","2025-10-05 13:06:40"
"1157365933","2025-10-05 12:38:54","736559327","GUNUSDT","STOP_MARKET","SELL","BOTH","0E-8",,"0E-8","0E-8","0E-8","0.02875000","CANCELED","web_haUh7RRkbd8tWFcbpj2V","GTE_GTC","0E-8","0E-8","markPrice","true","2025-10-05 12:42:39"
"1157365933","2025-10-05 12:42:39","736563644","GUNUSDT","MARKET","SELL","BOTH","0E-8","0.02867062","258977.00000000","258977.00000000","7425.03164000","0.02871000","FILLED","web_uSvtGndX7ihWvCcyYr4Z","GTE_GTC","0E-8","0E-8","markPrice","true","2025-10-05 14:43:15"
"1157365933","2025-10-05 13:06:40","657474495","COSUSDT","STOP_MARKET","SELL","BOTH","0E-8",,"0E-8","0E-8","0E-8","0.00309300","CANCELED","web_IKTsHydngI2nguG7zFab","GTE_GTC","0E-8","0E-8","markPrice","true","2025-10-05 13:09:06"
"1157365933","2025-10-05 13:09:06","657478585","COSUSDT","STOP_MARKET","SELL","BOTH","0E-8",,"0E-8","0E-8","0E-8","0.00307500","CANCELED","web_cmawuWTyfWZPLzZ5tfqn","GTE_GTC","0E-8","0E-8","markPrice","true","2025-10-05 13:50:17"
"1157365933","2025-10-05 13:44:05","530268263","KERNELUSDT","MARKET","BUY","BOTH","0E-8","0.20184731","48828.00000000","48828.00000000","9855.80040000","0E-8","FILLED","web_usdt_iz6u9w4xi6xg89putv55fkg","GTC","0E-8","0E-8","Contract Price","false","2025-10-05 13:44:05"
"1157365933","2025-10-05 13:45:13","530269211","KERNELUSDT","STOP_MARKET","SELL","BOTH","0E-8",,"0E-8","0E-8","0E-8","0.20580000","CANCELED","web_MDi4d9iCxJDjN0v6sRMs","GTE_GTC","0E-8","0E-8","markPrice","true","2025-10-05 13:47:35"
"1157365933","2025-10-05 13:45:13","530269210","KERNELUSDT","STOP_MARKET","SELL","BOTH","0E-8",,"0E-8","0E-8","0E-8","0.19980000","CANCELED","web_zmgwceWcAbT0ZzBMJihK","GTE_GTC","0E-8","0E-8","markPrice","true","2025-10-05 13:59:40"
"1157365933","2025-10-05 13:47:36","530271555","KERNELUSDT","STOP_MARKET","SELL","BOTH","0E-8",,"0E-8","0E-8","0E-8","0.20760000","CANCELED","web_l0ubaePU0zcCzKgNzqQr","GTE_GTC","0E-8","0E-8","markPrice","true","2025-10-05 14:57:01"
"1157365933","2025-10-05 13:50:17","657554944","COSUSDT","STOP_MARKET","SELL","BOTH","0E-8",,"0E-8","0E-8","0E-8","0.00309900","EXPIRED","web_VsGxPUmoBEAuYBlytDAn","GTE_GTC","0E-8","0E-8","markPrice","true","2025-10-05 13:52:29"
"1157365933","2025-10-05 13:50:32","657555554","COSUSDT","MARKET","SELL","BOTH","0E-8","0.00306300","1640958.00000000","1640958.00000000","5026.25435400","0.00306400","FILLED","web_R4swoeNsn6bMZwXBb4wQ","GTE_GTC","0E-8","0E-8","markPrice","true","2025-10-05 13:52:29"
"1157365933","2025-10-05 13:59:40","530279309","KERNELUSDT","STOP_MARKET","SELL","BOTH","0E-8",,"0E-8","0E-8","0E-8","0.19900000","CANCELED","web_HASxgFDJdXA9gQAON59J","GTE_GTC","0E-8","0E-8","markPrice","true","2025-10-05 14:11:55"
"1157365933","2025-10-05 14:11:55","530287908","KERNELUSDT","STOP_MARKET","SELL","BOTH","0E-8",,"0E-8","0E-8","0E-8","0.20080000","CANCELED","web_w72QXvRPdGnDlFzt7nq8","GTE_GTC","0E-8","0E-8","markPrice","true","2025-10-05 14:12:17"
"1157365933","2025-10-05 14:12:17","530288289","KERNELUSDT","STOP_MARKET","SELL","BOTH","0E-8",,"0E-8","0E-8","0E-8","0.19900000","CANCELED","web_RJVcD8t2IJDmL3kBx3wj","GTE_GTC","0E-8","0E-8","markPrice","true","2025-10-05 14:42:58"
"1157365933","2025-10-05 14:42:58","530310890","KERNELUSDT","STOP_MARKET","SELL","BOTH","0E-8",,"0E-8","0E-8","0E-8","0.19770000","CANCELED","web_O4xLd1hFk8tpLo2aOGdl","GTE_GTC","0E-8","0E-8","markPrice","true","2025-10-05 15:06:24"
"1157365933","2025-10-05 14:57:01","530332945","KERNELUSDT","STOP_MARKET","SELL","BOTH","0E-8",,"0E-8","0E-8","0E-8","0.20990000","EXPIRED","web_n2MCWnkvuqNgFnzFG49y","GTE_GTC","0E-8","0E-8","markPrice","true","2025-10-05 16:09:56"
"1157365933","2025-10-05 15:06:24","530343831","KERNELUSDT","STOP_MARKET","SELL","BOTH","0E-8",,"0E-8","0E-8","0E-8","0.19850000","CANCELED","web_BXdg1AYp87x3gpXP27Zd","GTE_GTC","0E-8","0E-8","markPrice","true","2025-10-05 15:18:14"
"1157365933","2025-10-05 15:18:14","530352771","KERNELUSDT","STOP_MARKET","SELL","BOTH","0E-8",,"0E-8","0E-8","0E-8","0.19990000","CANCELED","web_p4kkUG1PUuWLHGXKwtC6","GTE_GTC","0E-8","0E-8","markPrice","true","2025-10-05 16:08:59"
"1157365933","2025-10-05 16:08:59","530395533","KERNELUSDT","STOP_MARKET","SELL","BOTH","0E-8",,"0E-8","0E-8","0E-8","0.20500000","CANCELED","web_lKxWxg0yezMCoJrHxGNk","GTE_GTC","0E-8","0E-8","markPrice","true","2025-10-05 16:09:14"
"1157365933","2025-10-05 16:09:14","530395938","KERNELUSDT","MARKET","SELL","BOTH","0E-8","0.20476130","48828.00000000","48828.00000000","9998.08480000","0.20520000","FILLED","web_BMi872cTupDmPqgAm6yh","GTE_GTC","0E-8","0E-8","markPrice","true","2025-10-05 16:09:56"
"1157365933","2025-10-05 16:16:09","1540444366","WCTUSDT","MARKET","BUY","BOTH","0E-8","0.25207227","23354.00000000","23354.00000000","5886.89590000","0E-8","FILLED","web_usdt_rjlgrkusrbewy7br60yw6ah","GTC","0E-8","0E-8","Contract Price","false","2025-10-05 16:16:09"
"1157365933","2025-10-05 16:18:22","1540449371","WCTUSDT","STOP_MARKET","SELL","BOTH","0E-8",,"0E-8","0E-8","0E-8","0.25060000","CANCELED","web_kahD9FSat38pdSzndkE3","GTE_GTC","0E-8","0E-8","markPrice","true","2025-10-05 16:19:16"
"1157365933","2025-10-05 16:18:22","1540449372","WCTUSDT","STOP_MARKET","SELL","BOTH","0E-8",,"0E-8","0E-8","0E-8","0.26260000","EXPIRED","web_imUkOVkDwsX1E84gBXvR","GTE_GTC","0E-8","0E-8","markPrice","true","2025-10-05 16:50:34"
"1157365933","2025-10-05 16:19:16","1540451058","WCTUSDT","MARKET","SELL","BOTH","0E-8","0.25005583","23354.00000000","23354.00000000","5839.80390000","0.25020000","FILLED","web_BRmlirjFKghV3h7kGfXE","GTE_GTC","0E-8","0E-8","markPrice","true","2025-10-05 16:50:34"
"1157365933","2025-10-06 00:04:44","569526055","0GUSDT","MARKET","BUY","BOTH","0E-8","2.95392875","4219.00000000","4219.00000000","12462.62540000","0E-8","FILLED","web_usdt_ttnwc5grr8oup543o39qg4h","GTC","0E-8","0E-8","Contract Price","false","2025-10-06 00:04:44"
"1157365933","2025-10-06 00:05:10","569559105","0GUSDT","MARKET","SELL","BOTH","0E-8","2.98661704","4219.00000000","4219.00000000","12600.53730000","2.99330000","FILLED","web_VyX97ip9uHVwqCiU39Lt","GTE_GTC","0E-8","0E-8","markPrice","true","2025-10-06 00:07:39"
"1157365933","2025-10-06 00:06:45","569680372","0GUSDT","STOP_MARKET","SELL","BOTH","0E-8",,"0E-8","0E-8","0E-8","2.96240000","EXPIRED","web_qRVZKq2dDEVnyYX0BEvc","GTE_GTC","0E-8","0E-8","markPrice","true","2025-10-06 00:07:39"
"1157365933","2025-10-06 00:54:28","571866581","0GUSDT","STOP_MARKET","SELL","BOTH","0E-8",,"3269.00000000","0E-8","0E-8","3.09300000","CANCELED","web_st_0xzXjElPRlwqG33","GTE_GTC","0E-8","0E-8","markPrice","true","2025-10-06 00:58:28"
"1157365933","2025-10-06 00:54:28","571866546","0GUSDT","LIMIT","BUY","BOTH","3.11800000","3.09509095","3269.00000000","3269.00000000","10117.85230000","0E-8","FILLED","web_usdt_st_edn7xe8zkk2b2y2zwxmz","GTC","0E-8","0E-8","Contract Price","false","2025-10-06 00:54:28"
"1157365933","2025-10-06 00:54:28","571866578","0GUSDT","STOP_MARKET","SELL","BOTH","0E-8",,"3269.00000000","0E-8","0E-8","3.15950000","EXPIRED","web_st_HyCq2sDJRmnjpVV","GTE_GTC","0E-8","0E-8","markPrice","true","2025-10-06 01:03:43"
"1157365933","2025-10-06 00:56:55","571928182","0GUSDT","STOP_MARKET","SELL","BOTH","0E-8",,"0E-8","0E-8","0E-8","3.11870000","CANCELED","web_ps1DciB5lHXyOnfxEpDX","GTE_GTC","0E-8","0E-8","markPrice","true","2025-10-06 00:57:33"
"1157365933","2025-10-06 00:57:07","571933414","0GUSDT","STOP_MARKET","SELL","BOTH","0E-8",,"0E-8","0E-8","0E-8","3.13420000","CANCELED","web_Hlo1ahqGy2dBBrm6CXJ0","GTE_GTC","0E-8","0E-8","markPrice","true","2025-10-06 00:57:18"
"1157365933","2025-10-06 00:57:18","571939435","0GUSDT","STOP_MARKET","SELL","BOTH","0E-8",,"0E-8","0E-8","0E-8","3.14040000","CANCELED","web_4PHGeQUJ7OHTnFkEI7lS","GTE_GTC","0E-8","0E-8","markPrice","true","2025-10-06 00:58:30"
"1157365933","2025-10-06 00:58:52","571977738","0GUSDT","STOP_MARKET","SELL","BOTH","0E-8",,"0E-8","0E-8","0E-8","3.13010000","CANCELED","web_l2JHfuCoMMFcUOrBxuFo","GTE_GTC","0E-8","0E-8","markPrice","true","2025-10-06 00:59:06"
"1157365933","2025-10-06 00:58:52","571977739","0GUSDT","STOP_MARKET","SELL","BOTH","0E-8",,"0E-8","0E-8","0E-8","3.08680000","CANCELED","web_JugAte2eGifjUD6Fxzsm","GTE_GTC","0E-8","0E-8","markPrice","true","2025-10-06 01:01:02"
"1157365933","2025-10-06 00:59:06","571986026","0GUSDT","STOP_MARKET","SELL","BOTH","0E-8",,"0E-8","0E-8","0E-8","3.14040000","CANCELED","web_Xe4Aa9c2r7sZgikhroeY","GTE_GTC","0E-8","0E-8","markPrice","true","2025-10-06 00:59:23"
"1157365933","2025-10-06 00:59:23","571997929","0GUSDT","STOP_MARKET","SELL","BOTH","0E-8",,"0E-8","0E-8","0E-8","3.13010000","CANCELED","web_fnB2Hjp9RJ6H7fhMGSLA","GTE_GTC","0E-8","0E-8","markPrice","true","2025-10-06 01:01:31"
"1157365933","2025-10-06 01:01:14","572070053","0GUSDT","STOP_MARKET","SELL","BOTH","0E-8",,"0E-8","0E-8","0E-8","3.07030000","EXPIRED","web_yMgYI6HWWgbGapql0Lid","GTE_GTC","0E-8","0E-8","markPrice","true","2025-10-06 01:03:43"
"1157365933","2025-10-06 01:01:32","572078731","0GUSDT","MARKET","SELL","BOTH","0E-8","3.13256219","3269.00000000","3269.00000000","10240.34580000","3.14040000","FILLED","web_ZZ97RLe9ndXbIS9qM336","GTE_GTC","0E-8","0E-8","markPrice","true","2025-10-06 01:03:43"
"1157365933","2025-10-06 01:36:06","3131371597","POLUSDT","LIMIT","BUY","BOTH","0.23820000",,"49956.00000000","0E-8","0E-8","0E-8","CANCELED","web_usdt_st_e19yq536dkkjgjjzozk7","GTC","0E-8","0E-8","Contract Price","false","2025-10-06 02:24:33"
"1157365933","2025-10-06 02:27:34","28881617035","TRBUSDT","LIMIT","BUY","BOTH","33.23400000","33.23243992","356.20000000","356.20000000","11837.39510000","0E-8","FILLED","web_usdt_jwl3pyd3ytr7xkvyarg71gj","GTC","0E-8","0E-8","Contract Price","false","2025-10-06 02:27:34"
"1157365933","2025-10-06 02:27:55","28881619141","TRBUSDT","STOP_MARKET","SELL","BOTH","0E-8",,"0E-8","0E-8","0E-8","33.76400000","CANCELED","web_fXWpmAp5ydjaqtio46wg","GTE_GTC","0E-8","0E-8","markPrice","true","2025-10-06 02:29:27"
"1157365933","2025-10-06 02:27:55","28881619142","TRBUSDT","STOP_MARKET","SELL","BOTH","0E-8",,"0E-8","0E-8","0E-8","32.96600000","CANCELED","web_hVmIRWZgYUiOubtieJY2","GTE_GTC","0E-8","0E-8","markPrice","true","2025-10-06 02:49:52"
"1157365933","2025-10-06 02:29:28","28881624898","TRBUSDT","STOP_MARKET","SELL","BOTH","0E-8",,"0E-8","0E-8","0E-8","33.53000000","CANCELED","web_2pkxZuSfVjNxrPlcIJ9X","GTE_GTC","0E-8","0E-8","markPrice","true","2025-10-06 02:58:06"
"1157365933","2025-10-06 02:49:52","28881723486","TRBUSDT","STOP_MARKET","SELL","BOTH","0E-8",,"0E-8","0E-8","0E-8","33.16500000","CANCELED","web_qPeMSp9tbQHnscOSf02x","GTE_GTC","0E-8","0E-8","markPrice","true","2025-10-06 02:53:11"
"1157365933","2025-10-06 02:53:11","28881740632","TRBUSDT","STOP_MARKET","SELL","BOTH","0E-8",,"0E-8","0E-8","0E-8","33.03400000","CANCELED","web_o3efcjrFBZt0BhpHP1T4","GTE_GTC","0E-8","0E-8","markPrice","true","2025-10-06 03:01:15"
"1157365933","2025-10-06 02:58:06","28881756090","TRBUSDT","STOP_MARKET","SELL","BOTH","0E-8",,"0E-8","0E-8","0E-8","33.89700000","CANCELED","web_Jq7BJWoJOJl2dB9yDSNM","GTE_GTC","0E-8","0E-8","markPrice","true","2025-10-06 02:59:05"
"1157365933","2025-10-06 02:59:05","28881758356","TRBUSDT","STOP_MARKET","SELL","BOTH","0E-8",,"0E-8","0E-8","0E-8","33.79300000","CANCELED","web_B3LCxuPZw0hVHHA7gw0F","GTE_GTC","0E-8","0E-8","markPrice","true","2025-10-06 03:30:48"
"1157365933","2025-10-06 03:01:16","28881768040","TRBUSDT","STOP_MARKET","SELL","BOTH","0E-8",,"0E-8","0E-8","0E-8","33.13000000","EXPIRED","web_hGI82JEW2ydwrM4RUFts","GTE_GTC","0E-8","0E-8","markPrice","true","2025-10-06 03:32:08"
"1157365933","2025-10-06 03:30:48","28881850064","TRBUSDT","MARKET","SELL","BOTH","0E-8","33.50416171","356.20000000","356.20000000","11934.18240000","33.51000000","FILLED","ios_0dE5suosVX9U4Vmjh9Tc","GTE_GTC","0E-8","0E-8","markPrice","true","2025-10-06 03:32:08"
"1157365933","2025-10-06 06:31:34","345979566","BARDUSDT","LIMIT","BUY","BOTH","0.83430000","0.83430000","14647.00000000","14647.00000000","12219.99210000","0E-8","FILLED","ios_usdt_sSObu9ab9GV47DtwhTqo","GTC","0E-8","0E-8","Contract Price","false","2025-10-06 06:31:38"
"1157365933","2025-10-06 06:32:42","345984320","BARDUSDT","STOP_MARKET","SELL","BOTH","0E-8",,"0E-8","0E-8","0E-8","0.82760000","CANCELED","ios_PZz4uVJFUGAnBFTMDDau","GTE_GTC","0E-8","0E-8","markPrice","true","2025-10-06 06:36:48"
"1157365933","2025-10-06 06:32:42","345984319","BARDUSDT","STOP_MARKET","SELL","BOTH","0E-8",,"0E-8","0E-8","0E-8","0.85090000","CANCELED","ios_ZXwrr1bswocp7TIyWRQs","GTE_GTC","0E-8","0E-8","markPrice","true","2025-10-06 06:35:04"
"1157365933","2025-10-06 06:35:05","345997954","BARDUSDT","STOP_MARKET","SELL","BOTH","0E-8",,"0E-8","0E-8","0E-8","0.84480000","EXPIRED","ios_Fv0lT8KxQ647r4tSwe8r","GTE_GTC","0E-8","0E-8","markPrice","true","2025-10-06 06:45:06"
"1157365933","2025-10-06 06:36:48","346007773","BARDUSDT","MARKET","SELL","BOTH","0E-8","0.83365123","14647.00000000","14647.00000000","12210.48950000","0.83430000","FILLED","ios_7F4L4r3C2piQojxh1qkZ","GTE_GTC","0E-8","0E-8","markPrice","true","2025-10-06 06:45:06"
"1157365933","2025-10-06 07:34:47","3489657295","MANTAUSDT","MARKET","BUY","BOTH","0E-8","0.18925532","32998.90000000","32998.90000000","6245.21725000","0E-8","FILLED","web_usdt_st_tv5mafdq8645c5ja0wam","GTC","0E-8","0E-8","Contract Price","false","2025-10-06 07:34:47"
"1157365933","2025-10-06 07:34:47","3489657317","MANTAUSDT","STOP_MARKET","SELL","BOTH","0E-8",,"32998.90000000","0E-8","0E-8","0.18760000","CANCELED","web_st_tcr93SQRZzdna3S","GTE_GTC","0E-8","0E-8","markPrice","true","2025-10-06 07:41:15"
"1157365933","2025-10-06 07:35:27","3489658145","MANTAUSDT","STOP_MARKET","SELL","BOTH","0E-8",,"0E-8","0E-8","0E-8","0.18770000","CANCELED","web_ntol0N3bBPtUtL4h5Pwi","GTE_GTC","0E-8","0E-8","markPrice","true","2025-10-06 07:40:44"
"1157365933","2025-10-06 07:41:29","3489662331","MANTAUSDT","STOP_MARKET","SELL","BOTH","0E-8",,"0E-8","0E-8","0E-8","0.18740000","CANCELED","web_mF3i9JZ3eCyRdorfpG6S","GTE_GTC","0E-8","0E-8","markPrice","true","2025-10-06 07:42:22"
"1157365933","2025-10-06 07:42:33","3489663937","MANTAUSDT","STOP_MARKET","SELL","BOTH","0E-8",,"0E-8","0E-8","0E-8","0.18750000","CANCELED","web_u2EhixOGnIeTfIknw0MT","GTE_GTC","0E-8","0E-8","markPrice","true","2025-10-06 07:45:21"
"1157365933","2025-10-06 07:45:21","3489666570","MANTAUSDT","STOP_MARKET","SELL","BOTH","0E-8",,"0E-8","0E-8","0E-8","0.18680000","EXPIRED","web_Nx1oTszXfFQdS68sPav8","GTE_GTC","0E-8","0E-8","markPrice","true","2025-10-06 09:05:40"
"1157365933","2025-10-06 08:03:38","3489680235","MANTAUSDT","STOP_MARKET","SELL","BOTH","0E-8",,"0E-8","0E-8","0E-8","0.19170000","CANCELED","web_i3sfjgPkBEs0kdpdobDV","GTE_GTC","0E-8","0E-8","markPrice","true","2025-10-06 08:07:37"
"1157365933","2025-10-06 08:07:37","3489683696","MANTAUSDT","STOP_MARKET","SELL","BOTH","0E-8",,"0E-8","0E-8","0E-8","0.19300000","CANCELED","web_Xc9DE87bQrCeHmjd7B04","GTE_GTC","0E-8","0E-8","markPrice","true","2025-10-06 08:08:23"
"1157365933","2025-10-06 08:08:23","3489684065","MANTAUSDT","STOP_MARKET","SELL","BOTH","0E-8",,"0E-8","0E-8","0E-8","0.19160000","CANCELED","web_8tNdiL4EtIB6K1x4mIfS","GTE_GTC","0E-8","0E-8","markPrice","true","2025-10-06 09:02:43"
"1157365933","2025-10-06 09:02:43","3489719228","MANTAUSDT","MARKET","SELL","BOTH","0E-8","0.19042071","32998.90000000","32998.90000000","6283.67381000","0.19050000","FILLED","web_7aW0HMFL8hlZ0ldl4YpY","GTE_GTC","0E-8","0E-8","markPrice","true","2025-10-06 09:05:40"
"1157365933","2025-10-06 09:14:18","897642519","DOLOUSDT","MARKET","BUY","BOTH","0E-8","0.11093132","162206.00000000","162206.00000000","17993.72513000","0E-8","FILLED","web_usdt_7bjeit1uxm6ovphwmx13h9f","GTC","0E-8","0E-8","Contract Price","false","2025-10-06 09:14:18"
"1157365933","2025-10-06 09:14:46","897644724","DOLOUSDT","STOP_MARKET","SELL","BOTH","0E-8",,"0E-8","0E-8","0E-8","0.11026000","CANCELED","web_1YAmSgpc2V1Je2sDaWGN","GTE_GTC","0E-8","0E-8","markPrice","true","2025-10-06 09:16:56"
"1157365933","2025-10-06 09:16:56","897651037","DOLOUSDT","STOP_MARKET","SELL","BOTH","0E-8",,"0E-8","0E-8","0E-8","0.10986000","EXPIRED","web_T8IydMVRP4iZvYkaMUKa","GTE_GTC","0E-8","0E-8","markPrice","true","2025-10-06 09:20:12"
"1157365933","2025-10-06 09:19:16","897659149","DOLOUSDT","MARKET","SELL","BOTH","0E-8","0.11138492","162206.00000000","162206.00000000","18067.30244000","0.11143000","FILLED","web_Zjs2AF5VXYiHQJf8RWM6","GTE_GTC","0E-8","0E-8","markPrice","true","2025-10-06 09:20:12"
"1157365933","2025-10-06 09:33:49","1848574528","AXLUSDT","LIMIT","BUY","BOTH","0.29840000",,"5579.00000000","0E-8","0E-8","0E-8","CANCELED","web_usdt_st_91durdt6n2nt5phz28mb","GTC","0E-8","0E-8","Contract Price","false","2025-10-06 10:38:09"
"1157365933","2025-10-06 10:38:01","20978000391","WIFUSDT","LIMIT","BUY","BOTH","0.76800000",,"12192.60000000","0E-8","0E-8","0E-8","CANCELED","web_usdt_hmffn5frldzwj61kux4yp8b","GTC","0E-8","0E-8","Contract Price","false","2025-10-06 10:57:42"
"1157365933","2025-10-06 11:00:57","749271886","HEMIUSDT","LIMIT","BUY","BOTH","0.09186300","0.09177550","138793.00000000","138793.00000000","12737.79748000","0E-8","FILLED","web_usdt_ga6ws8ywncxz24wdfddagfs","GTC","0E-8","0E-8","Contract Price","false","2025-10-06 11:00:57"
"1157365933","2025-10-06 11:01:17","749275951","HEMIUSDT","STOP_MARKET","SELL","BOTH","0E-8",,"0E-8","0E-8","0E-8","0.09104000","CANCELED","web_YbyGCuBFkWsUTxs3Vhuw","GTE_GTC","0E-8","0E-8","markPrice","true","2025-10-06 11:05:29"
"1157365933","2025-10-06 11:04:42","749298519","HEMIUSDT","STOP_MARKET","SELL","BOTH","0E-8",,"0E-8","0E-8","0E-8","0.09281100","CANCELED","web_gGXRiT6VSA6vblQZGnEo","GTE_GTC","0E-8","0E-8","markPrice","true","2025-10-06 11:06:30"
"1157365933","2025-10-06 11:05:29","749303217","HEMIUSDT","STOP_MARKET","SELL","BOTH","0E-8",,"0E-8","0E-8","0E-8","0.09085700","EXPIRED","web_L8R7E0cubcmENS5X3Qzq","GTE_GTC","0E-8","0E-8","markPrice","true","2025-10-06 11:27:35"
"1157365933","2025-10-06 11:06:30","749312107","HEMIUSDT","STOP_MARKET","SELL","BOTH","0E-8",,"0E-8","0E-8","0E-8","0.09246500","CANCELED","web_TNBbCAGwTlQ68ikzMLx1","GTE_GTC","0E-8","0E-8","markPrice","true","2025-10-06 11:24:30"
"1157365933","2025-10-06 11:24:31","749413960","HEMIUSDT","MARKET","SELL","BOTH","0E-8","0.09224478","138793.00000000","138793.00000000","12802.92948800","0.09232600","FILLED","web_j9NIA61nvvxjnZuG32kj","GTE_GTC","0E-8","0E-8","markPrice","true","2025-10-06 11:27:35"
"1157365933","2025-10-06 12:15:08","749801975","HEMIUSDT","STOP_MARKET","SELL","BOTH","0E-8",,"68044.00000000","0E-8","0E-8","0.09293000","CANCELED","web_st_7V4y3RP73jXKZ6O","GTE_GTC","0E-8","0E-8","markPrice","true","2025-10-06 12:17:03"
"1157365933","2025-10-06 12:15:08","749801948","HEMIUSDT","MARKET","BUY","BOTH","0E-8","0.09179848","68044.00000000","68044.00000000","6246.33592300","0E-8","FILLED","web_usdt_st_ii3s0s7b7e1d77ojn51f","GTC","0E-8","0E-8","Contract Price","false","2025-10-06 12:15:08"
"1157365933","2025-10-06 12:15:47","749806718","HEMIUSDT","STOP_MARKET","SELL","BOTH","0E-8",,"0E-8","0E-8","0E-8","0.09302200","CANCELED","web_N23beRNTmgOUdASMbhIz","GTE_GTC","0E-8","0E-8","markPrice","true","2025-10-06 12:20:29"
"1157365933","2025-10-06 12:15:47","749806717","HEMIUSDT","STOP_MARKET","SELL","BOTH","0E-8",,"0E-8","0E-8","0E-8","0.09025900","CANCELED","web_lD4FL3DvVn0DsrVdI6P6","GTE_GTC","0E-8","0E-8","markPrice","true","2025-10-06 12:32:00"
"1157365933","2025-10-06 12:20:29","749850941","HEMIUSDT","STOP_MARKET","SELL","BOTH","0E-8",,"0E-8","0E-8","0E-8","0.09253200","CANCELED","web_ZA91BKBpSQsei4TABf6M","GTE_GTC","0E-8","0E-8","markPrice","true","2025-10-06 12:27:59"
"1157365933","2025-10-06 12:27:59","749908497","HEMIUSDT","STOP_MARKET","SELL","BOTH","0E-8",,"0E-8","0E-8","0E-8","0.09296100","CANCELED","web_l6laoXsftLSlzjl6reBX","GTE_GTC","0E-8","0E-8","markPrice","true","2025-10-06 12:29:04"
"1157365933","2025-10-06 12:29:04","749922570","HEMIUSDT","STOP_MARKET","SELL","BOTH","0E-8",,"0E-8","0E-8","0E-8","0.09363400","CANCELED","web_tQfqP5iLPXNfNnXx7z9r","GTE_GTC","0E-8","0E-8","markPrice","true","2025-10-06 12:30:26"
"1157365933","2025-10-06 12:30:26","749940206","HEMIUSDT","STOP_MARKET","SELL","BOTH","0E-8",,"0E-8","0E-8","0E-8","0.09350000","CANCELED","web_6w5yM4OtZvnpp1lRBsWp","GTE_GTC","0E-8","0E-8","markPrice","true","2025-10-06 12:31:32"
"1157365933","2025-10-06 12:31:32","749951626","HEMIUSDT","STOP_MARKET","SELL","BOTH","0E-8",,"0E-8","0E-8","0E-8","0.09485800","CANCELED","web_GGz0dJV9f3ziSdHlZZ8n","GTE_GTC","0E-8","0E-8","markPrice","true","2025-10-06 12:41:56"
"1157365933","2025-10-06 12:32:00","749954514","HEMIUSDT","STOP_MARKET","SELL","BOTH","0E-8",,"0E-8","0E-8","0E-8","0.09179800","CANCELED","web_S8pXNYBB8F7z0S8H0HBQ","GTE_GTC","0E-8","0E-8","markPrice","true","2025-10-06 12:45:44"
"1157365933","2025-10-06 12:41:56","750041904","HEMIUSDT","STOP_MARKET","SELL","BOTH","0E-8",,"0E-8","0E-8","0E-8","0.09338600","CANCELED","web_jBjtbcIwzuuttN4LmVFN","GTE_GTC","0E-8","0E-8","markPrice","true","2025-10-06 12:49:11"
"1157365933","2025-10-06 12:45:45","750062409","HEMIUSDT","STOP_MARKET","SELL","BOTH","0E-8",,"0E-8","0E-8","0E-8","0.09159100","EXPIRED","web_Gt1wmKgGXmT9m77cLg5A","GTE_GTC","0E-8","0E-8","markPrice","true","2025-10-06 13:02:42"
"1157365933","2025-10-06 12:49:11","750085995","HEMIUSDT","MARKET","SELL","BOTH","0E-8","0.09282588","68044.00000000","68044.00000000","6316.24450600","0.09259400","FILLED","web_A655L7TMmFwdEgZvKN85","GTE_GTC","0E-8","0E-8","markPrice","true","2025-10-06 13:02:42"
"1157365933","2025-10-06 23:11:34","916899340","CUSDT","MARKET","BUY","BOTH","0E-8","0.18314084","14181.00000000","14181.00000000","2597.12025000","0E-8","FILLED","web_usdt_banuynd48s3zivo8jqedudz","GTC","0E-8","0E-8","Contract Price","false","2025-10-06 23:11:34"
"1157365933","2025-10-06 23:12:13","916902379","CUSDT","STOP_MARKET","SELL","BOTH","0E-8",,"0E-8","0E-8","0E-8","0.18130000","CANCELED","web_BVvl5i8NOH9rIYx5KNt3","GTE_GTC","0E-8","0E-8","markPrice","true","2025-10-06 23:15:08"
"1157365933","2025-10-06 23:14:33","916908209","CUSDT","MARKET","BUY","BOTH","0E-8","0.18253814","39325.00000000","39325.00000000","7178.31234000","0E-8","FILLED","web_usdt_6zpy1fsa2ebkfgl9hctk02n","GTC","0E-8","0E-8","Contract Price","false","2025-10-06 23:14:33"
"1157365933","2025-10-06 23:15:08","916914465","CUSDT","STOP_MARKET","SELL","BOTH","0E-8",,"0E-8","0E-8","0E-8","0.18708000","CANCELED","web_p61O4xHluAgW2Q0sYjFz","GTE_GTC","0E-8","0E-8","markPrice","true","2025-10-06 23:16:14"
"1157365933","2025-10-06 23:15:08","916914466","CUSDT","STOP_MARKET","SELL","BOTH","0E-8",,"0E-8","0E-8","0E-8","0.18014000","CANCELED","web_ylqwH3UCy0ZPhZngT5NH","GTE_GTC","0E-8","0E-8","markPrice","true","2025-10-06 23:21:59"
"1157365933","2025-10-06 23:16:14","916917966","CUSDT","STOP_MARKET","SELL","BOTH","0E-8",,"0E-8","0E-8","0E-8","0.18598000","CANCELED","web_HsMUnT82SpfXxOOcY5t6","GTE_GTC","0E-8","0E-8","markPrice","true","2025-10-06 23:16:57"
"1157365933","2025-10-06 23:16:57","916921237","CUSDT","STOP_MARKET","SELL","BOTH","0E-8",,"0E-8","0E-8","0E-8","0.18671000","CANCELED","web_VVLu7bkxBBJSFSK3R4r0","GTE_GTC","0E-8","0E-8","markPrice","true","2025-10-06 23:19:00"
"1157365933","2025-10-06 23:19:00","916928906","CUSDT","STOP_MARKET","SELL","BOTH","0E-8",,"0E-8","0E-8","0E-8","0.19000000","CANCELED","web_sVLvhDjiMfoHCNOgLCiB","GTE_GTC","0E-8","0E-8","markPrice","true","2025-10-06 23:20:25"
"1157365933","2025-10-06 23:20:25","916934339","CUSDT","STOP_MARKET","SELL","BOTH","0E-8",,"0E-8","0E-8","0E-8","0.18550000","CANCELED","web_w1U2PkZhpKWLBi8sEsRJ","GTE_GTC","0E-8","0E-8","markPrice","true","2025-10-06 23:20:52"
"1157365933","2025-10-06 23:20:52","916936080","CUSDT","STOP_MARKET","SELL","BOTH","0E-8",,"0E-8","0E-8","0E-8","0.18641000","CANCELED","web_F04kVALbU4pLBPk0OrDb","GTE_GTC","0E-8","0E-8","markPrice","true","2025-10-06 23:23:10"
"1157365933","2025-10-06 23:21:59","916942475","CUSDT","STOP_MARKET","SELL","BOTH","0E-8",,"0E-8","0E-8","0E-8","0.17929000","CANCELED","web_HN4ntTLrKlsmfnTdUBxq","GTE_GTC","0E-8","0E-8","markPrice","true","2025-10-06 23:49:39"
"1157365933","2025-10-06 23:23:10","916944812","CUSDT","STOP_MARKET","SELL","BOTH","0E-8",,"0E-8","0E-8","0E-8","0.18812000","CANCELED","web_z6eCPxRgZgnkmYwIi0Ut","GTE_GTC","0E-8","0E-8","markPrice","true","2025-10-07 02:12:07"
"1157365933","2025-10-06 23:49:39","917000096","CUSDT","STOP_MARKET","SELL","BOTH","0E-8",,"0E-8","0E-8","0E-8","0.18097000","CANCELED","web_cpl5Uf29AuENEpse3Zj0","GTE_GTC","0E-8","0E-8","markPrice","true","2025-10-07 01:22:56"
"1157365933","2025-10-07 01:22:56","917186705","CUSDT","STOP_MARKET","SELL","BOTH","0E-8",,"0E-8","0E-8","0E-8","0.17940000","CANCELED","web_OeW2YtW4bI6Gn5UWgfw8","GTE_GTC","0E-8","0E-8","markPrice","true","2025-10-07 03:23:37"
"1157365933","2025-10-07 01:29:35","1061726685","DIAUSDT","MARKET","BUY","BOTH","0E-8","0.57498133","18567.00000000","18567.00000000","10675.67840000","0E-8","FILLED","web_usdt_3am75dswhias7wf1upfl1xp","GTC","0E-8","0E-8","Contract Price","false","2025-10-07 01:29:35"
"1157365933","2025-10-07 01:30:27","1061727991","DIAUSDT","STOP_MARKET","SELL","BOTH","0E-8",,"0E-8","0E-8","0E-8","0.57030000","EXPIRED","web_FCKd74xdUgLAyZPjrFLy","GTE_GTC","0E-8","0E-8","markPrice","true","2025-10-07 03:13:41"
"1157365933","2025-10-07 01:30:27","1061727992","DIAUSDT","STOP_MARKET","SELL","BOTH","0E-8",,"0E-8","0E-8","0E-8","0.57890000","CANCELED","web_V8QZ94q6216UF2jtsYqO","GTE_GTC","0E-8","0E-8","markPrice","true","2025-10-07 02:04:07"
"1157365933","2025-10-07 02:04:07","1061747441","DIAUSDT","STOP_MARKET","SELL","BOTH","0E-8",,"0E-8","0E-8","0E-8","0.58030000","CANCELED","web_bORCCWJl3W1KDEARRUmU","GTE_GTC","0E-8","0E-8","markPrice","true","2025-10-07 02:04:41"
"1157365933","2025-10-07 02:04:41","1061747993","DIAUSDT","STOP_MARKET","SELL","BOTH","0E-8",,"0E-8","0E-8","0E-8","0.58300000","CANCELED","web_lRVgsjmjYqT8g9XZ4jok","GTE_GTC","0E-8","0E-8","markPrice","true","2025-10-07 02:06:36"
"1157365933","2025-10-07 02:06:36","1061748831","DIAUSDT","STOP_MARKET","SELL","BOTH","0E-8",,"0E-8","0E-8","0E-8","0.58610000","CANCELED","web_XYvdaOuVEPzMGhL6BVhh","GTE_GTC","0E-8","0E-8","markPrice","true","2025-10-07 02:10:13"
"1157365933","2025-10-07 02:10:13","1061750719","DIAUSDT","STOP_MARKET","SELL","BOTH","0E-8",,"0E-8","0E-8","0E-8","0.58010000","CANCELED","web_2hq3popMmHGfgRQCOl3f","GTE_GTC","0E-8","0E-8","markPrice","true","2025-10-07 02:10:45"
"1157365933","2025-10-07 02:10:45","1061751082","DIAUSDT","STOP_MARKET","SELL","BOTH","0E-8",,"0E-8","0E-8","0E-8","0.57910000","CANCELED","web_F8ZnEXI7QcvJctcwn1KK","GTE_GTC","0E-8","0E-8","markPrice","true","2025-10-07 03:10:30"
"1157365933","2025-10-07 02:12:07","917264565","CUSDT","STOP_MARKET","SELL","BOTH","0E-8",,"0E-8","0E-8","0E-8","0.18452000","CANCELED","web_q3vfF6i00gyOJvYH0caM","GTE_GTC","0E-8","0E-8","markPrice","true","2025-10-07 02:16:49"
"1157365933","2025-10-07 02:16:49","917269640","CUSDT","STOP_MARKET","SELL","BOTH","0E-8",,"0E-8","0E-8","0E-8","0.18598000","CANCELED","web_GFN8DzbgeXcNvwVIMF06","GTE_GTC","0E-8","0E-8","markPrice","true","2025-10-07 02:25:48"
"1157365933","2025-10-07 02:25:48","917289829","CUSDT","STOP_MARKET","SELL","BOTH","0E-8",,"0E-8","0E-8","0E-8","0.18801000","CANCELED","web_7SpRJ1KXvLp4syMHkn3S","GTE_GTC","0E-8","0E-8","markPrice","true","2025-10-07 03:23:37"
"1157365933","2025-10-07 03:10:30","1061782256","DIAUSDT","MARKET","SELL","BOTH","0E-8","0.57662006","18567.00000000","18567.00000000","10706.10470000","0.57690000","FILLED","web_MuY68Jspa92YQ4kkOamG","GTE_GTC","0E-8","0E-8","markPrice","true","2025-10-07 03:13:41"
"1157365933","2025-10-07 03:23:37","917374696","CUSDT","STOP_MARKET","SELL","BOTH","0E-8",,"0E-8","0E-8","0E-8","0.18454000","CANCELED","web_mQpmKnOzAYC4eZELO166","GTE_GTC","0E-8","0E-8","markPrice","true","2025-10-07 03:46:57"
"1157365933","2025-10-07 03:23:37","917374695","CUSDT","MARKET","SELL","BOTH","0E-8","0.18261238","53506.00000000","53506.00000000","9770.85802000","0.18269000","FILLED","web_bKNjHIUKRKhFETNYfoyo","GTE_GTC","0E-8","0E-8","markPrice","true","2025-10-07 04:01:30"
"1157365933","2025-10-07 03:46:57","917408909","CUSDT","STOP_MARKET","SELL","BOTH","0E-8",,"0E-8","0E-8","0E-8","0.18380000","EXPIRED","web_na4SeXkrfxU2AAAQGmRZ","GTE_GTC","0E-8","0E-8","markPrice","true","2025-10-07 04:01:30"
"1157365933","2025-10-07 04:51:24","676048902","SHELLUSDT","LIMIT","BUY","BOTH","0.12430000","0.12430000","82059.00000000","82059.00000000","10199.93370000","0E-8","FILLED","web_usdt_st_og7eeramxn6tpb11l7vk","GTC","0E-8","0E-8","Contract Price","false","2025-10-07 05:01:23"
"1157365933","2025-10-07 04:52:23","676049854","SHELLUSDT","STOP_MARKET","SELL","BOTH","0E-8",,"82059.00000000","0E-8","0E-8","0.12300000","CANCELED","web_st_fpjjycYOfD4HD5f","GTE_GTC","0E-8","0E-8","markPrice","true","2025-10-07 05:02:25"
"1157365933","2025-10-07 05:02:07","676054132","SHELLUSDT","STOP_MARKET","SELL","BOTH","0E-8",,"0E-8","0E-8","0E-8","0.12310000","CANCELED","web_EZm62CPgNk2PbzNEsHUe","GTE_GTC","0E-8","0E-8","markPrice","true","2025-10-07 05:58:20"
"1157365933","2025-10-07 05:02:46","676054840","SHELLUSDT","STOP_MARKET","SELL","BOTH","0E-8",,"0E-8","0E-8","0E-8","0.12570000","CANCELED","web_k5mZACbyrgde5vhED0pS","GTE_GTC","0E-8","0E-8","markPrice","true","2025-10-07 05:05:02"
"1157365933","2025-10-07 05:05:02","676056845","SHELLUSDT","STOP_MARKET","SELL","BOTH","0E-8",,"0E-8","0E-8","0E-8","0.12590000","CANCELED","web_UvutnKKA6zZhWsSXG8N7","GTE_GTC","0E-8","0E-8","markPrice","true","2025-10-07 05:12:38"
"1157365933","2025-10-07 05:12:38","676060369","SHELLUSDT","STOP_MARKET","SELL","BOTH","0E-8",,"0E-8","0E-8","0E-8","0.12520000","CANCELED","web_tR0t3PbPe8ymTCYc0lMD","GTE_GTC","0E-8","0E-8","markPrice","true","2025-10-07 05:43:22"
"1157365933","2025-10-07 05:43:22","676074149","SHELLUSDT","STOP_MARKET","SELL","BOTH","0E-8",,"0E-8","0E-8","0E-8","0.12570000","CANCELED","web_rFJJnBkxlqVdYVRSgWYQ","GTE_GTC","0E-8","0E-8","markPrice","true","2025-10-07 06:00:44"
"1157365933","2025-10-07 05:58:20","676084712","SHELLUSDT","STOP_MARKET","SELL","BOTH","0E-8",,"0E-8","0E-8","0E-8","0.12280000","CANCELED","web_2zKpDt2fRHwp2bOXKut2","GTE_GTC","0E-8","0E-8","markPrice","true","2025-10-07 06:08:59"
"1157365933","2025-10-07 06:00:44","676085417","SHELLUSDT","STOP_MARKET","SELL","BOTH","0E-8",,"0E-8","0E-8","0E-8","0.12520000","CANCELED","web_plaY6aRFU8KUlA7Ym1Zd","GTE_GTC","0E-8","0E-8","markPrice","true","2025-10-07 06:07:20"
"1157365933","2025-10-07 06:07:20","676089274","SHELLUSDT","STOP_MARKET","SELL","BOTH","0E-8",,"0E-8","0E-8","0E-8","0.12610000","EXPIRED","web_eNxw78zwFcsxNRF8iR6I","GTE_GTC","0E-8","0E-8","markPrice","true","2025-10-07 06:21:48"
"1157365933","2025-10-07 06:08:59","676089944","SHELLUSDT","MARKET","SELL","BOTH","0E-8","0.12212605","82059.00000000","82059.00000000","10021.54130000","0.12240000","FILLED","web_4vfSd3lL4r9hlCOQc2aS","GTE_GTC","0E-8","0E-8","markPrice","true","2025-10-07 06:21:48"
"1157365933","2025-10-07 06:28:53","13590107170","AXSUSDT","LIMIT","BUY","BOTH","2.28800000","2.28800000","5530.00000000","5530.00000000","12652.64000000","0E-8","FILLED","ios_usdt_ndZfYoC9AqKpUaXW9gAr","GTC","0E-8","0E-8","Contract Price","false","2025-10-07 06:29:12"
"1157365933","2025-10-07 06:29:10","13590107739","AXSUSDT","STOP_MARKET","SELL","BOTH","0E-8",,"0E-8","0E-8","0E-8","2.30600000","EXPIRED","ios_ebD5IwJxKk3Q3GCIhqgV","GTE_GTC","0E-8","0E-8","markPrice","true","2025-10-07 06:41:04"
"1157365933","2025-10-07 06:29:10","13590107738","AXSUSDT","MARKET","SELL","BOTH","0E-8","2.27639005","5530.00000000","5530.00000000","12588.43700000","2.27700000","FILLED","ios_L0ZdjTr9OwqUq2abd46g","GTE_GTC","0E-8","0E-8","markPrice","true","2025-10-07 06:41:04"
"1157365933","2025-10-07 08:30:13","1810743917","PUMPUSDT","STOP_MARKET","SELL","BOTH","0E-8",,"2702211.00000000","0E-8","0E-8","0.00618000","CANCELED","web_st_zbN0Rrjklr51Grm","GTE_GTC","0E-8","0E-8","markPrice","true","2025-10-07 08:31:13"
"1157365933","2025-10-07 08:30:13","1810743918","PUMPUSDT","STOP_MARKET","SELL","BOTH","0E-8",,"2702211.00000000","0E-8","0E-8","0.00611300","EXPIRED","web_st_iZehCJ7sKn5FQrD","GTE_GTC","0E-8","0E-8","markPrice","true","2025-10-07 08:39:10"
"1157365933","2025-10-07 08:30:13","1810743895","PUMPUSDT","MARKET","BUY","BOTH","0E-8","0.00614600","2702211.00000000","2702211.00000000","16607.77936500","0E-8","FILLED","web_usdt_st_ctnm8mbtx8ppo2xj0fym","GTC","0E-8","0E-8","Contract Price","false","2025-10-07 08:30:13"
"1157365933","2025-10-07 08:31:45","1810763618","PUMPUSDT","STOP_MARKET","SELL","BOTH","0E-8",,"0E-8","0E-8","0E-8","0.00620400","CANCELED","web_Rzp6rDTVOWMq4srnx2Uq","GTE_GTC","0E-8","0E-8","markPrice","true","2025-10-07 08:32:27"
"1157365933","2025-10-07 08:32:27","1810774993","PUMPUSDT","STOP_MARKET","SELL","BOTH","0E-8",,"0E-8","0E-8","0E-8","0.00617100","CANCELED","web_1TqMFCH1yEdZouXUkKyg","GTE_GTC","0E-8","0E-8","markPrice","true","2025-10-07 08:32:37"
"1157365933","2025-10-07 08:32:37","1810777181","PUMPUSDT","STOP_MARKET","SELL","BOTH","0E-8",,"0E-8","0E-8","0E-8","0.00619200","CANCELED","web_UKyiSgjlocodLWinMjlJ","GTE_GTC","0E-8","0E-8","markPrice","true","2025-10-07 08:36:25"
"1157365933","2025-10-07 08:36:25","1810826389","PUMPUSDT","STOP_MARKET","SELL","BOTH","0E-8",,"0E-8","0E-8","0E-8","0.00620400","CANCELED","web_iKKgZOV71jT2Hs0OUAHg","GTE_GTC","0E-8","0E-8","markPrice","true","2025-10-07 08:38:40"
"1157365933","2025-10-07 08:38:40","1810857241","PUMPUSDT","MARKET","SELL","BOTH","0E-8","0.00618300","2702211.00000000","2702211.00000000","16707.77061300","0.00618200","FILLED","web_sakCCsOWS0EOvCmb08fv","GTE_GTC","0E-8","0E-8","markPrice","true","2025-10-07 08:39:10"
"1157365933","2025-10-07 08:38:59","1810861256","PUMPUSDT","STOP_MARKET","SELL","BOTH","0E-8",,"0E-8","0E-8","0E-8","0.00617100","EXPIRED","web_wfzZWHf3sPcYAYqZyq23","GTE_GTC","0E-8","0E-8","markPrice","true","2025-10-07 08:39:10"
"1157365933","2025-10-07 08:52:56","7301506118","TAOUSDT","MARKET","SELL","BOTH","0E-8","345.44025052","74.12500000","74.12500000","25605.75857000","0E-8","FILLED","web_usdt_st_nqilhr184wpybommshad","GTC","0E-8","0E-8","Contract Price","false","2025-10-07 08:52:56"
"1157365933","2025-10-07 08:52:56","7301506173","TAOUSDT","STOP_MARKET","BUY","BOTH","0E-8",,"74.12500000","0E-8","0E-8","346.99000000","CANCELED","web_st_2iHdKAJGx44mf0w","GTE_GTC","0E-8","0E-8","markPrice","true","2025-10-07 08:56:29"
"1157365933","2025-10-07 08:53:41","7301512694","TAOUSDT","STOP_MARKET","BUY","BOTH","0E-8",,"0E-8","0E-8","0E-8","341.75000000","CANCELED","web_2AuFFX5kUuHUS4H1yDgR","GTE_GTC","0E-8","0E-8","markPrice","true","2025-10-07 08:58:30"
"1157365933","2025-10-07 08:56:42","7301532799","TAOUSDT","STOP_MARKET","BUY","BOTH","0E-8",,"0E-8","0E-8","0E-8","347.80000000","CANCELED","web_Nk71P3JbzU7eLDiBmmJK","GTE_GTC","0E-8","0E-8","markPrice","true","2025-10-07 10:09:04"
"1157365933","2025-10-07 08:58:30","7301539469","TAOUSDT","STOP_MARKET","BUY","BOTH","0E-8",,"0E-8","0E-8","0E-8","334.58000000","CANCELED","web_GStUEgqHQEPoVySF3nXq","GTE_GTC","0E-8","0E-8","markPrice","true","2025-10-07 10:03:04"
"1157365933","2025-10-07 10:03:04","7301887169","TAOUSDT","STOP_MARKET","BUY","BOTH","0E-8",,"0E-8","0E-8","0E-8","344.20000000","EXPIRED","web_6hhq7Rf0w7jZhvwbvSjx","GTE_GTC","0E-8","0E-8","markPrice","true","2025-10-07 10:11:04"
"1157365933","2025-10-07 10:09:04","7301922885","TAOUSDT","MARKET","BUY","BOTH","0E-8","348.24393524","74.12500000","74.12500000","25813.58170000","348.13000000","FILLED","web_mW5WknYxGtDE9LPbrrM0","GTE_GTC","0E-8","0E-8","markPrice","true","2025-10-07 10:11:04"
"1157365933","2025-10-07 10:58:44","4236771099","WUSDT","LIMIT","BUY","BOTH","0.13100000","0.13100000","55665.50000000","55665.50000000","7292.18050000","0E-8","FILLED","web_usdt_q4cy7t8pzogcmu0ty633oly","GTC","0E-8","0E-8","Contract Price","false","2025-10-07 10:58:52"
"1157365933","2025-10-07 10:59:20","4236775189","WUSDT","STOP_MARKET","SELL","BOTH","0E-8",,"0E-8","0E-8","0E-8","0.13383000","CANCELED","web_Mu1Me56XUMK5KvsMCoFH","GTE_GTC","0E-8","0E-8","markPrice","true","2025-10-07 11:28:05"
"1157365933","2025-10-07 10:59:20","4236775188","WUSDT","STOP_MARKET","SELL","BOTH","0E-8",,"0E-8","0E-8","0E-8","0.12911000","CANCELED","web_TOP0mY9C6wi4YxodJ7Ai","GTE_GTC","0E-8","0E-8","markPrice","true","2025-10-07 11:28:05"
"1157365933","2025-10-07 11:28:05","4236970941","WUSDT","STOP_MARKET","SELL","BOTH","0E-8",,"0E-8","0E-8","0E-8","0.13383000","CANCELED","web_L5rcY4mTyHYTuIpo5fru","GTE_GTC","0E-8","0E-8","markPrice","true","2025-10-07 11:28:45"
"1157365933","2025-10-07 11:28:05","4236970938","WUSDT","STOP_MARKET","SELL","BOTH","0E-8",,"0E-8","0E-8","0E-8","0.13261000","CANCELED","web_lR21NZ2v2sCouV7HUpPC","GTE_GTC","0E-8","0E-8","markPrice","true","2025-10-07 11:28:45"
"1157365933","2025-10-07 11:28:45","4236977085","WUSDT","STOP_MARKET","SELL","BOTH","0E-8",,"0E-8","0E-8","0E-8","0.12929000","EXPIRED","web_SFFZjiwIU9pMiKBxyexO","GTE_GTC","0E-8","0E-8","markPrice","true","2025-10-07 11:28:48"
"1157365933","2025-10-07 11:28:45","4236977084","WUSDT","STOP_MARKET","SELL","BOTH","0E-8",,"0E-8","0E-8","0E-8","0.13281000","EXPIRED","web_9I12QpNjOT44wTcvvif4","GTE_GTC","0E-8","0E-8","markPrice","true","2025-10-07 11:28:48"
"1157365933","2025-10-07 11:28:48","4236977678","WUSDT","MARKET","SELL","BOTH","0E-8","0.13256220","55665.50000000","55665.50000000","7379.14106400","0E-8","FILLED","web_X09HCxzS9WFMcdcwpWPg","GTC","0E-8","0E-8","Contract Price","false","2025-10-07 11:28:48"
"1157365933","2025-10-07 11:39:37","1813914795","PUMPUSDT","LIMIT","BUY","BOTH","0.00628000","0.00628000","2583249.00000000","2583249.00000000","16222.80372000","0E-8","FILLED","web_usdt_j2nvwrir1njddx5gol0w4m8","GTC","0E-8","0E-8","Contract Price","false","2025-10-07 11:40:03"
"1157365933","2025-10-07 11:40:37","1813929244","PUMPUSDT","STOP_MARKET","SELL","BOTH","0E-8",,"0E-8","0E-8","0E-8","0.00626400","CANCELED","web_IE7hMsb9jQwi8oH8S4pO","GTE_GTC","0E-8","0E-8","markPrice","true","2025-10-07 11:44:37"
"1157365933","2025-10-07 11:41:18","1813939187","PUMPUSDT","STOP_MARKET","SELL","BOTH","0E-8",,"0E-8","0E-8","0E-8","0.00633400","CANCELED","web_bRQbzLH7SDFV0OOYKqt1","GTE_GTC","0E-8","0E-8","markPrice","true","2025-10-07 11:46:54"
"1157365933","2025-10-07 11:44:37","1813980166","PUMPUSDT","STOP_MARKET","SELL","BOTH","0E-8",,"0E-8","0E-8","0E-8","0.00625800","CANCELED","web_fj1RMys1I4bO46qoLZuN","GTE_GTC","0E-8","0E-8","markPrice","true","2025-10-07 11:48:13"
"1157365933","2025-10-07 11:46:54","1814012583","PUMPUSDT","STOP_MARKET","SELL","BOTH","0E-8",,"0E-8","0E-8","0E-8","0.00630700","EXPIRED","web_HhxQVN9bJwKGbg5Dt7MU","GTE_GTC","0E-8","0E-8","markPrice","true","2025-10-07 11:52:04"
"1157365933","2025-10-07 11:48:13","1814025336","PUMPUSDT","STOP_MARKET","SELL","BOTH","0E-8",,"0E-8","0E-8","0E-8","0.00625100","EXPIRED","web_AeUMAtBY5LfthbgPhYOr","GTE_GTC","0E-8","0E-8","markPrice","true","2025-10-07 11:52:04"
"1157365933","2025-10-07 11:52:04","1814073590","PUMPUSDT","MARKET","SELL","BOTH","0E-8","0.00629149","2583249.00000000","2583249.00000000","16252.49169600","0E-8","FILLED","web_eFtF7nX96iuHU07VoB3a","GTC","0E-8","0E-8","Contract Price","false","2025-10-07 11:52:04"
"1157365933","2025-10-07 12:21:13","5734040710","WOOUSDT","LIMIT","BUY","BOTH","0.07440000","0.07439975","168010.00000000","168010.00000000","12499.90197000","0E-8","FILLED","web_usdt_e0dpl9by2r1lxzmt7pzshdq","GTC","0E-8","0E-8","Contract Price","false","2025-10-07 12:23:03"
"1157365933","2025-10-07 12:23:17","5734045538","WOOUSDT","STOP_MARKET","SELL","BOTH","0E-8",,"0E-8","0E-8","0E-8","0.07558000","CANCELED","web_yUfMomQJFZayolnTBPK4","GTE_GTC","0E-8","0E-8","markPrice","true","2025-10-07 13:10:54"
"1157365933","2025-10-07 12:23:17","5734045539","WOOUSDT","STOP_MARKET","SELL","BOTH","0E-8",,"0E-8","0E-8","0E-8","0.07356000","CANCELED","web_zY2FFj6wvDGePlUZHakJ","GTE_GTC","0E-8","0E-8","markPrice","true","2025-10-07 12:24:14"
"1157365933","2025-10-07 12:24:14","5734047802","WOOUSDT","STOP_MARKET","SELL","BOTH","0E-8",,"0E-8","0E-8","0E-8","0.07350000","CANCELED","web_sbr8c17J2E4tnTSNmuQk","GTE_GTC","0E-8","0E-8","markPrice","true","2025-10-07 12:43:50"
"1157365933","2025-10-07 12:41:23","618482117","TREEUSDT","LIMIT","BUY","BOTH","0.26830000","0.26830000","39850.00000000","39850.00000000","10691.75500000","0E-8","FILLED","web_usdt_4wbl7vejbxco5hngu3avuj5","GTC","0E-8","0E-8","Contract Price","false","2025-10-07 12:43:14"
"1157365933","2025-10-07 12:43:51","5734088186","WOOUSDT","MARKET","SELL","BOTH","0E-8","0.07330681","168010.00000000","168010.00000000","12316.27718000","0.07339000","FILLED","web_UodevYzNrStGa03Y9N7W","GTE_GTC","0E-8","0E-8","markPrice","true","2025-10-07 13:41:43"
"1157365933","2025-10-07 12:45:48","618492664","TREEUSDT","STOP_MARKET","SELL","BOTH","0E-8",,"0E-8","0E-8","0E-8","0.26640000","CANCELED","web_FF1G53gUdXbJ4klaKGVl","GTE_GTC","0E-8","0E-8","markPrice","true","2025-10-07 12:55:16"
"1157365933","2025-10-07 12:45:48","618492663","TREEUSDT","STOP_MARKET","SELL","BOTH","0E-8",,"0E-8","0E-8","0E-8","0.27200000","CANCELED","web_TezJ32ScIN2ANq8NwvCv","GTE_GTC","0E-8","0E-8","markPrice","true","2025-10-07 12:47:17"
"1157365933","2025-10-07 12:47:17","618496318","TREEUSDT","STOP_MARKET","SELL","BOTH","0E-8",,"0E-8","0E-8","0E-8","0.27350000","CANCELED","web_mOp2B3DBtcIcZ3rV6b9a","GTE_GTC","0E-8","0E-8","markPrice","true","2025-10-07 12:47:56"
"1157365933","2025-10-07 12:47:56","618498016","TREEUSDT","STOP_MARKET","SELL","BOTH","0E-8",,"0E-8","0E-8","0E-8","0.27250000","CANCELED","web_u3XlEuRfbQmXOvDQCyrJ","GTE_GTC","0E-8","0E-8","markPrice","true","2025-10-07 13:00:54"
"1157365933","2025-10-07 12:55:16","618510643","TREEUSDT","STOP_MARKET","SELL","BOTH","0E-8",,"0E-8","0E-8","0E-8","0.26770000","CANCELED","web_IZWDZMdSudpxg9b6ygy5","GTE_GTC","0E-8","0E-8","markPrice","true","2025-10-07 13:37:38"
"1157365933","2025-10-07 13:00:54","618528066","TREEUSDT","STOP_MARKET","SELL","BOTH","0E-8",,"0E-8","0E-8","0E-8","0.27070000","CANCELED","web_yPhGlrhigiGfWWLbcj2r","GTE_GTC","0E-8","0E-8","markPrice","true","2025-10-07 13:08:00"
"1157365933","2025-10-07 13:08:00","618544982","TREEUSDT","STOP_MARKET","SELL","BOTH","0E-8",,"0E-8","0E-8","0E-8","0.27010000","CANCELED","web_OhcKUdQyGZiwNN2We6wf","GTE_GTC","0E-8","0E-8","markPrice","true","2025-10-07 13:37:12"
"1157365933","2025-10-07 13:10:54","5734155192","WOOUSDT","STOP_MARKET","SELL","BOTH","0E-8",,"0E-8","0E-8","0E-8","0.07479000","CANCELED","web_AqoDU4Hr5PGYwfWkiZFM","GTE_GTC","0E-8","0E-8","markPrice","true","2025-10-07 13:40:56"
"1157365933","2025-10-07 13:37:13","618610603","TREEUSDT","STOP_MARKET","SELL","BOTH","0E-8",,"0E-8","0E-8","0E-8","0.27360000","EXPIRED","web_3TO8g8EL732NthBjFvLS","GTE_GTC","0E-8","0E-8","markPrice","true","2025-10-07 13:39:35"
"1157365933","2025-10-07 13:37:38","618611418","TREEUSDT","STOP_MARKET","SELL","BOTH","0E-8",,"0E-8","0E-8","0E-8","0.26690000","CANCELED","web_Mu6WjKLMK0F9D283w9N0","GTE_GTC","0E-8","0E-8","markPrice","true","2025-10-07 13:39:26"
"1157365933","2025-10-07 13:39:26","618618347","TREEUSDT","MARKET","SELL","BOTH","0E-8","0.26599898","39850.00000000","39850.00000000","10600.05920000","0.26640000","FILLED","web_s1m0pKZiyH4pn7kQrTy5","GTE_GTC","0E-8","0E-8","markPrice","true","2025-10-07 13:39:35"
"1157365933","2025-10-07 13:40:56","5734238071","WOOUSDT","STOP_MARKET","SELL","BOTH","0E-8",,"0E-8","0E-8","0E-8","0.07638000","EXPIRED","web_9PI9eKWMuCGwk9RGUrL6","GTE_GTC","0E-8","0E-8","markPrice","true","2025-10-07 13:41:43"
"1157365933","2025-10-08 01:02:24","38998325730","LTCUSDT","MARKET","BUY","BOTH","0E-8","117.55000000","60.05700000","60.05700000","7059.70035000","0E-8","FILLED","web_usdt_1mb0ep6ea019b9rst5p7goc","GTC","0E-8","0E-8","Contract Price","false","2025-10-08 01:02:24"
"1157365933","2025-10-08 01:03:24","38998341194","LTCUSDT","STOP_MARKET","SELL","BOTH","0E-8",,"0E-8","0E-8","0E-8","115.24000000","EXPIRED","web_16zT3rV3O2vz2QPkuqtp","GTE_GTC","0E-8","0E-8","markPrice","true","2025-10-08 17:38:18"
"1157365933","2025-10-08 01:03:24","38998341193","LTCUSDT","STOP_MARKET","SELL","BOTH","0E-8",,"0E-8","0E-8","0E-8","121.10000000","CANCELED","web_eHrOOfpTAqDb2zNb1kJI","GTE_GTC","0E-8","0E-8","markPrice","true","2025-10-08 16:23:15"
"1157365933","2025-10-08 07:35:56","403635350","AWEUSDT","STOP_MARKET","BUY","BOTH","0E-8",,"26232.00000000","0E-8","0E-8","0.10808000","EXPIRED","ios_st_Ls63JZ4Q9uFoJx9","GTE_GTC","0E-8","0E-8","markPrice","true","2025-10-09 00:31:27"
"1157365933","2025-10-08 07:35:56","403635329","AWEUSDT","LIMIT","SELL","BOTH","0.10197000","0.10197812","26232.00000000","26232.00000000","2675.09008000","0E-8","FILLED","ios_st_UtuWBPsQN2CUhvf","GTC","0E-8","0E-8","Contract Price","false","2025-10-08 07:35:56"
"1157365933","2025-10-08 07:36:53","403636350","AWEUSDT","STOP_MARKET","BUY","BOTH","0E-8",,"0E-8","0E-8","0E-8","0.10452000","CANCELED","ios_DC0UnE0XmsDzgPfLjeM6","GTE_GTC","0E-8","0E-8","markPrice","true","2025-10-08 07:53:42"
"1157365933","2025-10-08 07:36:53","403636351","AWEUSDT","STOP_MARKET","BUY","BOTH","0E-8",,"0E-8","0E-8","0E-8","0.08158000","CANCELED","ios_3bKWC74IHr61gAiXgMYa","GTE_GTC","0E-8","0E-8","markPrice","true","2025-10-08 07:39:53"
"1157365933","2025-10-08 07:39:53","403641376","AWEUSDT","STOP_MARKET","BUY","BOTH","0E-8",,"0E-8","0E-8","0E-8","0.09000000","CANCELED","ios_zCh8oBKJrM8cdzeFIa3L","GTE_GTC","0E-8","0E-8","markPrice","true","2025-10-08 08:01:25"
"1157365933","2025-10-08 07:53:42","403667494","AWEUSDT","STOP_MARKET","BUY","BOTH","0E-8",,"0E-8","0E-8","0E-8","0.10605000","CANCELED","ios_Z2bZpxF3SjAAibwZtEOt","GTE_GTC","0E-8","0E-8","markPrice","true","2025-10-08 16:24:38"
"1157365933","2025-10-08 08:01:25","403684603","AWEUSDT","STOP_MARKET","BUY","BOTH","0E-8",,"0E-8","0E-8","0E-8","0.09700000","CANCELED","ios_BeercQX2rCUaAIsTp9kT","GTE_GTC","0E-8","0E-8","markPrice","true","2025-10-09 00:29:00"
"1157365933","2025-10-08 16:23:15","39010982676","LTCUSDT","MARKET","SELL","BOTH","0E-8","118.89000000","60.05700000","60.05700000","7140.17673000","118.88000000","FILLED","web_ms4dKdVuyB7XOfeGausR","GTE_GTC","0E-8","0E-8","markPrice","true","2025-10-08 17:38:18"
"1157365933","2025-10-08 16:24:38","404197183","AWEUSDT","STOP_MARKET","BUY","BOTH","0E-8",,"0E-8","0E-8","0E-8","0.10465000","CANCELED","web_AeXIyXkGaEbRUm66BdjR","GTE_GTC","0E-8","0E-8","markPrice","true","2025-10-09 00:29:00"
"1157365933","2025-10-09 00:26:06","8857369083","QTUMUSDT","MARKET","SELL","BOTH","0E-8","2.44062661","5360.30000000","5360.30000000","13082.49080000","0E-8","FILLED","web_usdt_k1me7159649vx55pts0k6e5","GTC","0E-8","0E-8","Contract Price","false","2025-10-09 00:26:06"
"1157365933","2025-10-09 00:26:26","8857370772","QTUMUSDT","STOP_MARKET","BUY","BOTH","0E-8",,"0E-8","0E-8","0E-8","2.40800000","CANCELED","web_r8LWqQ9s3K9YKzWlpZv4","GTE_GTC","0E-8","0E-8","markPrice","true","2025-10-09 00:27:26"
"1157365933","2025-10-09 00:26:26","8857370773","QTUMUSDT","STOP_MARKET","BUY","BOTH","0E-8",,"0E-8","0E-8","0E-8","2.44800000","EXPIRED","web_T0K9Mxg533hF7A8buDPa","GTE_GTC","0E-8","0E-8","markPrice","true","2025-10-09 00:27:33"
"1157365933","2025-10-09 00:27:26","8857377955","QTUMUSDT","MARKET","BUY","BOTH","0E-8","2.42774949","5360.30000000","5360.30000000","13013.46560000","2.42500000","FILLED","web_OitOwL2UtQq3wWSMTG7h","GTE_GTC","0E-8","0E-8","markPrice","true","2025-10-09 00:27:33"
"1157365933","2025-10-09 00:29:00","404575124","AWEUSDT","STOP_MARKET","BUY","BOTH","0E-8",,"0E-8","0E-8","0E-8","0.10465000","EXPIRED","web_zPufeYFqqKCQ0gxIrpJE","GTE_GTC","0E-8","0E-8","markPrice","true","2025-10-09 00:31:27"
"1157365933","2025-10-09 00:29:00","404575125","AWEUSDT","STOP_MARKET","BUY","BOTH","0E-8",,"0E-8","0E-8","0E-8","0.09820000","EXPIRED","web_YvFuPtP6kXQOAgjvgBJG","GTE_GTC","0E-8","0E-8","markPrice","true","2025-10-09 00:31:27"
"1157365933","2025-10-09 00:31:27","404576980","AWEUSDT","MARKET","BUY","BOTH","0E-8","0.09852670","26232.00000000","26232.00000000","2584.55244000","0E-8","FILLED","web_4ESXSwsHHS2rL8SUx3e7","GTC","0E-8","0E-8","Contract Price","false","2025-10-09 00:31:27"
"1157365933","2025-10-09 01:22:59","2820341158","SUPERUSDT","MARKET","SELL","BOTH","0E-8","0.58598465","39088.00000000","39088.00000000","22904.96810000","0E-8","FILLED","web_usdt_xtsiblp5gp5w1a9d8pb9t1c","GTC","0E-8","0E-8","Contract Price","false","2025-10-09 01:22:59"
"1157365933","2025-10-09 01:23:27","2820342625","SUPERUSDT","STOP_MARKET","BUY","BOTH","0E-8",,"0E-8","0E-8","0E-8","0.58870000","CANCELED","web_OIJFzFvxnWL2J2RCEFcb","GTE_GTC","0E-8","0E-8","markPrice","true","2025-10-09 01:27:06"
"1157365933","2025-10-09 01:23:27","2820342624","SUPERUSDT","STOP_MARKET","BUY","BOTH","0E-8",,"0E-8","0E-8","0E-8","0.58240000","CANCELED","web_sw1yHvoJGcRuuenQmS3z","GTE_GTC","0E-8","0E-8","markPrice","true","2025-10-09 01:33:12"
"1157365933","2025-10-09 01:27:06","2820348492","SUPERUSDT","STOP_MARKET","BUY","BOTH","0E-8",,"0E-8","0E-8","0E-8","0.58920000","CANCELED","web_fyTGteztgMhi9qzB9bBU","GTE_GTC","0E-8","0E-8","markPrice","true","2025-10-09 01:47:20"
"1157365933","2025-10-09 01:33:12","2820356971","SUPERUSDT","STOP_MARKET","BUY","BOTH","0E-8",,"0E-8","0E-8","0E-8","0.58430000","CANCELED","web_IDOwyfLFHqygotDU59Dw","GTE_GTC","0E-8","0E-8","markPrice","true","2025-10-09 01:33:31"
"1157365933","2025-10-09 01:33:31","2820357687","SUPERUSDT","STOP_MARKET","BUY","BOTH","0E-8",,"0E-8","0E-8","0E-8","0.58240000","CANCELED","web_6tIRsftTzTHiP82qeRsf","GTE_GTC","0E-8","0E-8","markPrice","true","2025-10-09 01:39:53"
"1157365933","2025-10-09 01:39:53","2820366346","SUPERUSDT","STOP_MARKET","BUY","BOTH","0E-8",,"0E-8","0E-8","0E-8","0.58320000","CANCELED","web_4H1IGKO8nf2GJt8dZRp9","GTE_GTC","0E-8","0E-8","markPrice","true","2025-10-09 01:41:40"
"1157365933","2025-10-09 01:41:40","2820368357","SUPERUSDT","STOP_MARKET","BUY","BOTH","0E-8",,"0E-8","0E-8","0E-8","0.58410000","CANCELED","web_FCNscyIu2PjybUEsWNmf","GTE_GTC","0E-8","0E-8","markPrice","true","2025-10-09 02:01:35"
"1157365933","2025-10-09 01:47:20","2820378270","SUPERUSDT","STOP_MARKET","BUY","BOTH","0E-8",,"0E-8","0E-8","0E-8","0.58780000","CANCELED","web_YhEThWtQ7ZB1KY2mvw5V","GTE_GTC","0E-8","0E-8","markPrice","true","2025-10-09 01:51:02"
"1157365933","2025-10-09 01:51:02","2820382115","SUPERUSDT","STOP_MARKET","BUY","BOTH","0E-8",,"0E-8","0E-8","0E-8","0.58850000","EXPIRED","web_MQ8hbnTcqFMYnDC2n8dI","GTE_GTC","0E-8","0E-8","markPrice","true","2025-10-09 02:03:03"
"1157365933","2025-10-09 02:01:35","2820393599","SUPERUSDT","MARKET","BUY","BOTH","0E-8","0.58514852","39088.00000000","39088.00000000","22872.28550000","0.58500000","FILLED","web_lvjWGxlTJkU7XPZY85q4","GTE_GTC","0E-8","0E-8","markPrice","true","2025-10-09 02:03:03"
"1157365933","2025-10-09 02:52:17","275141078","TOWNSUSDT","MARKET","SELL","BOTH","0E-8","0.01843487","1246177.00000000","1246177.00000000","22973.10696000","0E-8","FILLED","web_usdt_st_7zls5drbrpkjbqrnjnac","GTC","0E-8","0E-8","Contract Price","false","2025-10-09 02:52:17"
"1157365933","2025-10-09 02:52:17","275141142","TOWNSUSDT","STOP_MARKET","BUY","BOTH","0E-8",,"1246177.00000000","0E-8","0E-8","0.01855000","EXPIRED","web_st_WxD7XPmwqZB7v1i","GTE_GTC","0E-8","0E-8","markPrice","true","2025-10-09 02:53:31"
"1157365933","2025-10-09 02:52:36","275142269","TOWNSUSDT","STOP_MARKET","BUY","BOTH","0E-8",,"0E-8","0E-8","0E-8","0.01834000","EXPIRED","web_25DfKiYisz2zOlsQh58h","GTE_GTC","0E-8","0E-8","markPrice","true","2025-10-09 02:53:31"
"1157365933","2025-10-09 02:52:36","275142270","TOWNSUSDT","STOP_MARKET","BUY","BOTH","0E-8",,"0E-8","0E-8","0E-8","0.01852000","EXPIRED","web_etryFEqVXPVo39Tpt0kT","GTE_GTC","0E-8","0E-8","markPrice","true","2025-10-09 02:53:31"
"1157365933","2025-10-09 02:53:31","275143358","TOWNSUSDT","MARKET","BUY","BOTH","0E-8","0.01841463","1246177.00000000","1246177.00000000","22947.88823000","0E-8","FILLED","web_AgRa8w3aFeliM6ktc1o4","GTC","0E-8","0E-8","Contract Price","false","2025-10-09 02:53:31"
"1157365933","2025-10-09 03:00:00","1023649924","SOLVUSDT","MARKET","SELL","BOTH","0E-8","0.04268134","526995.00000000","526995.00000000","22492.85326000","0E-8","FILLED","web_usdt_bapmz05fyxda70qsoccfd8t","GTC","0E-8","0E-8","Contract Price","false","2025-10-09 03:00:00"
"1157365933","2025-10-09 03:00:15","1023652557","SOLVUSDT","STOP_MARKET","BUY","BOTH","0E-8",,"0E-8","0E-8","0E-8","0.04211000","CANCELED","web_cDXLYDutFwwbehgas4tA","GTE_GTC","0E-8","0E-8","markPrice","true","2025-10-09 03:01:15"
"1157365933","2025-10-09 03:00:43","1023653214","SOLVUSDT","STOP_MARKET","BUY","BOTH","0E-8",,"0E-8","0E-8","0E-8","0.04310000","CANCELED","web_Gyd3bu7DO0il1qQ9v6lJ","GTE_GTC","0E-8","0E-8","markPrice","true","2025-10-09 03:06:27"
"1157365933","2025-10-09 03:01:15","1023654778","SOLVUSDT","STOP_MARKET","BUY","BOTH","0E-8",,"0E-8","0E-8","0E-8","0.04242000","CANCELED","web_ncxaLGvfNxC8tv6dBwLa","GTE_GTC","0E-8","0E-8","markPrice","true","2025-10-09 03:03:10"
"1157365933","2025-10-09 03:03:10","1023659254","SOLVUSDT","STOP_MARKET","BUY","BOTH","0E-8",,"0E-8","0E-8","0E-8","0.04247000","CANCELED","web_T5QCbmgrd3kO7a6BMUvd","GTE_GTC","0E-8","0E-8","markPrice","true","2025-10-09 03:08:06"
"1157365933","2025-10-09 03:06:27","1023668974","SOLVUSDT","STOP_MARKET","BUY","BOTH","0E-8",,"0E-8","0E-8","0E-8","0.04325000","CANCELED","web_5vg5UcXkppTGfra8QrFR","GTE_GTC","0E-8","0E-8","markPrice","true","2025-10-09 03:06:40"
"1157365933","2025-10-09 03:06:40","1023669394","SOLVUSDT","STOP_MARKET","BUY","BOTH","0E-8",,"0E-8","0E-8","0E-8","0.04321000","CANCELED","web_SboFtVd0BQU9Hf3pcXtm","GTE_GTC","0E-8","0E-8","markPrice","true","2025-10-09 03:20:53"
"1157365933","2025-10-09 03:08:06","1023673808","SOLVUSDT","STOP_MARKET","BUY","BOTH","0E-8",,"0E-8","0E-8","0E-8","0.04241000","CANCELED","web_c4lRIKThPwdctIF2QtWL","GTE_GTC","0E-8","0E-8","markPrice","true","2025-10-09 03:55:21"
"1157365933","2025-10-09 03:20:53","1023696432","SOLVUSDT","STOP_MARKET","BUY","BOTH","0E-8",,"0E-8","0E-8","0E-8","0.04300000","CANCELED","web_fJuf85UtfEtAFWSFFB0R","GTE_GTC","0E-8","0E-8","markPrice","true","2025-10-09 03:27:43"
"1157365933","2025-10-09 03:27:43","1023709449","SOLVUSDT","STOP_MARKET","BUY","BOTH","0E-8",,"0E-8","0E-8","0E-8","0.04310000","CANCELED","web_HbypWAYRTsxkEdITWY5v","GTE_GTC","0E-8","0E-8","markPrice","true","2025-10-09 03:28:00"
"1157365933","2025-10-09 03:28:01","1023710275","SOLVUSDT","STOP_MARKET","BUY","BOTH","0E-8",,"0E-8","0E-8","0E-8","0.04320000","CANCELED","web_Nc1vZw6je3Ko19hbTwst","GTE_GTC","0E-8","0E-8","markPrice","true","2025-10-09 04:01:08"
"1157365933","2025-10-09 03:55:21","1023756982","SOLVUSDT","STOP_MARKET","BUY","BOTH","0E-8",,"0E-8","0E-8","0E-8","0.04257000","CANCELED","web_WgaFIbpgR74bqHk19Soc","GTE_GTC","0E-8","0E-8","markPrice","true","2025-10-09 03:58:02"
"1157365933","2025-10-09 03:58:02","1023760917","SOLVUSDT","STOP_MARKET","BUY","BOTH","0E-8",,"0E-8","0E-8","0E-8","0.04240000","CANCELED","web_G7HNmRY22wE2hsaM7jNg","GTE_GTC","0E-8","0E-8","markPrice","true","2025-10-09 04:14:54"
"1157365933","2025-10-09 04:01:08","1023768078","SOLVUSDT","STOP_MARKET","BUY","BOTH","0E-8",,"0E-8","0E-8","0E-8","0.04307000","EXPIRED","web_BddTzXwKYwTMRYA97xxa","GTE_GTC","0E-8","0E-8","markPrice","true","2025-10-09 04:16:55"
"1157365933","2025-10-09 04:14:55","1023790071","SOLVUSDT","STOP_MARKET","BUY","BOTH","0E-8",,"0E-8","0E-8","0E-8","0.04254000","CANCELED","web_ThmAjiAHWx1OP3tvQ3jl","GTE_GTC","0E-8","0E-8","markPrice","true","2025-10-09 04:15:36"
"1157365933","2025-10-09 04:15:36","1023790776","SOLVUSDT","MARKET","BUY","BOTH","0E-8","0.04267889","526995.00000000","526995.00000000","22491.56155000","0.04258000","FILLED","web_r2J2gzr36GKdCnwSiAPa","GTE_GTC","0E-8","0E-8","markPrice","true","2025-10-09 04:16:55"
"1157365933","2025-10-09 05:51:08","153836471906","SOLUSDT","LIMIT","BUY","BOTH","227.02000000",,"131.90000000","0E-8","0E-8","0E-8","CANCELED","web_usdt_st_zjxn10w6hia6vz04p7hr","GTC","0E-8","0E-8","Contract Price","false","2025-10-09 05:52:24"
"1157365933","2025-10-09 06:31:02","97400499","SKYUSDT","MARKET","BUY","BOTH","0E-8","0.06794163","343355.00000000","343355.00000000","23328.09878000","0E-8","FILLED","web_usdt_x709uz0hck02xghf1c8rssu","GTC","0E-8","0E-8","Contract Price","false","2025-10-09 06:31:02"
"1157365933","2025-10-09 06:32:30","97402416","SKYUSDT","STOP_MARKET","SELL","BOTH","0E-8",,"0E-8","0E-8","0E-8","0.06771000","CANCELED","web_eNs6QfsPUtsjHjVqT8Jo","GTE_GTC","0E-8","0E-8","markPrice","true","2025-10-09 06:33:54"
"1157365933","2025-10-09 06:33:54","97403616","SKYUSDT","STOP_MARKET","SELL","BOTH","0E-8",,"0E-8","0E-8","0E-8","0.06766000","CANCELED","web_GbmqAWqjaYeN3ThA2vdN","GTE_GTC","0E-8","0E-8","markPrice","true","2025-10-09 06:59:17"
"1157365933","2025-10-09 06:38:59","97405878","SKYUSDT","STOP_MARKET","SELL","BOTH","0E-8",,"0E-8","0E-8","0E-8","0.06817000","CANCELED","web_I16LH5N5WvD3n5OUGrKC","GTE_GTC","0E-8","0E-8","markPrice","true","2025-10-09 07:20:48"
"1157365933","2025-10-09 06:59:17","97418052","SKYUSDT","STOP_MARKET","SELL","BOTH","0E-8",,"0E-8","0E-8","0E-8","0.06762000","CANCELED","web_tj60tL3pflyVojHvJGxY","GTE_GTC","0E-8","0E-8","markPrice","true","2025-10-09 07:00:33"
"1157365933","2025-10-09 07:00:33","97418938","SKYUSDT","STOP_MARKET","SELL","BOTH","0E-8",,"0E-8","0E-8","0E-8","0.06766000","CANCELED","web_pWTxXwnaf4x7HMRWSuTx","GTE_GTC","0E-8","0E-8","markPrice","true","2025-10-09 07:38:13"
"1157365933","2025-10-09 07:20:48","97436367","SKYUSDT","STOP_MARKET","SELL","BOTH","0E-8",,"0E-8","0E-8","0E-8","0.06819000","EXPIRED","web_fAajBy3Xk0vfK6HJeZcU","GTE_GTC","0E-8","0E-8","markPrice","true","2025-10-09 07:38:15"
"1157365933","2025-10-09 07:38:13","97448259","SKYUSDT","MARKET","SELL","BOTH","0E-8","0.06738161","343355.00000000","343355.00000000","23135.81117000","0.06762000","FILLED","web_WHp9KKidr1DTyCF5vV6l","GTE_GTC","0E-8","0E-8","markPrice","true","2025-10-09 07:38:15"
"1157365933","2025-10-09 07:45:55","97457959","SKYUSDT","MARKET","BUY","BOTH","0E-8","0.06731396","310355.00000000","310355.00000000","20891.22407000","0E-8","FILLED","web_usdt_zo59z4sthoiiydc90bj16dx","GTC","0E-8","0E-8","Contract Price","false","2025-10-09 07:45:55"
"1157365933","2025-10-09 07:46:11","97458985","SKYUSDT","STOP_MARKET","SELL","BOTH","0E-8",,"0E-8","0E-8","0E-8","0.06741000","CANCELED","web_smuv2oI7MmcNVJRMbopE","GTE_GTC","0E-8","0E-8","markPrice","true","2025-10-09 07:46:56"
"1157365933","2025-10-09 07:46:11","97458984","SKYUSDT","STOP_MARKET","SELL","BOTH","0E-8",,"0E-8","0E-8","0E-8","0.06708000","CANCELED","web_nBtE0gTiPZUfqQPPD8sF","GTE_GTC","0E-8","0E-8","markPrice","true","2025-10-09 08:00:03"
"1157365933","2025-10-09 07:46:56","97459742","SKYUSDT","STOP_MARKET","SELL","BOTH","0E-8",,"0E-8","0E-8","0E-8","0.06811000","CANCELED","web_p3B6CWjV1KZloz0O637Q","GTE_GTC","0E-8","0E-8","markPrice","true","2025-10-09 07:48:58"
"1157365933","2025-10-09 07:48:58","97461724","SKYUSDT","STOP_MARKET","SELL","BOTH","0E-8",,"0E-8","0E-8","0E-8","0.06843000","CANCELED","web_mxqd3AMOKD2aCqXa6dQq","GTE_GTC","0E-8","0E-8","markPrice","true","2025-10-09 07:49:51"
"1157365933","2025-10-09 07:49:51","97462868","SKYUSDT","STOP_MARKET","SELL","BOTH","0E-8",,"0E-8","0E-8","0E-8","0.06955000","EXPIRED","web_nOKo1vP22Y3ft4puFqOP","GTE_GTC","0E-8","0E-8","markPrice","true","2025-10-09 08:06:06"
"1157365933","2025-10-09 08:00:03","97475338","SKYUSDT","MARKET","SELL","BOTH","0E-8","0.06700156","310355.00000000","310355.00000000","20794.26836000","0.06706000","FILLED","web_dykxnhKbRYP2oky33thi","GTE_GTC","0E-8","0E-8","markPrice","true","2025-10-09 08:06:06"
"1157365933","2025-10-09 09:21:31","22615933699","AAVEUSDT","MARKET","BUY","BOTH","0E-8","274.80538905","69.40000000","69.40000000","19071.49400000","0E-8","FILLED","ios_st_NBr39g9YlJIPTFw","GTC","0E-8","0E-8","Contract Price","false","2025-10-09 09:21:31"
"1157365933","2025-10-09 09:21:32","22615933795","AAVEUSDT","STOP_MARKET","SELL","BOTH","0E-8",,"69.40000000","0E-8","0E-8","277.49000000","CANCELED","ios_st_sN7h7bYcLLNzAGb","GTE_GTC","0E-8","0E-8","markPrice","true","2025-10-09 10:34:53"
"1157365933","2025-10-09 09:21:32","22615933797","AAVEUSDT","STOP_MARKET","SELL","BOTH","0E-8",,"69.40000000","0E-8","0E-8","272.96000000","CANCELED","ios_st_p8XlqXD5jsiD6yc","GTE_GTC","0E-8","0E-8","markPrice","true","2025-10-09 11:02:26"
"1157365933","2025-10-09 10:34:36","22617116288","AAVEUSDT","STOP_MARKET","SELL","BOTH","0E-8",,"0E-8","0E-8","0E-8","276.00000000","CANCELED","web_RhE4ZJMeQxPRmnnrB5C8","GTE_GTC","0E-8","0E-8","markPrice","true","2025-10-09 10:50:34"
"1157365933","2025-10-09 10:50:34","22617418806","AAVEUSDT","STOP_MARKET","SELL","BOTH","0E-8",,"0E-8","0E-8","0E-8","275.63000000","CANCELED","web_B2OhOOvVaUoWCmVKVp4L","GTE_GTC","0E-8","0E-8","markPrice","true","2025-10-09 11:01:39"
"1157365933","2025-10-09 11:01:39","22617581994","AAVEUSDT","STOP_MARKET","SELL","BOTH","0E-8",,"0E-8","0E-8","0E-8","276.08000000","CANCELED","web_IQBfsJRqshhEekO34lDs","GTE_GTC","0E-8","0E-8","markPrice","true","2025-10-09 11:01:59"
"1157365933","2025-10-09 11:01:59","22617588992","AAVEUSDT","STOP_MARKET","SELL","BOTH","0E-8",,"0E-8","0E-8","0E-8","277.55000000","CANCELED","web_jmNfYjt1YyM3Xwg0x4D5","GTE_GTC","0E-8","0E-8","markPrice","true","2025-10-09 11:05:34"
"1157365933","2025-10-09 11:02:18","22617597320","AAVEUSDT","STOP_MARKET","SELL","BOTH","0E-8",,"0E-8","0E-8","0E-8","273.88000000","EXPIRED","web_cv8PSYBeCoFPG61wm2Ut","GTE_GTC","0E-8","0E-8","markPrice","true","2025-10-09 11:26:16"
"1157365933","2025-10-09 11:05:34","22617654019","AAVEUSDT","STOP_MARKET","SELL","BOTH","0E-8",,"0E-8","0E-8","0E-8","276.16000000","CANCELED","web_1OBpgYK350pIncq9NvE4","GTE_GTC","0E-8","0E-8","markPrice","true","2025-10-09 11:19:56"
"1157365933","2025-10-09 11:19:57","22617849459","AAVEUSDT","STOP_MARKET","SELL","BOTH","0E-8",,"0E-8","0E-8","0E-8","277.55000000","CANCELED","web_Tz8gVaOYAteqABLmlXx4","GTE_GTC","0E-8","0E-8","markPrice","true","2025-10-09 11:25:44"
"1157365933","2025-10-09 11:25:44","22617950891","AAVEUSDT","STOP_MARKET","SELL","BOTH","0E-8",,"0E-8","0E-8","0E-8","276.31000000","CANCELED","web_BCnNCtxk43yNN7MPjbTP","GTE_GTC","0E-8","0E-8","markPrice","true","2025-10-09 11:26:05"
"1157365933","2025-10-09 11:26:05","22617956254","AAVEUSDT","MARKET","SELL","BOTH","0E-8","276.37394813","69.40000000","69.40000000","19180.35200000","276.37000000","FILLED","web_QI8xIVGjPOJr1sGcNaGB","GTE_GTC","0E-8","0E-8","markPrice","true","2025-10-09 11:26:16"
"1157365933","2025-10-09 12:09:20","7134859682","ZENUSDT","LIMIT","BUY","BOTH","11.40800000",,"2191.40000000","0E-8","0E-8","0E-8","CANCELED","web_usdt_st_f8zeng1terr7k5oo82nw","GTC","0E-8","0E-8","Contract Price","false","2025-10-09 12:10:36"
"1157365933","2025-10-09 12:11:06","7134874242","ZENUSDT","LIMIT","BUY","BOTH","11.41000000","11.41000000","2438.90000000","2438.90000000","27827.84900000","0E-8","FILLED","web_usdt_st_6kzj0dl0jsbxbu2g09gx","GTC","0E-8","0E-8","Contract Price","false","2025-10-09 12:12:08"
"1157365933","2025-10-09 12:12:08","7134882871","ZENUSDT","STOP_MARKET","SELL","BOTH","0E-8",,"2438.90000000","0E-8","0E-8","11.29500000","CANCELED","web_st_pUdEvTcsmAxXFcy","GTE_GTC","0E-8","0E-8","markPrice","true","2025-10-09 12:13:55"
"1157365933","2025-10-09 12:12:08","7134882870","ZENUSDT","STOP_MARKET","SELL","BOTH","0E-8",,"2438.90000000","0E-8","0E-8","11.63800000","CANCELED","web_st_NV18n8LckMMCk8c","GTE_GTC","0E-8","0E-8","markPrice","true","2025-10-09 12:13:52"
"1157365933","2025-10-09 12:13:46","7134898986","ZENUSDT","STOP_MARKET","SELL","BOTH","0E-8",,"0E-8","0E-8","0E-8","11.54600000","CANCELED","web_O7Fc3ksQ3KlxuwPJmxG6","GTE_GTC","0E-8","0E-8","markPrice","true","2025-10-09 12:15:27"
"1157365933","2025-10-09 12:13:46","7134898985","ZENUSDT","STOP_MARKET","SELL","BOTH","0E-8",,"0E-8","0E-8","0E-8","11.33000000","EXPIRED","web_FQ10kYjkoUSw2Hx06XvC","GTE_GTC","0E-8","0E-8","markPrice","true","2025-10-09 12:15:38"
"1157365933","2025-10-09 12:15:28","7134911894","ZENUSDT","MARKET","SELL","BOTH","0E-8","11.46045217","2438.90000000","2438.90000000","27950.89680000","11.47800000","FILLED","web_mjXYoL2mtPTizLekNDBZ","GTE_GTC","0E-8","0E-8","markPrice","true","2025-10-09 12:15:38"
"1157365933","2025-10-09 12:57:46","523424124","SXTUSDT","MARKET","SELL","BOTH","0E-8","0.07310988","391204.00000000","391204.00000000","28600.87894000","0E-8","FILLED","web_usdt_st_9c8ll5vbnohdfddbl4v1","GTC","0E-8","0E-8","Contract Price","false","2025-10-09 12:57:46"
"1157365933","2025-10-09 12:57:46","523424240","SXTUSDT","STOP_MARKET","BUY","BOTH","0E-8",,"391204.00000000","0E-8","0E-8","0.07410000","CANCELED","web_st_djD23dgVnvhwGxG","GTE_GTC","0E-8","0E-8","markPrice","true","2025-10-09 12:59:37"
"1157365933","2025-10-09 12:57:46","523424239","SXTUSDT","STOP_MARKET","BUY","BOTH","0E-8",,"391204.00000000","0E-8","0E-8","0.07190000","CANCELED","web_st_F1Pekylj2xhKTEM","GTE_GTC","0E-8","0E-8","markPrice","true","2025-10-09 13:08:49"
"1157365933","2025-10-09 12:58:20","523429137","SXTUSDT","STOP_MARKET","BUY","BOTH","0E-8",,"0E-8","0E-8","0E-8","0.07201000","CANCELED","web_Ga9ygRLjzNy03UdpDePi","GTE_GTC","0E-8","0E-8","markPrice","true","2025-10-09 12:59:08"
"1157365933","2025-10-09 12:58:20","523429138","SXTUSDT","STOP_MARKET","BUY","BOTH","0E-8",,"0E-8","0E-8","0E-8","0.07384000","CANCELED","web_W9ZF4i3Qp7mTyYxu5S7F","GTE_GTC","0E-8","0E-8","markPrice","true","2025-10-09 12:58:44"
"1157365933","2025-10-09 12:59:32","523433573","SXTUSDT","STOP_MARKET","BUY","BOTH","0E-8",,"0E-8","0E-8","0E-8","0.07164000","CANCELED","web_rBjfffhN6NJsNm8lPeBA","GTE_GTC","0E-8","0E-8","markPrice","true","2025-10-09 13:01:08"
"1157365933","2025-10-09 12:59:32","523433574","SXTUSDT","STOP_MARKET","BUY","BOTH","0E-8",,"0E-8","0E-8","0E-8","0.07420000","CANCELED","web_f9Sz2oSCg0kJFa277O2Z","GTE_GTC","0E-8","0E-8","markPrice","true","2025-10-09 13:00:28"
"1157365933","2025-10-09 13:00:28","523437502","SXTUSDT","STOP_MARKET","BUY","BOTH","0E-8",,"0E-8","0E-8","0E-8","0.07435000","CANCELED","web_otNTCn3asQqoOV4kwwLN","GTE_GTC","0E-8","0E-8","markPrice","true","2025-10-09 13:00:37"
"1157365933","2025-10-09 13:00:38","523441674","SXTUSDT","STOP_MARKET","BUY","BOTH","0E-8",,"0E-8","0E-8","0E-8","0.07457000","CANCELED","web_jkA4AwB54O16qH4sBblJ","GTE_GTC","0E-8","0E-8","markPrice","true","2025-10-09 13:00:52"
"1157365933","2025-10-09 13:00:52","523444345","SXTUSDT","STOP_MARKET","BUY","BOTH","0E-8",,"0E-8","0E-8","0E-8","0.07493000","CANCELED","web_Rpob0TtF3pezKMfTD5Lt","GTE_GTC","0E-8","0E-8","markPrice","true","2025-10-09 13:03:00"
"1157365933","2025-10-09 13:01:08","523446098","SXTUSDT","STOP_MARKET","BUY","BOTH","0E-8",,"0E-8","0E-8","0E-8","0.07221000","CANCELED","web_NL1B5FVaSiEX3rJ9IC30","GTE_GTC","0E-8","0E-8","markPrice","true","2025-10-09 13:08:17"
"1157365933","2025-10-09 13:03:00","523456066","SXTUSDT","STOP_MARKET","BUY","BOTH","0E-8",,"0E-8","0E-8","0E-8","0.07530000","CANCELED","web_r0sP4Q8s7MLgl0P3mCLA","GTE_GTC","0E-8","0E-8","markPrice","true","2025-10-09 13:05:19"
"1157365933","2025-10-09 13:05:19","523470100","SXTUSDT","STOP_MARKET","BUY","BOTH","0E-8",,"0E-8","0E-8","0E-8","0.07603000","CANCELED","web_2hXIkRM275YPhaBOtfcQ","GTE_GTC","0E-8","0E-8","markPrice","true","2025-10-09 13:18:10"
"1157365933","2025-10-09 13:08:41","523496131","SXTUSDT","STOP_MARKET","BUY","BOTH","0E-8",,"0E-8","0E-8","0E-8","0.07183000","CANCELED","web_5PbF3BrlpFl8wysZsp6S","GTE_GTC","0E-8","0E-8","markPrice","true","2025-10-09 13:17:19"
"1157365933","2025-10-09 13:17:19","523550372","SXTUSDT","STOP_MARKET","BUY","BOTH","0E-8",,"0E-8","0E-8","0E-8","0.07128000","CANCELED","web_mdTNm2CNmNBUfTrf7xYz","GTE_GTC","0E-8","0E-8","markPrice","true","2025-10-09 13:21:19"
"1157365933","2025-10-09 13:18:10","523561156","SXTUSDT","STOP_MARKET","BUY","BOTH","0E-8",,"0E-8","0E-8","0E-8","0.07676000","CANCELED","web_3gwqYnecCbZLlYl18rVl","GTE_GTC","0E-8","0E-8","markPrice","true","2025-10-09 13:19:00"
"1157365933","2025-10-09 13:19:00","523574016","SXTUSDT","STOP_MARKET","BUY","BOTH","0E-8",,"0E-8","0E-8","0E-8","0.07749000","CANCELED","web_ibG5CQyfBIX5qNardkTo","GTE_GTC","0E-8","0E-8","markPrice","true","2025-10-09 13:19:42"
"1157365933","2025-10-09 13:19:42","523581963","SXTUSDT","STOP_MARKET","BUY","BOTH","0E-8",,"0E-8","0E-8","0E-8","0.07822000","CANCELED","web_UlYCrGWcHpSCF6FOlYlK","GTE_GTC","0E-8","0E-8","markPrice","true","2025-10-09 13:31:30"
"1157365933","2025-10-09 13:21:19","523597075","SXTUSDT","STOP_MARKET","BUY","BOTH","0E-8",,"0E-8","0E-8","0E-8","0.07236000","EXPIRED","web_qKjxnOYiLkR2g0iBbMo7","GTE_GTC","0E-8","0E-8","markPrice","true","2025-10-09 13:33:39"
"1157365933","2025-10-09 13:31:30","523664341","SXTUSDT","STOP_MARKET","BUY","BOTH","0E-8",,"0E-8","0E-8","0E-8","0.07895000","EXPIRED","web_yBpxRp0WC5584v1xwfWf","GTE_GTC","0E-8","0E-8","markPrice","true","2025-10-09 13:33:39"
"1157365933","2025-10-09 13:33:39","523690765","SXTUSDT","LIMIT","BUY","BOTH","0.08052000","0.07942112","391204.00000000","391204.00000000","31069.85813000","0E-8","FILLED","autoclose-1760016819485080406","IOC","0E-8","0E-8","Contract Price","false","2025-10-09 13:33:39"
"1157365933","2025-10-11 01:57:58","16435038383","TRXUSDT","LIMIT","SELL","BOTH","0.31820000","0.31820000","30775.00000000","30775.00000000","9792.60500000","0E-8","FILLED","web_usdt_st_bnxdwr6v8ewvwlo4mm42","GTC","0E-8","0E-8","Contract Price","false","2025-10-11 02:01:34"
"1157365933","2025-10-11 02:00:35","16435066387","TRXUSDT","STOP_MARKET","BUY","BOTH","0E-8",,"30775.00000000","0E-8","0E-8","0.31926000","CANCELED","web_st_tKjwKRwHCxcoYwy","GTE_GTC","0E-8","0E-8","markPrice","true","2025-10-11 02:43:14"
"1157365933","2025-10-11 02:00:35","16435066386","TRXUSDT","STOP_MARKET","BUY","BOTH","0E-8",,"30775.00000000","0E-8","0E-8","0.31565000","CANCELED","web_st_bhQWSTOj1Ws0Zmr","GTE_GTC","0E-8","0E-8","markPrice","true","2025-10-11 02:11:57"
"1157365933","2025-10-11 02:11:39","16435177017","TRXUSDT","STOP_MARKET","BUY","BOTH","0E-8",,"0E-8","0E-8","0E-8","0.31671000","CANCELED","web_bGDLeApuircvqpn1jmlh","GTE_GTC","0E-8","0E-8","markPrice","true","2025-10-11 02:11:49"
"1157365933","2025-10-11 02:11:50","16435177664","TRXUSDT","STOP_MARKET","BUY","BOTH","0E-8",,"0E-8","0E-8","0E-8","0.31629000","CANCELED","web_gaz8vyf8DROMAPRRjcd6","GTE_GTC","0E-8","0E-8","markPrice","true","2025-10-11 02:55:50"
"1157365933","2025-10-11 02:43:36","16435469925","TRXUSDT","STOP_MARKET","BUY","BOTH","0E-8",,"0E-8","0E-8","0E-8","0.32002000","EXPIRED","web_9SK4hyNq9c7IaUIAM90L","GTE_GTC","0E-8","0E-8","markPrice","true","2025-10-11 03:49:05"
"1157365933","2025-10-11 02:55:50","16435550764","TRXUSDT","STOP_MARKET","BUY","BOTH","0E-8",,"0E-8","0E-8","0E-8","0.31501000","CANCELED","web_gkGAnmowIb3tOKEpwZTi","GTE_GTC","0E-8","0E-8","markPrice","true","2025-10-11 03:48:12"
"1157365933","2025-10-11 03:48:13","16435905645","TRXUSDT","MARKET","BUY","BOTH","0E-8","0.31585127","30775.00000000","30775.00000000","9720.32278000","0.31586000","FILLED","ios_pKWLPcykp3msfyabr9oO","GTE_GTC","0E-8","0E-8","markPrice","true","2025-10-11 03:49:05"
"1157365933","2025-10-11 09:13:06","11746921171","ENAUSDT","LIMIT","BUY","BOTH","0.43700000","0.43700000","15703.00000000","15703.00000000","6862.21100000","0E-8","FILLED","web_usdt_owvj0ix9la0cjnocp5koj1j","GTC","0E-8","0E-8","Contract Price","false","2025-10-11 09:13:15"
"1157365933","2025-10-11 09:13:34","11746932179","ENAUSDT","STOP_MARKET","SELL","BOTH","0E-8",,"0E-8","0E-8","0E-8","0.43300000","CANCELED","web_0weD2BBkQ04u7cZ6W2hd","GTE_GTC","0E-8","0E-8","markPrice","true","2025-10-11 09:17:15"
"1157365933","2025-10-11 09:13:34","11746932174","ENAUSDT","STOP_MARKET","SELL","BOTH","0E-8",,"0E-8","0E-8","0E-8","0.44220000","CANCELED","web_Odwdx6P2pqwKt0FqhIO2","GTE_GTC","0E-8","0E-8","markPrice","true","2025-10-11 09:28:05"
"1157365933","2025-10-11 09:17:15","11747032525","ENAUSDT","STOP_MARKET","SELL","BOTH","0E-8",,"0E-8","0E-8","0E-8","0.42900000","CANCELED","web_zUzD5U5aHtqzZN0tdr2a","GTE_GTC","0E-8","0E-8","markPrice","true","2025-10-11 09:51:24"
"1157365933","2025-10-11 09:28:05","11747307236","ENAUSDT","STOP_MARKET","SELL","BOTH","0E-8",,"0E-8","0E-8","0E-8","0.44570000","EXPIRED","web_E0kiw58MYb8y5GP1FSEs","GTE_GTC","0E-8","0E-8","markPrice","true","2025-10-11 10:33:55"
"1157365933","2025-10-11 09:51:24","11747883127","ENAUSDT","STOP_MARKET","SELL","BOTH","0E-8",,"0E-8","0E-8","0E-8","0.42820000","CANCELED","web_hDxeYJiodXAQquFDFLpu","GTE_GTC","0E-8","0E-8","markPrice","true","2025-10-11 09:53:20"
"1157365933","2025-10-11 09:53:20","11747921726","ENAUSDT","MARKET","SELL","BOTH","0E-8","0.42587339","15703.00000000","15703.00000000","6687.48990000","0.42600000","FILLED","web_FVxOikLiyPrYuYnf5vV9","GTE_GTC","0E-8","0E-8","markPrice","true","2025-10-11 10:33:55"
"1157365933","2025-10-11 11:07:03","13872889656","ARBUSDT","MARKET","SELL","BOTH","0E-8","0.31857582","28040.30000000","28040.30000000","8932.96143000","0E-8","FILLED","web_usdt_wgthgn7ac1askre1s0m13zd","GTC","0E-8","0E-8","Contract Price","false","2025-10-11 11:07:03"
"1157365933","2025-10-11 11:08:15","13872901854","ARBUSDT","STOP_MARKET","BUY","BOTH","0E-8",,"0E-8","0E-8","0E-8","0.32000000","CANCELED","web_R67yqcQEcRCsR3YKiI61","GTE_GTC","0E-8","0E-8","markPrice","true","2025-10-11 11:10:32"
"1157365933","2025-10-11 11:08:15","13872901853","ARBUSDT","STOP_MARKET","BUY","BOTH","0E-8",,"0E-8","0E-8","0E-8","0.31660000","CANCELED","web_jcM6RtRdFFW17g54ZBF3","GTE_GTC","0E-8","0E-8","markPrice","true","2025-10-11 11:08:55"
"1157365933","2025-10-11 11:08:55","13872906675","ARBUSDT","STOP_MARKET","BUY","BOTH","0E-8",,"0E-8","0E-8","0E-8","0.31530000","CANCELED","web_aLsLKPaGxUp1c5xNyLiq","GTE_GTC","0E-8","0E-8","markPrice","true","2025-10-11 11:11:27"
"1157365933","2025-10-11 11:10:32","13872919214","ARBUSDT","STOP_MARKET","BUY","BOTH","0E-8",,"0E-8","0E-8","0E-8","0.31970000","CANCELED","web_CBv6r3kb6zzWkJLeqUnG","GTE_GTC","0E-8","0E-8","markPrice","true","2025-10-11 11:13:42"
"1157365933","2025-10-11 11:11:27","13872929270","ARBUSDT","STOP_MARKET","BUY","BOTH","0E-8",,"0E-8","0E-8","0E-8","0.31570000","CANCELED","web_ossiUgcSLS1wthDj0PAk","GTE_GTC","0E-8","0E-8","markPrice","true","2025-10-11 11:13:01"
"1157365933","2025-10-11 11:13:01","13872944494","ARBUSDT","STOP_MARKET","BUY","BOTH","0E-8",,"0E-8","0E-8","0E-8","0.31340000","CANCELED","web_rKJSco3OALawjZEU9Ffs","GTE_GTC","0E-8","0E-8","markPrice","true","2025-10-11 11:14:33"
"1157365933","2025-10-11 11:13:43","13872955730","ARBUSDT","STOP_MARKET","BUY","BOTH","0E-8",,"0E-8","0E-8","0E-8","0.31660000","CANCELED","web_Dp08BnFq5ePOAHPoYlEu","GTE_GTC","0E-8","0E-8","markPrice","true","2025-10-11 11:14:20"
"1157365933","2025-10-11 11:14:20","13872961822","ARBUSDT","MARKET","BUY","BOTH","0E-8","0.31680000","28040.30000000","28040.30000000","8883.16704000","0.31690000","FILLED","web_wrvFje9Gfw3u1yml8XZm","GTE_GTC","0E-8","0E-8","markPrice","true","2025-10-11 11:14:57"
"1157365933","2025-10-11 11:14:33","13872963871","ARBUSDT","STOP_MARKET","BUY","BOTH","0E-8",,"0E-8","0E-8","0E-8","0.31110000","EXPIRED","web_0bzT877vFLPRsLgjOHBv","GTE_GTC","0E-8","0E-8","markPrice","true","2025-10-11 11:14:57"
"1157365933","2025-10-11 12:35:09","28113248733","1000SHIBUSDT","MARKET","BUY","BOTH","0E-8","0.01035749","881448.00000000","881448.00000000","9129.59036300","0E-8","FILLED","web_usdt_rv4tq01xc4m0zozisjmqljd","GTC","0E-8","0E-8","Contract Price","false","2025-10-11 12:35:09"
"1157365933","2025-10-11 12:37:17","28113291467","1000SHIBUSDT","STOP_MARKET","SELL","BOTH","0E-8",,"0E-8","0E-8","0E-8","0.01040200","EXPIRED","web_f71jHtwrlxrZ7y0X2udG","GTE_GTC","0E-8","0E-8","markPrice","true","2025-10-11 12:47:22"
"1157365933","2025-10-11 12:37:17","28113291466","1000SHIBUSDT","MARKET","SELL","BOTH","0E-8","0.01028585","881448.00000000","881448.00000000","9066.44096000","0.01029300","FILLED","web_h6HnBbE8D5sAvUPIFZz0","GTE_GTC","0E-8","0E-8","markPrice","true","2025-10-11 12:47:22"
"1157365933","2025-10-11 12:59:43","28113650342","1000SHIBUSDT","MARKET","SELL","BOTH","0E-8","0.01029332","861953.00000000","861953.00000000","8872.35518000","0E-8","FILLED","web_usdt_cpl4sct9nbnboc4xecryijz","GTC","0E-8","0E-8","Contract Price","false","2025-10-11 12:59:43"
"1157365933","2025-10-11 12:59:58","28113652838","1000SHIBUSDT","MARKET","BUY","BOTH","0E-8","0.01030743","861953.00000000","861953.00000000","8884.52348900","0.01031300","FILLED","web_5zyUrOEr2S9LRAXd1nxW","GTE_GTC","0E-8","0E-8","markPrice","true","2025-10-11 13:01:57"
"1157365933","2025-10-11 13:00:08","28113656383","1000SHIBUSDT","STOP_MARKET","BUY","BOTH","0E-8",,"0E-8","0E-8","0E-8","0.01023000","EXPIRED","web_AeNlCdPX9NuTbSQXzF2b","GTE_GTC","0E-8","0E-8","markPrice","true","2025-10-11 13:01:57"
"1157365933","2025-10-12 00:01:45","924135626","PAXGUSDT","MARKET","SELL","BOTH","0E-8","3991.42041589","2.14000000","2.14000000","8541.63969000","0E-8","FILLED","web_usdt_st_4si2lka2cl5y1awpku0m","GTC","0E-8","0E-8","Contract Price","false","2025-10-12 00:01:45"
"1157365933","2025-10-12 00:01:45","924135668","PAXGUSDT","STOP_MARKET","BUY","BOTH","0E-8",,"2.14000000","0E-8","0E-8","4015.39000000","CANCELED","web_st_wkfvh2cJu2CmpMA","GTE_GTC","0E-8","0E-8","markPrice","true","2025-10-12 00:03:03"
"1157365933","2025-10-12 00:02:23","924140522","PAXGUSDT","MARKET","BUY","BOTH","0E-8","4009.81000000","2.14000000","2.14000000","8580.99340000","4010.04000000","FILLED","web_wx7ge9ODwq9bAs1BmfGP","GTE_GTC","0E-8","0E-8","markPrice","true","2025-10-12 03:12:17"
"1157365933","2025-10-12 00:03:37","924145874","PAXGUSDT","STOP_MARKET","BUY","BOTH","0E-8",,"0E-8","0E-8","0E-8","3967.47000000","CANCELED","web_39BuX8VVbI1eDsFLCFvQ","GTE_GTC","0E-8","0E-8","markPrice","true","2025-10-12 00:07:47"
"1157365933","2025-10-12 00:07:47","924172587","PAXGUSDT","STOP_MARKET","BUY","BOTH","0E-8",,"0E-8","0E-8","0E-8","3981.04000000","EXPIRED","web_QqxHbbxeaVUcI3pym12q","GTE_GTC","0E-8","0E-8","markPrice","true","2025-10-12 03:12:17"
"1157365933","2025-10-12 00:12:35","5337878583","RVNUSDT","MARKET","SELL","BOTH","0E-8","0.00894534","709960.00000000","709960.00000000","6350.83239000","0E-8","FILLED","web_usdt_i7xvlzm77zhfjbftg4mprfc","GTC","0E-8","0E-8","Contract Price","false","2025-10-12 00:12:35"
"1157365933","2025-10-12 00:13:59","5337881037","RVNUSDT","STOP_MARKET","BUY","BOTH","0E-8",,"0E-8","0E-8","0E-8","0.00865000","EXPIRED","web_qTA3SOpz0OmZ5rtw6sJe","GTE_GTC","0E-8","0E-8","markPrice","true","2025-10-12 00:15:55"
"1157365933","2025-10-12 00:13:59","5337881036","RVNUSDT","MARKET","BUY","BOTH","0E-8","0.00902971","709960.00000000","709960.00000000","6410.72977000","0.00903000","FILLED","web_qhf7O8YXmJo8OCTlTbPm","GTE_GTC","0E-8","0E-8","markPrice","true","2025-10-12 00:15:55"
"1157365933","2025-10-12 22:52:53","505645630","LINEAUSDT","MARKET","BUY","BOTH","0E-8","0.01919334","262087.00000000","262087.00000000","5030.32527000","0E-8","FILLED","ios_usdt_jM1x2prS3uMTYRWA1Qgx","GTC","0E-8","0E-8","Contract Price","false","2025-10-12 22:52:53"
"1157365933","2025-10-12 22:53:14","505647057","LINEAUSDT","STOP_MARKET","SELL","BOTH","0E-8",,"0E-8","0E-8","0E-8","0.01942000","EXPIRED","ios_NpipPyLuNJpYY6dP9m0G","GTE_GTC","0E-8","0E-8","markPrice","true","2025-10-12 23:03:11"
"1157365933","2025-10-12 22:53:14","505647058","LINEAUSDT","STOP_MARKET","SELL","BOTH","0E-8",,"0E-8","0E-8","0E-8","0.01909000","CANCELED","ios_YCsIyJfIazOD77wAbibk","GTE_GTC","0E-8","0E-8","markPrice","true","2025-10-12 22:54:34"
"1157365933","2025-10-12 22:54:34","505653815","LINEAUSDT","MARKET","SELL","BOTH","0E-8","0.01904000","262087.00000000","262087.00000000","4990.13648000","0.01905000","FILLED","ios_9Wu6vVsUcmPv2jMDkzmI","GTE_GTC","0E-8","0E-8","markPrice","true","2025-10-12 23:03:11"
"1157365933","2025-10-13 00:25:21","506016676","LINEAUSDT","MARKET","BUY","BOTH","0E-8","0.01923010","250542.00000000","250542.00000000","4817.94662000","0E-8","FILLED","web_usdt_07f7qdghxez35rb16q3samy","GTC","0E-8","0E-8","Contract Price","false","2025-10-13 00:25:21"
"1157365933","2025-10-13 00:25:44","506018475","LINEAUSDT","STOP_MARKET","SELL","BOTH","0E-8",,"0E-8","0E-8","0E-8","0.01942000","CANCELED","web_pYLTfbDb71WsPM7OS5Ae","GTE_GTC","0E-8","0E-8","Contract Price","true","2025-10-13 00:31:49"
"1157365933","2025-10-13 00:25:44","506018478","LINEAUSDT","MARKET","SELL","BOTH","0E-8","0.01908043","250542.00000000","250542.00000000","4780.44787000","0.01909000","FILLED","web_TqAZ7ehqYaFEKDftjGNV","GTE_GTC","0E-8","0E-8","Contract Price","true","2025-10-13 00:39:00"
"1157365933","2025-10-13 00:31:49","506048336","LINEAUSDT","STOP_MARKET","SELL","BOTH","0E-8",,"0E-8","0E-8","0E-8","0.01957000","EXPIRED","ios_QH4n11ly6qS8CjDEgmKz","GTE_GTC","0E-8","0E-8","Contract Price","true","2025-10-13 00:39:00"
"1157365933","2025-10-13 08:58:17","4961820220","SFPUSDT","MARKET","BUY","BOTH","0E-8","0.41873400","11010.00000000","11010.00000000","4610.26130000","0E-8","FILLED","ios_usdt_5ozPIWOYmOXaQsOFHIZl","GTC","0E-8","0E-8","Contract Price","false","2025-10-13 08:58:17"
"1157365933","2025-10-13 08:58:39","4961823177","SFPUSDT","STOP_MARKET","SELL","BOTH","0E-8",,"0E-8","0E-8","0E-8","0.41450000","CANCELED","ios_PzPFlkpjF3ayH34sxZDL","GTE_GTC","0E-8","0E-8","Contract Price","true","2025-10-13 09:20:55"
"1157365933","2025-10-13 08:58:39","4961823176","SFPUSDT","STOP_MARKET","SELL","BOTH","0E-8",,"0E-8","0E-8","0E-8","0.42710000","EXPIRED","ios_b3w7IIQKA1jtxhHQBqJh","GTE_GTC","0E-8","0E-8","Contract Price","true","2025-10-13 10:07:09"
"1157365933","2025-10-13 09:20:55","4961913116","SFPUSDT","STOP_MARKET","SELL","BOTH","0E-8",,"0E-8","0E-8","0E-8","0.41300000","CANCELED","ios_LcCgiyMvN6ms8GZwtjjn","GTE_GTC","0E-8","0E-8","Contract Price","true","2025-10-13 09:55:07"
"1157365933","2025-10-13 09:55:07","4961992411","SFPUSDT","MARKET","SELL","BOTH","0E-8","0.41389281","11010.00000000","11010.00000000","4556.95980000","0.41430000","FILLED","ios_BpvStEsuK89eGzR7ikXt","GTE_GTC","0E-8","0E-8","Contract Price","true","2025-10-13 10:07:09"
"1157365933","2025-10-13 10:13:48","686900633","PIPPINUSDT","MARKET","SELL","BOTH","0E-8","0.01404214","708660.00000000","708660.00000000","9951.10157000","0E-8","FILLED","ios_usdt_7NJeG5ktHJApq3MYUNfV","GTC","0E-8","0E-8","Contract Price","false","2025-10-13 10:13:48"
"1157365933","2025-10-13 10:14:51","686901607","PIPPINUSDT","MARKET","BUY","BOTH","0E-8","0.01434162","708660.00000000","708660.00000000","10163.33445000","0.01429000","FILLED","ios_N65h02IyF0jK3csgjs53","GTE_GTC","0E-8","0E-8","Contract Price","true","2025-10-13 10:22:09"
"1157365933","2025-10-13 10:32:42","619815378","OGUSDT","MARKET","SELL","BOTH","0E-8","16.31865929","442.60000000","442.60000000","7222.63860000","0E-8","FILLED","ios_usdt_vlq1eIdJHbrQ8wKLZGJz","GTC","0E-8","0E-8","Contract Price","false","2025-10-13 10:32:42"
"1157365933","2025-10-13 10:32:59","619817042","OGUSDT","STOP_MARKET","BUY","BOTH","0E-8",,"0E-8","0E-8","0E-8","16.46700000","CANCELED","ios_zjmPSapvMIIgF9RvL5lC","GTE_GTC","0E-8","0E-8","Contract Price","true","2025-10-13 10:36:25"
"1157365933","2025-10-13 10:32:59","619817043","OGUSDT","STOP_MARKET","BUY","BOTH","0E-8",,"0E-8","0E-8","0E-8","16.02100000","EXPIRED","ios_Zmzyctbsh3RHpXYS770s","GTE_GTC","0E-8","0E-8","Contract Price","true","2025-10-13 10:40:31"
"1157365933","2025-10-13 10:36:26","619839021","OGUSDT","STOP_MARKET","BUY","BOTH","0E-8",,"0E-8","0E-8","0E-8","16.36300000","CANCELED","ios_VxlaqneMw3buX6XLYBKX","GTE_GTC","0E-8","0E-8","Contract Price","true","2025-10-13 10:40:05"
"1157365933","2025-10-13 10:40:05","619846002","OGUSDT","MARKET","BUY","BOTH","0E-8","16.35798531","442.60000000","442.60000000","7240.04430000","16.34700000","FILLED","ios_9T1SvRV7YBJ9qeVfxm7D","GTE_GTC","0E-8","0E-8","Contract Price","true","2025-10-13 10:40:31"
"1157365933","2025-10-13 10:45:47","1959713660","PUMPUSDT","MARKET","BUY","BOTH","0E-8","0.00416700","2941264.00000000","2941264.00000000","12256.24708800","0E-8","FILLED","ios_usdt_nPYmWkI2D4plrL02VOqt","GTC","0E-8","0E-8","Contract Price","false","2025-10-13 10:45:47"
"1157365933","2025-10-13 10:46:34","1959727569","PUMPUSDT","MARKET","SELL","BOTH","0E-8","0.00415340","2941264.00000000","2941264.00000000","12216.25436900","0.00415200","FILLED","ios_RnYo8HUBMjMdb5ozRMqx","GTE_GTC","0E-8","0E-8","Contract Price","true","2025-10-13 10:52:42"
"1157365933","2025-10-13 10:46:57","1959734612","PUMPUSDT","STOP_MARKET","SELL","BOTH","0E-8",,"0E-8","0E-8","0E-8","0.00423400","EXPIRED","ios_2dNCoeuTuJlbbqTlr43g","GTE_GTC","0E-8","0E-8","Contract Price","true","2025-10-13 10:52:42"
"1157365933","2025-10-14 01:33:10","13091039103","XMRUSDT","MARKET","BUY","BOTH","0E-8","312.02335372","13.73700000","13.73700000","4286.26481000","0E-8","FILLED","ios_usdt_3wyL0EW53klprYZjiTnG","GTC","0E-8","0E-8","Contract Price","false","2025-10-14 01:33:10"
"1157365933","2025-10-14 01:33:46","13091041420","XMRUSDT","STOP_MARKET","SELL","BOTH","0E-8",,"0E-8","0E-8","0E-8","310.00000000","CANCELED","ios_7BxWIVmdB8IEqJjbFJN2","GTE_GTC","0E-8","0E-8","Contract Price","true","2025-10-14 01:34:28"
"1157365933","2025-10-14 01:34:29","13091045656","XMRUSDT","STOP_MARKET","SELL","BOTH","0E-8",,"0E-8","0E-8","0E-8","309.00000000","CANCELED","ios_Gc0v1dmwmR7yeclIhUlX","GTE_GTC","0E-8","0E-8","Contract Price","true","2025-10-14 01:37:27"
"1157365933","2025-10-14 01:37:27","13091055570","XMRUSDT","STOP_MARKET","SELL","BOTH","0E-8",,"0E-8","0E-8","0E-8","309.50000000","CANCELED","ios_72ku5nGWo4H4Vde3nLJh","GTE_GTC","0E-8","0E-8","Contract Price","true","2025-10-14 01:45:37"
"1157365933","2025-10-14 01:37:27","13091055571","XMRUSDT","STOP_MARKET","SELL","BOTH","0E-8",,"0E-8","0E-8","0E-8","318.00000000","CANCELED","ios_ZdH7vbn9bYoInD5rkfty","GTE_GTC","0E-8","0E-8","Contract Price","true","2025-10-14 01:47:22"
"1157365933","2025-10-14 01:45:37","13091072490","XMRUSDT","MARKET","SELL","BOTH","0E-8","310.38950135","13.73700000","13.73700000","4263.82058000","310.46000000","FILLED","ios_bHTw2L4qUT8gC2coLeJ3","GTE_GTC","0E-8","0E-8","Contract Price","true","2025-10-14 02:04:36"
"1157365933","2025-10-14 01:47:22","13091076020","XMRUSDT","STOP_MARKET","SELL","BOTH","0E-8",,"0E-8","0E-8","0E-8","315.00000000","EXPIRED","ios_96eoVN35uglWg52hN9NE","GTE_GTC","0E-8","0E-8","Contract Price","true","2025-10-14 02:04:36"
"1157365933","2025-10-14 07:03:30","938611758","COAIUSDT","LIMIT","BUY","BOTH","6.62700000",,"183.00000000","0E-8","0E-8","0E-8","CANCELED","ios_usdt_pcky7b1r4YAOl4qMIu2r","GTC","0E-8","0E-8","Contract Price","false","2025-10-14 07:09:47"
"1157365933","2025-10-14 10:40:35","7448625127","TAOUSDT","MARKET","SELL","BOTH","0E-8","411.92724695","10.08700000","10.08700000","4155.11014000","0E-8","FILLED","web_usdt_w1ejxmn3sok4j56q14q0kxz","GTC","0E-8","0E-8","Contract Price","false","2025-10-14 10:40:35"
"1157365933","2025-10-14 10:41:15","7448657976","TAOUSDT","STOP_MARKET","BUY","BOTH","0E-8",,"0E-8","0E-8","0E-8","400.14000000","CANCELED","web_2I2XjaFNX55dODeRazTd","GTE_GTC","0E-8","0E-8","markPrice","true","2025-10-14 10:42:34"
"1157365933","2025-10-14 10:41:15","7448657975","TAOUSDT","STOP_MARKET","BUY","BOTH","0E-8",,"0E-8","0E-8","0E-8","419.87000000","CANCELED","web_wtxZFx82zjMAexpljsyE","GTE_GTC","0E-8","0E-8","markPrice","true","2025-10-14 10:41:41"
"1157365933","2025-10-14 10:41:41","7448673145","TAOUSDT","STOP_MARKET","BUY","BOTH","0E-8",,"0E-8","0E-8","0E-8","415.63000000","EXPIRED","web_O5BnNk3vTjrYRTJjLrBS","GTE_GTC","0E-8","0E-8","markPrice","true","2025-10-14 10:44:09"
"1157365933","2025-10-14 10:42:34","7448695025","TAOUSDT","STOP_MARKET","BUY","BOTH","0E-8",,"0E-8","0E-8","0E-8","406.98000000","CANCELED","web_9KIpzvP8NxlJb1TgbdDR","GTE_GTC","0E-8","0E-8","markPrice","true","2025-10-14 10:42:51"
"1157365933","2025-10-14 10:42:51","7448701775","TAOUSDT","STOP_MARKET","BUY","BOTH","0E-8",,"0E-8","0E-8","0E-8","404.10000000","CANCELED","web_4GM9hdhtW1wBfyNeYFkO","GTE_GTC","0E-8","0E-8","markPrice","true","2025-10-14 10:43:49"
"1157365933","2025-10-14 10:43:49","7448722154","TAOUSDT","MARKET","BUY","BOTH","0E-8","409.45000000","10.08700000","10.08700000","4130.12215000","409.86000000","FILLED","web_5tisaCT7Pme2oZ9Vk3iM","GTE_GTC","0E-8","0E-8","markPrice","true","2025-10-14 10:44:09"
"1157365933","2025-10-14 12:26:05","3350295629","NMRUSDT","MARKET","SELL","BOTH","0E-8","12.86065871","335.20000000","335.20000000","4310.89280000","0E-8","FILLED","web_usdt_wm89fz0eocgnursd1dyfag4","GTC","0E-8","0E-8","Contract Price","false","2025-10-14 12:26:05"
"1157365933","2025-10-14 12:27:36","3350300750","NMRUSDT","STOP_MARKET","BUY","BOTH","0E-8",,"0E-8","0E-8","0E-8","12.59800000","CANCELED","web_AMnOKMM6d1wmWoaS6Dw3","GTE_GTC","0E-8","0E-8","markPrice","true","2025-10-14 12:33:05"
"1157365933","2025-10-14 12:27:36","3350300751","NMRUSDT","MARKET","BUY","BOTH","0E-8","13.04407548","335.20000000","335.20000000","4372.37410000","13.02600000","FILLED","web_t6STsZcUlxVpCVpjVUWD","GTE_GTC","0E-8","0E-8","markPrice","true","2025-10-14 13:32:21"
"1157365933","2025-10-14 12:33:05","3350330008","NMRUSDT","STOP_MARKET","BUY","BOTH","0E-8",,"0E-8","0E-8","0E-8","12.71000000","CANCELED","web_ukSxlJ7pDckiLXgcIv2J","GTE_GTC","0E-8","0E-8","markPrice","true","2025-10-14 12:39:43"
"1157365933","2025-10-14 12:39:43","3350363608","NMRUSDT","STOP_MARKET","BUY","BOTH","0E-8",,"0E-8","0E-8","0E-8","12.57200000","EXPIRED","web_cjRazSJWSpcAO5E2Xpf8","GTE_GTC","0E-8","0E-8","markPrice","true","2025-10-14 13:32:21"
"1157365933","2025-10-14 13:35:53","20346805","EULUSDT","MARKET","SELL","BOTH","0E-8","9.09607513","827.90000000","827.90000000","7530.64060000","0E-8","FILLED","web_usdt_5zpz8rxpblo54imbstwc1tc","GTC","0E-8","0E-8","Contract Price","false","2025-10-14 13:35:53"
"1157365933","2025-10-14 13:37:00","20365319","EULUSDT","STOP_MARKET","BUY","BOTH","0E-8",,"0E-8","0E-8","0E-8","9.04100000","CANCELED","web_WZBhxou9YCDEX1hLjXET","GTE_GTC","0E-8","0E-8","markPrice","true","2025-10-14 13:37:27"
"1157365933","2025-10-14 13:37:27","20373143","EULUSDT","MARKET","BUY","BOTH","0E-8","9.00851564","827.90000000","827.90000000","7458.15010000","8.99100000","FILLED","web_bFHGulRRQnepAttdzeeN","GTE_GTC","0E-8","0E-8","markPrice","true","2025-10-14 13:38:21"
"1157365933","2025-10-14 13:37:27","20373041","EULUSDT","STOP_MARKET","BUY","BOTH","0E-8",,"0E-8","0E-8","0E-8","9.14100000","EXPIRED","web_4taeugR88S8M09oVPvN8","GTE_GTC","0E-8","0E-8","markPrice","true","2025-10-14 13:38:21"
"1157365933","2025-10-15 05:31:56","7483014313","TAOUSDT","MARKET","BUY","BOTH","0E-8","460.39624769","9.18100000","9.18100000","4226.89795000","0E-8","FILLED","web_usdt_fwp41qu567ceid72g503pj1","GTC","0E-8","0E-8","Contract Price","false","2025-10-15 05:31:56"
"1157365933","2025-10-15 05:32:35","7483026973","TAOUSDT","STOP_MARKET","SELL","BOTH","0E-8",,"0E-8","0E-8","0E-8","457.17000000","EXPIRED","web_uCtm6sx0usgC8YexG500","GTE_GTC","0E-8","0E-8","markPrice","true","2025-10-15 05:35:37"
"1157365933","2025-10-15 05:35:29","7483093002","TAOUSDT","MARKET","SELL","BOTH","0E-8","464.70001307","9.18100000","9.18100000","4266.41082000","464.53000000","FILLED","web_0k6PQ91BdqilrvVTKt6Z","GTE_GTC","0E-8","0E-8","markPrice","true","2025-10-15 05:35:37"
"1157365933","2025-10-15 05:58:14","990012752","COAIUSDT","LIMIT","SELL","BOTH","14.38000000",,"125.00000000","0E-8","0E-8","0E-8","CANCELED","web_usdt_2wx9ga9eg6zklwfms9rit2x","GTC","0E-8","0E-8","Contract Price","false","2025-10-15 06:09:17"
"1157365933","2025-10-15 06:09:39","990415968","COAIUSDT","LIMIT","SELL","BOTH","13.93700000",,"708.00000000","0E-8","0E-8","0E-8","CANCELED","web_usdt_apm0hil6y26wdp72jn405eo","GTC","0E-8","0E-8","Contract Price","false","2025-10-15 06:09:53"
"1157365933","2025-10-15 06:10:18","990437212","COAIUSDT","LIMIT","SELL","BOTH","14.38000000",,"686.00000000","0E-8","0E-8","0E-8","CANCELED","web_usdt_j9x0mqt4wlfv3hpzrxyrvux","GTC","0E-8","0E-8","Contract Price","false","2025-10-15 06:34:23"
"1157365933","2025-10-15 06:16:11","19066555423","WLDUSDT","LIMIT","BUY","BOTH","0.95980000","0.95980000","15432.00000000","15432.00000000","14811.63360000","0E-8","FILLED","web_usdt_5ls9v482ktb6wix8760l6l2","GTC","0E-8","0E-8","Contract Price","false","2025-10-15 06:16:19"
"1157365933","2025-10-15 06:17:02","19066571006","WLDUSDT","MARKET","SELL","BOTH","0E-8","0.95384576","15432.00000000","15432.00000000","14719.74780000","0.95400000","FILLED","web_AuAjMjy5mXEYGw0O8JLv","GTE_GTC","0E-8","0E-8","Contract Price","true","2025-10-15 06:24:50"
"1157365933","2025-10-15 06:21:41","19066649438","WLDUSDT","STOP_MARKET","SELL","BOTH","0E-8",,"0E-8","0E-8","0E-8","0.96840000","EXPIRED","web_h4vBRU5X8QgDfzo24NZ0","GTE_GTC","0E-8","0E-8","Contract Price","true","2025-10-15 06:24:50"
"1157365933","2025-10-15 06:31:19","8440056086","DASHUSDT","MARKET","BUY","BOTH","0E-8","48.25196693","194.96400000","194.96400000","9407.39648000","0E-8","FILLED","web_usdt_yu6bdl7e941yoaadqxqkxg8","GTC","0E-8","0E-8","Contract Price","false","2025-10-15 06:31:19"
"1157365933","2025-10-15 06:31:59","8440076039","DASHUSDT","STOP_MARKET","SELL","BOTH","0E-8",,"0E-8","0E-8","0E-8","47.05000000","EXPIRED","web_KCP5AdUdYtLSFng4SST0","GTE_GTC","0E-8","0E-8","Contract Price","true","2025-10-15 06:44:57"
"1157365933","2025-10-15 06:34:54","8440163209","DASHUSDT","STOP_MARKET","SELL","BOTH","0E-8",,"0E-8","0E-8","0E-8","48.97000000","CANCELED","web_9ss3D3cW4PPSSMDZmf5J","GTE_GTC","0E-8","0E-8","Contract Price","true","2025-10-15 06:39:26"
"1157365933","2025-10-15 06:39:26","8440255077","DASHUSDT","STOP_MARKET","SELL","BOTH","0E-8",,"0E-8","0E-8","0E-8","49.16000000","CANCELED","web_n1ZgwU1i96umIUVH4lTP","GTE_GTC","0E-8","0E-8","Contract Price","true","2025-10-15 06:40:59"
"1157365933","2025-10-15 06:40:59","8440274843","DASHUSDT","STOP_MARKET","SELL","BOTH","0E-8",,"0E-8","0E-8","0E-8","49.45000000","CANCELED","web_KGsEjA5ox5iMLv92HOy0","GTE_GTC","0E-8","0E-8","Contract Price","true","2025-10-15 06:41:19"
"1157365933","2025-10-15 06:41:19","8440285125","DASHUSDT","STOP_MARKET","SELL","BOTH","0E-8",,"0E-8","0E-8","0E-8","48.68000000","CANCELED","web_4uXGAXhqDRN0plB7nGjx","GTE_GTC","0E-8","0E-8","Contract Price","true","2025-10-15 06:41:48"
"1157365933","2025-10-15 06:41:48","8440295147","DASHUSDT","STOP_MARKET","SELL","BOTH","0E-8",,"0E-8","0E-8","0E-8","48.78000000","CANCELED","web_gzzLQU7zIFkIZ1R1TON3","GTE_GTC","0E-8","0E-8","Contract Price","true","2025-10-15 06:42:54"
"1157365933","2025-10-15 06:42:54","8440330951","DASHUSDT","STOP_MARKET","SELL","BOTH","0E-8",,"0E-8","0E-8","0E-8","48.87000000","CANCELED","web_6oNEo9p8IKfog6OFHCEJ","GTE_GTC","0E-8","0E-8","Contract Price","true","2025-10-15 06:43:22"
"1157365933","2025-10-15 06:43:22","8440343768","DASHUSDT","STOP_MARKET","SELL","BOTH","0E-8",,"0E-8","0E-8","0E-8","48.68000000","CANCELED","web_j6B0LM2MdOdT5uBTi9C1","GTE_GTC","0E-8","0E-8","Contract Price","true","2025-10-15 06:43:43"
"1157365933","2025-10-15 06:43:43","8440355269","DASHUSDT","MARKET","SELL","BOTH","0E-8","48.81868068","194.96400000","194.96400000","9517.88526000","48.87000000","FILLED","web_gkPhWBvOhPEGAhtaLZ3r","GTE_GTC","0E-8","0E-8","Contract Price","true","2025-10-15 06:44:57"
"1157365933","2025-10-15 06:47:15","50989642474","1000PEPEUSDT","LIMIT","BUY","BOTH","0.00748680","0.00748680","3874469.00000000","3874469.00000000","29007.37450920","0E-8","FILLED","web_usdt_z6rlsw4wfeu57eezq8to6or","GTC","0E-8","0E-8","Contract Price","false","2025-10-15 06:49:28"
"1157365933","2025-10-15 06:49:50","50989752138","1000PEPEUSDT","STOP_MARKET","SELL","BOTH","0E-8",,"0E-8","0E-8","0E-8","0.00746080","EXPIRED","web_Zvvq3lRG73v1mme1hpko","GTE_GTC","0E-8","0E-8","Contract Price","true","2025-10-15 07:00:44"
"1157365933","2025-10-15 06:49:50","50989752136","1000PEPEUSDT","STOP_MARKET","SELL","BOTH","0E-8",,"0E-8","0E-8","0E-8","0.00752170","CANCELED","web_ArLlqXAftTorEzZD3j5v","GTE_GTC","0E-8","0E-8","Contract Price","true","2025-10-15 06:50:00"
"1157365933","2025-10-15 06:50:00","50989758374","1000PEPEUSDT","STOP_MARKET","SELL","BOTH","0E-8",,"0E-8","0E-8","0E-8","0.00753170","CANCELED","web_jtwKuEqd9XiHVs5Qmkq2","GTE_GTC","0E-8","0E-8","Contract Price","true","2025-10-15 06:50:36"
"1157365933","2025-10-15 06:50:36","50989781779","1000PEPEUSDT","STOP_MARKET","SELL","BOTH","0E-8",,"0E-8","0E-8","0E-8","0.00752170","EXPIRED","web_z4DvAvLajsvzPRybhvBF","GTE_GTC","0E-8","0E-8","Contract Price","true","2025-10-15 07:00:44"
"1157365933","2025-10-15 07:00:44","50990235621","1000PEPEUSDT","MARKET","SELL","BOTH","0E-8","0.00750581","3874469.00000000","3874469.00000000","29081.02874170","0E-8","FILLED","web_DiO9oaOj591bZxjpVdLq","GTC","0E-8","0E-8","Contract Price","false","2025-10-15 07:00:44"
"1157365933","2025-10-15 08:10:38","20193951645","GALAUSDT","LIMIT","BUY","BOTH","0.01211000","0.01211000","1641763.00000000","1641763.00000000","19881.74993000","0E-8","FILLED","web_usdt_2wy08jrn85pu3x6n5r499k5","GTC","0E-8","0E-8","Contract Price","false","2025-10-15 08:11:07"
"1157365933","2025-10-15 08:11:16","20193954882","GALAUSDT","STOP_MARKET","SELL","BOTH","0E-8",,"0E-8","0E-8","0E-8","0.01205000","CANCELED","web_Xp4FdtdE0iZmltGn62dl","GTE_GTC","0E-8","0E-8","Contract Price","true","2025-10-15 08:13:55"
"1157365933","2025-10-15 08:11:25","20193955638","GALAUSDT","STOP_MARKET","SELL","BOTH","0E-8",,"0E-8","0E-8","0E-8","0.01217000","CANCELED","web_6SkPTkUiWeOTJIcQ6Avf","GTE_GTC","0E-8","0E-8","Contract Price","true","2025-10-15 08:12:46"
"1157365933","2025-10-15 08:12:46","20193960806","GALAUSDT","STOP_MARKET","SELL","BOTH","0E-8",,"0E-8","0E-8","0E-8","0.01219000","CANCELED","web_jqPsQ0rjcqhTPCzsTj62","GTE_GTC","0E-8","0E-8","Contract Price","true","2025-10-15 08:15:02"
"1157365933","2025-10-15 08:13:55","20193964397","GALAUSDT","STOP_MARKET","SELL","BOTH","0E-8",,"0E-8","0E-8","0E-8","0.01202000","EXPIRED","web_yXWPIZiPO57vAQqxJ9Uv","GTE_GTC","0E-8","0E-8","Contract Price","true","2025-10-15 08:22:24"
"1157365933","2025-10-15 08:15:02","20193969212","GALAUSDT","STOP_MARKET","SELL","BOTH","0E-8",,"0E-8","0E-8","0E-8","0.01217000","CANCELED","web_ISSMtbm7cnuyhaYQvHHw","GTE_GTC","0E-8","0E-8","Contract Price","true","2025-10-15 08:16:39"
"1157365933","2025-10-15 08:16:39","20193979615","GALAUSDT","STOP_MARKET","SELL","BOTH","0E-8",,"0E-8","0E-8","0E-8","0.01215000","CANCELED","web_LP7NgMDloJ5yZI39k6HK","GTE_GTC","0E-8","0E-8","Contract Price","true","2025-10-15 08:16:59"
"1157365933","2025-10-15 08:16:59","20193980491","GALAUSDT","STOP_MARKET","SELL","BOTH","0E-8",,"0E-8","0E-8","0E-8","0.01219000","CANCELED","web_B9YLsSSdZ9EFW4RieA1f","GTE_GTC","0E-8","0E-8","Contract Price","true","2025-10-15 08:17:40"
"1157365933","2025-10-15 08:17:40","20193982138","GALAUSDT","STOP_MARKET","SELL","BOTH","0E-8",,"0E-8","0E-8","0E-8","0.01215000","CANCELED","web_dw5qxieVb6doyw5Q3cxk","GTE_GTC","0E-8","0E-8","Contract Price","true","2025-10-15 08:19:21"
"1157365933","2025-10-15 08:19:22","20193991789","GALAUSDT","STOP_MARKET","SELL","BOTH","0E-8",,"0E-8","0E-8","0E-8","0.01214000","CANCELED","web_lBpooZYsPSWXvHPBHx6a","GTE_GTC","0E-8","0E-8","Contract Price","true","2025-10-15 08:19:37"
"1157365933","2025-10-15 08:19:37","20193992718","GALAUSDT","STOP_MARKET","SELL","BOTH","0E-8",,"0E-8","0E-8","0E-8","0.01219000","CANCELED","web_EIv8CZD5mjN687SmF6N7","GTE_GTC","0E-8","0E-8","Contract Price","true","2025-10-15 08:20:44"
"1157365933","2025-10-15 08:20:44","20193998679","GALAUSDT","STOP_MARKET","SELL","BOTH","0E-8",,"0E-8","0E-8","0E-8","0.01217000","CANCELED","web_dZDcWhg2MwuaS3PJNRgJ","GTE_GTC","0E-8","0E-8","Contract Price","true","2025-10-15 08:21:02"
"1157365933","2025-10-15 08:21:02","20193999755","GALAUSDT","STOP_MARKET","SELL","BOTH","0E-8",,"0E-8","0E-8","0E-8","0.01218000","EXPIRED","web_Pp4f7GhNmw6ej5zv5O83","GTE_GTC","0E-8","0E-8","Contract Price","true","2025-10-15 08:22:24"
"1157365933","2025-10-15 08:22:24","20194006441","GALAUSDT","MARKET","SELL","BOTH","0E-8","0.01214685","1641763.00000000","1641763.00000000","19942.25448000","0E-8","FILLED","web_6xkvFtJP2fqovXhpvasg","GTC","0E-8","0E-8","Contract Price","false","2025-10-15 08:22:24"
"1157365933","2025-10-15 11:15:45","7250599916","ZENUSDT","LIMIT","SELL","BOTH","13.21100000",,"765.70000000","0E-8","0E-8","0E-8","CANCELED","web_usdt_b4bbnp9x818h5e11vaqj3ga","GTC","0E-8","0E-8","Contract Price","false","2025-10-15 11:17:33"
"1157365933","2025-10-15 11:23:40","269899122","USELESSUSDT","LIMIT","SELL","BOTH","0.42280000","0.42280000","46898.00000000","46898.00000000","19828.47440000","0E-8","FILLED","web_usdt_e59rnzyztgs0xj1l0v3gsoz","GTC","0E-8","0E-8","Contract Price","false","2025-10-15 11:24:37"
"1157365933","2025-10-15 11:24:49","269907467","USELESSUSDT","STOP_MARKET","BUY","BOTH","0E-8",,"0E-8","0E-8","0E-8","0.42060000","CANCELED","web_3cXO0ufd0qR8o2AZP2w5","GTE_GTC","0E-8","0E-8","markPrice","true","2025-10-15 11:27:33"
"1157365933","2025-10-15 11:25:09","269909438","USELESSUSDT","STOP_MARKET","BUY","BOTH","0E-8",,"0E-8","0E-8","0E-8","0.42700000","EXPIRED","web_lUxMD2HEW7WBCl1Ry5dM","GTE_GTC","0E-8","0E-8","markPrice","true","2025-10-15 11:30:22"
"1157365933","2025-10-15 11:27:33","269922195","USELESSUSDT","STOP_MARKET","BUY","BOTH","0E-8",,"0E-8","0E-8","0E-8","0.41840000","CANCELED","web_M4W0k8zF0PDZOB8jqsVY","GTE_GTC","0E-8","0E-8","markPrice","true","2025-10-15 11:28:16"
"1157365933","2025-10-15 11:28:16","269925715","USELESSUSDT","STOP_MARKET","BUY","BOTH","0E-8",,"0E-8","0E-8","0E-8","0.42020000","CANCELED","web_atcVrU8M8EAFfM85kUQ9","GTE_GTC","0E-8","0E-8","markPrice","true","2025-10-15 11:28:50"
"1157365933","2025-10-15 11:28:50","269928196","USELESSUSDT","STOP_MARKET","BUY","BOTH","0E-8",,"0E-8","0E-8","0E-8","0.41980000","EXPIRED","web_a85abITN9u5e5IW61wgz","GTE_GTC","0E-8","0E-8","markPrice","true","2025-10-15 11:30:22"
"1157365933","2025-10-15 11:30:22","269936481","USELESSUSDT","MARKET","BUY","BOTH","0E-8","0.42077657","46898.00000000","46898.00000000","19733.57970000","0E-8","FILLED","web_wh0vHkhbPlCWvPCxeVZr","GTC","0E-8","0E-8","Contract Price","false","2025-10-15 11:30:22"
"1157365933","2025-10-15 11:41:02","11866218237","ENAUSDT","LIMIT","BUY","BOTH","0.45460000",,"22699.00000000","0E-8","0E-8","0E-8","CANCELED","web_usdt_uwn7zaxyuoq7lameubllkbt","GTC","0E-8","0E-8","Contract Price","false","2025-10-15 11:45:35"
"1157365933","2025-10-15 11:48:35","27598799793","ETCUSDT","LIMIT","BUY","BOTH","16.76000000","16.76000000","1231.41000000","1231.41000000","20638.43160000","0E-8","FILLED","web_usdt_j3qcutl14initlxtj66by4t","GTC","0E-8","0E-8","Contract Price","false","2025-10-15 11:48:44"
"1157365933","2025-10-15 11:49:50","27598805854","ETCUSDT","STOP_MARKET","SELL","BOTH","0E-8",,"0E-8","0E-8","0E-8","16.71400000","CANCELED","web_PcRIauqcSF2wjJNsbIyl","GTE_GTC","0E-8","0E-8","markPrice","true","2025-10-15 11:50:31"
"1157365933","2025-10-15 11:50:31","27598809214","ETCUSDT","STOP_MARKET","SELL","BOTH","0E-8",,"0E-8","0E-8","0E-8","16.67600000","CANCELED","web_eIC4hdds16uz6LV9dIXJ","GTE_GTC","0E-8","0E-8","markPrice","true","2025-10-15 12:04:31"
"1157365933","2025-10-15 11:52:22","27598816297","ETCUSDT","STOP_MARKET","SELL","BOTH","0E-8",,"0E-8","0E-8","0E-8","16.84300000","CANCELED","ios_gK3JS84aSq6PED4kiXfX","GTE_GTC","0E-8","0E-8","Contract Price","true","2025-10-15 11:54:44"
"1157365933","2025-10-15 11:54:44","27598833936","ETCUSDT","STOP_MARKET","SELL","BOTH","0E-8",,"0E-8","0E-8","0E-8","17.09500000","CANCELED","web_81SIDEiR44sFspBBKE6r","GTE_GTC","0E-8","0E-8","Contract Price","true","2025-10-15 12:07:38"
"1157365933","2025-10-15 12:04:31","27598901474","ETCUSDT","STOP_MARKET","SELL","BOTH","0E-8",,"0E-8","0E-8","0E-8","16.64200000","CANCELED","web_rg5gl4rz8p6QNoF1TtpL","GTE_GTC","0E-8","0E-8","markPrice","true","2025-10-15 12:10:04"
"1157365933","2025-10-15 12:07:38","27598929860","ETCUSDT","STOP_MARKET","SELL","BOTH","0E-8",,"0E-8","0E-8","0E-8","16.81000000","EXPIRED","web_Y8TDly3sESOtOgism9Dp","GTE_GTC","0E-8","0E-8","Contract Price","true","2025-10-15 12:20:20"
"1157365933","2025-10-15 12:10:05","27598949363","ETCUSDT","MARKET","SELL","BOTH","0E-8","16.66474516","1231.41000000","1231.41000000","20521.13384000","16.66700000","FILLED","web_VeIHL7rjmOYHHWwaCFBv","GTE_GTC","0E-8","0E-8","markPrice","true","2025-10-15 12:20:20"
"1157365933","2025-10-15 12:24:35","33855159728","AVAXUSDT","LIMIT","SELL","BOTH","22.45000000",,"888.00000000","0E-8","0E-8","0E-8","CANCELED","web_usdt_esx3xbqg5cn2khckhjggqf2","GTC","0E-8","0E-8","Contract Price","false","2025-10-15 12:26:09"
"1157365933","2025-10-15 12:39:09","956745758","HUSDT","LIMIT","BUY","BOTH","0.14403000","0.14402433","134872.00000000","134872.00000000","19424.84984000","0E-8","FILLED","web_usdt_ag5ivw8ddvkryognhqi9nwx","GTC","0E-8","0E-8","Contract Price","false","2025-10-15 12:39:10"
"1157365933","2025-10-15 12:39:23","956758911","HUSDT","STOP_MARKET","SELL","BOTH","0E-8",,"0E-8","0E-8","0E-8","0.14164000","EXPIRED","web_pwjXcJtJ2i86cuYW7YKf","GTE_GTC","0E-8","0E-8","markPrice","true","2025-10-15 12:39:29"
"1157365933","2025-10-15 12:39:29","956765322","HUSDT","MARKET","SELL","BOTH","0E-8","0.14564144","134872.00000000","134872.00000000","19642.95206000","0E-8","FILLED","web_w1a9JmtuAC4OruGBQ8GD","GTC","0E-8","0E-8","Contract Price","false","2025-10-15 12:39:29"
"1157365933","2025-10-16 01:30:52","286285909","PTBUSDT","LIMIT","SELL","BOTH","0.03590000",,"292446.00000000","0E-8","0E-8","0E-8","CANCELED","web_usdt_qlfk6nwoted770whufw9atj","GTC","0E-8","0E-8","Contract Price","false","2025-10-16 01:47:52"
"1157365933","2025-10-16 02:12:52","792912221149","BTCUSDT","MARKET","BUY","BOTH","0E-8","111342.20000000","0.36500000","0.36500000","40639.90300000","0E-8","FILLED","web_usdt_phcepex62hqxp207xv6w1ds","GTC","0E-8","0E-8","Contract Price","false","2025-10-16 02:12:52"
"1157365933","2025-10-16 02:13:21","792912638359","BTCUSDT","STOP_MARKET","SELL","BOTH","0E-8",,"0E-8","0E-8","0E-8","111620.50000000","CANCELED","web_jINf9m8sJyfMl7COc0Dp","GTE_GTC","0E-8","0E-8","Contract Price","true","2025-10-16 02:14:10"
"1157365933","2025-10-16 02:14:10","792912932337","BTCUSDT","STOP_MARKET","SELL","BOTH","0E-8",,"0E-8","0E-8","0E-8","112046.70000000","CANCELED","web_lqhkSCAgNnO7XHq1HZOO","GTE_GTC","0E-8","0E-8","Contract Price","true","2025-10-16 02:21:16"
"1157365933","2025-10-16 02:14:25","792913068124","BTCUSDT","STOP_MARKET","SELL","BOTH","0E-8",,"0E-8","0E-8","0E-8","111131.00000000","EXPIRED","web_Sby952VXDchaxSNe1j5e","GTE_GTC","0E-8","0E-8","Contract Price","true","2025-10-16 03:18:38"
"1157365933","2025-10-16 02:21:16","792918171570","BTCUSDT","STOP_MARKET","SELL","BOTH","0E-8",,"0E-8","0E-8","0E-8","111516.20000000","CANCELED","web_GXUPmkBhRQiXcso8GbQX","GTE_GTC","0E-8","0E-8","Contract Price","true","2025-10-16 02:21:51"
"1157365933","2025-10-16 02:21:51","792918468502","BTCUSDT","STOP_MARKET","SELL","BOTH","0E-8",,"0E-8","0E-8","0E-8","111509.20000000","CANCELED","web_abMo3ztUyHoet7zZVw5o","GTE_GTC","0E-8","0E-8","Contract Price","true","2025-10-16 02:31:24"
"1157365933","2025-10-16 02:31:24","792925329574","BTCUSDT","STOP_MARKET","SELL","BOTH","0E-8",,"0E-8","0E-8","0E-8","111731.80000000","CANCELED","ios_jdFmkqcGeSoU1vGRhrhE","GTE_GTC","0E-8","0E-8","Contract Price","true","2025-10-16 02:48:30"
"1157365933","2025-10-16 02:48:30","792936278283","BTCUSDT","STOP_MARKET","SELL","BOTH","0E-8",,"0E-8","0E-8","0E-8","111509.20000000","CANCELED","ios_23qGXdDSGhHC3gCOP0aU","GTE_GTC","0E-8","0E-8","Contract Price","true","2025-10-16 02:49:11"
"1157365933","2025-10-16 02:49:11","792936792522","BTCUSDT","STOP_MARKET","SELL","BOTH","0E-8",,"0E-8","0E-8","0E-8","111640.00000000","CANCELED","ios_36KVtAH2LeeAGxTQ26J0","GTE_GTC","0E-8","0E-8","Contract Price","true","2025-10-16 02:49:41"
"1157365933","2025-10-16 02:49:41","792937128917","BTCUSDT","STOP_MARKET","SELL","BOTH","0E-8",,"0E-8","0E-8","0E-8","111509.20000000","CANCELED","ios_oo9gfmCB6NHMuonEBSH7","GTE_GTC","0E-8","0E-8","Contract Price","true","2025-10-16 02:49:51"
"1157365933","2025-10-16 02:49:51","792937162275","BTCUSDT","STOP_MARKET","SELL","BOTH","0E-8",,"0E-8","0E-8","0E-8","111620.50000000","CANCELED","ios_FuQVZtIvGdq8IgAQK7fz","GTE_GTC","0E-8","0E-8","Contract Price","true","2025-10-16 02:52:50"
"1157365933","2025-10-16 02:52:51","792938981331","BTCUSDT","STOP_MARKET","SELL","BOTH","0E-8",,"0E-8","0E-8","0E-8","111509.20000000","CANCELED","ios_llFmfNkDLjFQYGABFIOp","GTE_GTC","0E-8","0E-8","Contract Price","true","2025-10-16 02:55:05"
"1157365933","2025-10-16 02:55:05","792940259979","BTCUSDT","STOP_MARKET","SELL","BOTH","0E-8",,"0E-8","0E-8","0E-8","111620.50000000","CANCELED","ios_t9q2nakcq94JC6rbp4si","GTE_GTC","0E-8","0E-8","Contract Price","true","2025-10-16 02:57:15"
"1157365933","2025-10-16 02:56:26","792941166772","BTCUSDT","MARKET","SELL","BOTH","0E-8","111509.50000000","0.18900000","0.18900000","21075.29550000","0E-8","FILLED","ios_Tpc4RVxtnAXchyeTm8ns","GTC","0E-8","0E-8","Contract Price","false","2025-10-16 02:56:26"
"1157365933","2025-10-16 02:57:15","792941633404","BTCUSDT","STOP_MARKET","SELL","BOTH","0E-8",,"0E-8","0E-8","0E-8","111731.80000000","CANCELED","ios_C22SgDGciATRHWOuFBae","GTE_GTC","0E-8","0E-8","Contract Price","true","2025-10-16 03:12:07"
"1157365933","2025-10-16 03:12:07","792949462611","BTCUSDT","MARKET","SELL","BOTH","0E-8","111499.90000000","0.17600000","0.17600000","19623.98240000","111500.00000000","FILLED","ios_fg36P1tF2iNcx2rgmWkX","GTE_GTC","0E-8","0E-8","Contract Price","true","2025-10-16 03:18:38"
"1157365933","2025-10-16 03:51:16","22808129182","AAVEUSDT","MARKET","SELL","BOTH","0E-8","240.08571918","87.60000000","87.60000000","21031.50900000","0E-8","FILLED","web_usdt_1y14ix4t45kpdozvlodr21x","GTC","0E-8","0E-8","Contract Price","false","2025-10-16 03:51:16"
"1157365933","2025-10-16 03:51:36","22808136646","AAVEUSDT","STOP_MARKET","BUY","BOTH","0E-8",,"0E-8","0E-8","0E-8","240.82000000","CANCELED","web_hp9QuqSfSQg5l75yoMOb","GTE_GTC","0E-8","0E-8","Contract Price","true","2025-10-16 04:03:55"
"1157365933","2025-10-16 03:51:43","22808137948","AAVEUSDT","STOP_MARKET","BUY","BOTH","0E-8",,"0E-8","0E-8","0E-8","238.40000000","CANCELED","web_uIt864xjKJvXxigxUZCp","GTE_GTC","0E-8","0E-8","Contract Price","true","2025-10-16 03:56:50"
"1157365933","2025-10-16 03:56:50","22808184809","AAVEUSDT","STOP_MARKET","BUY","BOTH","0E-8",,"0E-8","0E-8","0E-8","238.88000000","CANCELED","web_KxWJvsGEVmIGBpjOVV6R","GTE_GTC","0E-8","0E-8","Contract Price","true","2025-10-16 04:28:22"
"1157365933","2025-10-16 04:03:55","22808263329","AAVEUSDT","STOP_MARKET","BUY","BOTH","0E-8",,"0E-8","0E-8","0E-8","241.28000000","CANCELED","web_Pw5z7B0yW8Rbjxt08suR","GTE_GTC","0E-8","0E-8","Contract Price","true","2025-10-16 04:18:19"
"1157365933","2025-10-16 04:18:19","22808421410","AAVEUSDT","STOP_MARKET","BUY","BOTH","0E-8",,"0E-8","0E-8","0E-8","241.52000000","CANCELED","web_iJN4TwGKQpJAogD70PXh","GTE_GTC","0E-8","0E-8","Contract Price","true","2025-10-16 04:28:22"
"1157365933","2025-10-16 04:26:22","22808490557","AAVEUSDT","MARKET","BUY","BOTH","0E-8","240.99388128","43.80000000","43.80000000","10555.53200000","0E-8","FILLED","web_fhWh0L0bALHeA3TZ9nEe","GTC","0E-8","0E-8","Contract Price","false","2025-10-16 04:26:22"
"1157365933","2025-10-16 04:28:22","22808513434","AAVEUSDT","STOP_MARKET","BUY","BOTH","0E-8",,"0E-8","0E-8","0E-8","237.92000000","CANCELED","web_ndYVPriOuyin8i7CSlwl","GTE_GTC","0E-8","0E-8","Contract Price","true","2025-10-16 04:28:40"
"1157365933","2025-10-16 04:28:22","22808513435","AAVEUSDT","STOP_MARKET","BUY","BOTH","0E-8",,"0E-8","0E-8","0E-8","242.24000000","CANCELED","web_Qcti5tOvEKGiTPmv4jSX","GTE_GTC","0E-8","0E-8","Contract Price","true","2025-10-16 04:42:53"
"1157365933","2025-10-16 04:28:40","22808515540","AAVEUSDT","STOP_MARKET","BUY","BOTH","0E-8",,"0E-8","0E-8","0E-8","236.40000000","CANCELED","web_QttonvJ3qHKHYg8giaUq","GTE_GTC","0E-8","0E-8","Contract Price","true","2025-10-16 04:48:08"
"1157365933","2025-10-16 04:42:53","22808681371","AAVEUSDT","STOP_MARKET","BUY","BOTH","0E-8",,"0E-8","0E-8","0E-8","241.41000000","CANCELED","web_ktjvPZlSeao3sY3872vU","GTE_GTC","0E-8","0E-8","Contract Price","true","2025-10-16 04:48:08"
"1157365933","2025-10-16 04:47:33","22808771563","AAVEUSDT","MARKET","BUY","BOTH","0E-8","238.22454268","32.80000000","32.80000000","7813.76500000","0E-8","FILLED","web_qMYTNWJDW9yxmvOKJMGP","GTC","0E-8","0E-8","Contract Price","false","2025-10-16 04:47:33"
"1157365933","2025-10-16 04:48:08","22808780466","AAVEUSDT","STOP_MARKET","BUY","BOTH","0E-8",,"0E-8","0E-8","0E-8","240.08000000","CANCELED","web_cFW7v7sCQ2ftoxy6kTBU","GTE_GTC","0E-8","0E-8","Contract Price","true","2025-10-16 04:52:10"
"1157365933","2025-10-16 04:48:08","22808780465","AAVEUSDT","STOP_MARKET","BUY","BOTH","0E-8",,"0E-8","0E-8","0E-8","232.88000000","CANCELED","web_L8SG5JebllmHKqHKjtI9","GTE_GTC","0E-8","0E-8","Contract Price","true","2025-10-16 04:59:21"
"1157365933","2025-10-16 04:52:10","22808839891","AAVEUSDT","MARKET","BUY","BOTH","0E-8","239.84027273","11.00000000","11.00000000","2638.24300000","239.80000000","FILLED","web_izj43xw1PHac2F9iX2ha","GTE_GTC","0E-8","0E-8","Contract Price","true","2025-10-16 05:15:28"
"1157365933","2025-10-16 04:59:21","22808917445","AAVEUSDT","STOP_MARKET","BUY","BOTH","0E-8",,"0E-8","0E-8","0E-8","236.65000000","EXPIRED","web_6xddHsKJ2VOUw4mhd4Ww","GTE_GTC","0E-8","0E-8","Contract Price","true","2025-10-16 05:15:28"
"1157365933","2025-10-16 08:07:28","1514710709","XPLUSDT","MARKET","SELL","BOTH","0E-8","0.46786180","45001.00000000","45001.00000000","21054.24900000","0E-8","FILLED","ios_usdt_rcXge3xIQArH04b4NXr6","GTC","0E-8","0E-8","Contract Price","false","2025-10-16 08:07:28"
"1157365933","2025-10-16 08:07:58","1514717721","XPLUSDT","MARKET","BUY","BOTH","0E-8","0.47118097","22051.00000000","22051.00000000","10390.01160000","0.47110000","FILLED","ios_tJ2djvVZyrEoUnZz78dP","GTE_GTC","0E-8","0E-8","Contract Price","true","2025-10-16 08:20:02"
"1157365933","2025-10-16 08:08:36","1514724656","XPLUSDT","STOP_MARKET","BUY","BOTH","0E-8",,"0E-8","0E-8","0E-8","0.46360000","CANCELED","ios_bxjSJN58GlFC7XodroqE","GTE_GTC","0E-8","0E-8","Contract Price","true","2025-10-16 08:14:23"
"1157365933","2025-10-16 08:14:23","1514803051","XPLUSDT","STOP_MARKET","BUY","BOTH","0E-8",,"0E-8","0E-8","0E-8","0.46550000","CANCELED","ios_9SAT2VOuVUHnCjwZfo0u","GTE_GTC","0E-8","0E-8","Contract Price","true","2025-10-16 08:17:54"
"1157365933","2025-10-16 08:17:55","1514851003","XPLUSDT","STOP_MARKET","BUY","BOTH","0E-8",,"0E-8","0E-8","0E-8","0.46360000","EXPIRED","ios_2dDDUSh50keLV00xSezU","GTE_GTC","0E-8","0E-8","Contract Price","true","2025-10-16 08:20:02"
"1157365933","2025-10-16 08:18:49","1514867911","XPLUSDT","MARKET","BUY","BOTH","0E-8","0.47026469","22950.00000000","22950.00000000","10792.57460000","0E-8","FILLED","ios_gn8cURhMgufy8bFf1L8O","GTC","0E-8","0E-8","Contract Price","false","2025-10-16 08:18:49"
"1157365933","2025-10-16 08:37:50","1515201890","XPLUSDT","STOP_MARKET","BUY","BOTH","0E-8",,"43943.00000000","0E-8","0E-8","0.46020000","CANCELED","ios_st_Z7I1gkVnVDWTMSY","GTE_GTC","0E-8","0E-8","markPrice","true","2025-10-16 08:38:26"
"1157365933","2025-10-16 08:37:50","1515201862","XPLUSDT","MARKET","SELL","BOTH","0E-8","0.46255494","43943.00000000","43943.00000000","20326.05160000","0E-8","FILLED","ios_st_G60mseF8J06U0CD","GTC","0E-8","0E-8","Contract Price","false","2025-10-16 08:37:50"
"1157365933","2025-10-16 08:38:13","1515210269","XPLUSDT","STOP_MARKET","BUY","BOTH","0E-8",,"0E-8","0E-8","0E-8","0.45830000","CANCELED","ios_5SKLeR16DDhS3aRHFe8L","GTE_GTC","0E-8","0E-8","Contract Price","true","2025-10-16 08:56:50"
"1157365933","2025-10-16 08:38:53","1515224234","XPLUSDT","STOP_MARKET","BUY","BOTH","0E-8",,"0E-8","0E-8","0E-8","0.46810000","EXPIRED","ios_Pg1jrEtnQnH5eKpDjcKk","GTE_GTC","0E-8","0E-8","Contract Price","true","2025-10-16 09:30:23"
"1157365933","2025-10-16 08:56:50","1515521081","XPLUSDT","MARKET","BUY","BOTH","0E-8","0.45860000","20654.00000000","20654.00000000","9471.92440000","0.45850000","FILLED","ios_igFxQS8JUCNnVWO9hKHY","GTE_GTC","0E-8","0E-8","Contract Price","true","2025-10-16 09:30:23"
"1157365933","2025-10-16 09:29:39","1516104134","XPLUSDT","MARKET","BUY","BOTH","0E-8","0.46086072","23289.00000000","23289.00000000","10732.98520000","0E-8","FILLED","ios_xKYrILXUijOKFFWCIH12","GTC","0E-8","0E-8","Contract Price","false","2025-10-16 09:29:39"
"1157365933","2025-10-16 10:31:22","285548555","2ZUSDT","MARKET","SELL","BOTH","0E-8","0.25639730","40611.00000000","40611.00000000","10412.55073000","0E-8","FILLED","web_usdt_i3jgv4xq1cie18sbwbnkp15","GTC","0E-8","0E-8","Contract Price","false","2025-10-16 10:31:22"
"1157365933","2025-10-16 10:31:43","285552825","2ZUSDT","STOP_MARKET","BUY","BOTH","0E-8",,"0E-8","0E-8","0E-8","0.26117000","CANCELED","web_KiTkCs2M7tLUblTenIbm","GTE_GTC","0E-8","0E-8","markPrice","true","2025-10-16 11:32:11"
"1157365933","2025-10-16 10:31:56","285554790","2ZUSDT","STOP_MARKET","BUY","BOTH","0E-8",,"0E-8","0E-8","0E-8","0.25383000","CANCELED","web_rb9WGy7Qw1V44cPSt89W","GTE_GTC","0E-8","0E-8","markPrice","true","2025-10-16 10:37:04"
"1157365933","2025-10-16 10:37:04","285613944","2ZUSDT","STOP_MARKET","BUY","BOTH","0E-8",,"0E-8","0E-8","0E-8","0.25485000","CANCELED","web_bIuPThYBOviHqJbHAfmH","GTE_GTC","0E-8","0E-8","markPrice","true","2025-10-16 10:37:35"
"1157365933","2025-10-16 10:37:35","285619033","2ZUSDT","STOP_MARKET","BUY","BOTH","0E-8",,"0E-8","0E-8","0E-8","0.25383000","CANCELED","web_BX5o5IgESC2sMQFmIK7m","GTE_GTC","0E-8","0E-8","markPrice","true","2025-10-16 10:58:10"
"1157365933","2025-10-16 10:58:10","285806372","2ZUSDT","STOP_MARKET","BUY","BOTH","0E-8",,"0E-8","0E-8","0E-8","0.25132000","CANCELED","web_7daATjKzmDQAE1P6WzSN","GTE_GTC","0E-8","0E-8","markPrice","true","2025-10-16 11:09:33"
"1157365933","2025-10-16 11:09:33","285930251","2ZUSDT","STOP_MARKET","BUY","BOTH","0E-8",,"0E-8","0E-8","0E-8","0.25383000","CANCELED","ios_3djyXFhXHPJFEIkpyUBd","GTE_GTC","0E-8","0E-8","markPrice","true","2025-10-16 11:09:55"
"1157365933","2025-10-16 11:09:55","285935257","2ZUSDT","STOP_MARKET","BUY","BOTH","0E-8",,"0E-8","0E-8","0E-8","0.25178000","CANCELED","ios_dE3BqPOEkAps2dYe1N9V","GTE_GTC","0E-8","0E-8","markPrice","true","2025-10-16 11:20:11"
"1157365933","2025-10-16 11:20:11","286026149","2ZUSDT","STOP_MARKET","BUY","BOTH","0E-8",,"0E-8","0E-8","0E-8","0.25383000","EXPIRED","web_emCwmvM2aC5L2GogEVN8","GTE_GTC","0E-8","0E-8","markPrice","true","2025-10-16 11:49:19"
"1157365933","2025-10-16 11:31:27","286116548","2ZUSDT","MARKET","BUY","BOTH","0E-8","0.25486558","30458.00000000","30458.00000000","7762.69574000","0E-8","FILLED","web_765OqCs2dvqqG3GOkmgR","GTC","0E-8","0E-8","Contract Price","false","2025-10-16 11:31:27"
"1157365933","2025-10-16 11:32:11","286125621","2ZUSDT","MARKET","BUY","BOTH","0E-8","0.25645561","10153.00000000","10153.00000000","2603.79382000","0.25639000","FILLED","web_HwiyQgAnYAsRFQa8PV7p","GTE_GTC","0E-8","0E-8","markPrice","true","2025-10-16 11:49:19"
"1157365933","2025-10-16 11:51:07","1519190513","XPLUSDT","LIMIT","BUY","BOTH","0.47750000",,"44065.00000000","0E-8","0E-8","0E-8","CANCELED","web_usdt_ocdw87dhpw9xu81xpc14wyc","GTC","0E-8","0E-8","Contract Price","false","2025-10-16 12:04:54"
"1157365933","2025-10-16 12:04:40","1870555279","WLFIUSDT","LIMIT","BUY","BOTH","0.14300000",,"63561.00000000","0E-8","0E-8","0E-8","CANCELED","web_usdt_v5jdvxl50i4tjtbwhu84msu","GTC","0E-8","0E-8","Contract Price","false","2025-10-16 12:04:51"
"1157365933","2025-10-16 12:05:51","1870569170","WLFIUSDT","MARKET","BUY","BOTH","0E-8","0.14280000","70119.00000000","70119.00000000","10012.99320000","0E-8","FILLED","web_usdt_q26u5yjtra9enoqwop87ms0","GTC","0E-8","0E-8","Contract Price","false","2025-10-16 12:05:51"
"1157365933","2025-10-16 12:16:36","1870671961","WLFIUSDT","STOP_MARKET","SELL","BOTH","0E-8",,"0E-8","0E-8","0E-8","0.14370000","CANCELED","web_psoyHOGklaEUTzbbarpl","GTE_GTC","0E-8","0E-8","markPrice","true","2025-10-16 12:43:17"
"1157365933","2025-10-16 12:16:36","1870671960","WLFIUSDT","STOP_MARKET","SELL","BOTH","0E-8",,"0E-8","0E-8","0E-8","0.14130000","CANCELED","web_YU53N0K2wUhRWAgAg7no","GTE_GTC","0E-8","0E-8","markPrice","true","2025-10-16 12:43:17"
"1157365933","2025-10-16 12:43:17","1870891677","WLFIUSDT","MARKET","SELL","BOTH","0E-8","0.14120000","70119.00000000","70119.00000000","9900.80280000","0.14130000","FILLED","web_KzCTohfE4uVObMwMH6ID","GTE_GTC","0E-8","0E-8","markPrice","true","2025-10-16 13:01:08"
"1157365933","2025-10-16 12:43:17","1870891678","WLFIUSDT","STOP_MARKET","SELL","BOTH","0E-8",,"0E-8","0E-8","0E-8","0.14850000","EXPIRED","web_pTRluciyVlPy4Hx5gxwV","GTE_GTC","0E-8","0E-8","markPrice","true","2025-10-16 13:01:08"
"1157365933","2025-10-16 13:17:10","441472162","BASUSDT","MARKET","BUY","BOTH","0E-8","0.11786400","84668.00000000","84668.00000000","9979.30914800","0E-8","FILLED","web_usdt_vrp4ix89aexdqz1emowfllr","GTC","0E-8","0E-8","Contract Price","false","2025-10-16 13:17:10"
"1157365933","2025-10-16 13:17:31","441485735","BASUSDT","STOP_MARKET","SELL","BOTH","0E-8",,"0E-8","0E-8","0E-8","0.11951400","CANCELED","web_ggvPiRuj43dASCwCNbgw","GTE_GTC","0E-8","0E-8","markPrice","true","2025-10-16 13:17:46"
"1157365933","2025-10-16 13:17:46","441493103","BASUSDT","STOP_MARKET","SELL","BOTH","0E-8",,"0E-8","0E-8","0E-8","0.11998500","CANCELED","web_whSyZvrA8UwsYDRCpj4M","GTE_GTC","0E-8","0E-8","markPrice","true","2025-10-16 13:21:46"
"1157365933","2025-10-16 13:19:47","441542271","BASUSDT","STOP_MARKET","SELL","BOTH","0E-8",,"0E-8","0E-8","0E-8","0.11456300","EXPIRED","web_J2LyhKDZMq5PoAqTjYGc","GTE_GTC","0E-8","0E-8","markPrice","true","2025-10-16 13:24:18"
"1157365933","2025-10-16 13:21:47","441586479","BASUSDT","STOP_MARKET","SELL","BOTH","0E-8",,"0E-8","0E-8","0E-8","0.11965800","CANCELED","web_9dIDhzFN5396pYITgBGv","GTE_GTC","0E-8","0E-8","markPrice","true","2025-10-16 13:23:56"
"1157365933","2025-10-16 13:23:56","441635258","BASUSDT","MARKET","SELL","BOTH","0E-8","0.11892378","84668.00000000","84668.00000000","10069.03902700","0.11951400","FILLED","web_XiLeQzC4fK6WPDidlDdh","GTE_GTC","0E-8","0E-8","markPrice","true","2025-10-16 13:24:18"
"1157365933","2025-10-16 13:48:03","214980873","EVAAUSDT","MARKET","BUY","BOTH","0E-8","4.55967294","902.70000000","902.70000000","4116.01676000","0E-8","FILLED","web_usdt_zhbvi4398p4d0kq3h4me0fi","GTC","0E-8","0E-8","Contract Price","false","2025-10-16 13:48:03"
"1157365933","2025-10-16 13:48:15","214988642","EVAAUSDT","STOP_MARKET","SELL","BOTH","0E-8",,"0E-8","0E-8","0E-8","4.67360000","CANCELED","web_fLLpymeeYxmQJ8svoATo","GTE_GTC","0E-8","0E-8","markPrice","true","2025-10-16 13:48:39"
"1157365933","2025-10-16 13:48:39","215004425","EVAAUSDT","STOP_MARKET","SELL","BOTH","0E-8",,"0E-8","0E-8","0E-8","4.62800000","CANCELED","web_0izD9IIQqEk3J1l8eh8m","GTE_GTC","0E-8","0E-8","markPrice","true","2025-10-16 13:48:50"
"1157365933","2025-10-16 13:48:51","215011699","EVAAUSDT","STOP_MARKET","SELL","BOTH","0E-8",,"0E-8","0E-8","0E-8","4.67360000","CANCELED","web_D9XDTvPJWV9jN7lqHUKi","GTE_GTC","0E-8","0E-8","markPrice","true","2025-10-16 13:51:23"
"1157365933","2025-10-16 13:49:53","215077000","EVAAUSDT","STOP_MARKET","SELL","BOTH","0E-8",,"0E-8","0E-8","0E-8","4.17210000","CANCELED","web_JJgVFjsrZjxszqvg5qEd","GTE_GTC","0E-8","0E-8","markPrice","true","2025-10-16 13:50:44"
"1157365933","2025-10-16 13:50:44","215121277","EVAAUSDT","STOP_MARKET","SELL","BOTH","0E-8",,"0E-8","0E-8","0E-8","4.12650000","EXPIRED","web_NOcgPkAHkOAXy1nSoSmz","GTE_GTC","0E-8","0E-8","markPrice","true","2025-10-16 13:59:34"
"1157365933","2025-10-16 13:51:23","215143595","EVAAUSDT","STOP_MARKET","SELL","BOTH","0E-8",,"0E-8","0E-8","0E-8","4.76460000","CANCELED","web_1zPwsLav68rmhqRWYnsm","GTE_GTC","0E-8","0E-8","markPrice","true","2025-10-16 13:55:37"
"1157365933","2025-10-16 13:55:37","215298052","EVAAUSDT","STOP_MARKET","SELL","BOTH","0E-8",,"0E-8","0E-8","0E-8","4.67360000","CANCELED","web_0wxBV8vNYugM8aFDLcgO","GTE_GTC","0E-8","0E-8","markPrice","true","2025-10-16 13:56:43"
"1157365933","2025-10-16 13:56:43","215330782","EVAAUSDT","MARKET","SELL","BOTH","0E-8","4.71332670","902.70000000","902.70000000","4254.72001000","4.71920000","FILLED","web_rlOiOJCfos4BkQbdvXrR","GTE_GTC","0E-8","0E-8","markPrice","true","2025-10-16 13:59:34"
"1157365933","2025-10-16 14:07:36","18024966529","APTUSDT","MARKET","SELL","BOTH","0E-8","3.48742378","4925.30000000","4925.30000000","17176.60832000","0E-8","FILLED","web_usdt_t551g6evbzkqq69v43csf83","GTC","0E-8","0E-8","Contract Price","false","2025-10-16 14:07:36"
"1157365933","2025-10-16 14:07:52","18024971352","APTUSDT","STOP_MARKET","BUY","BOTH","0E-8",,"0E-8","0E-8","0E-8","3.46560000","CANCELED","web_kefglmu3ny29I80FiJNE","GTE_GTC","0E-8","0E-8","markPrice","true","2025-10-16 14:08:47"
"1157365933","2025-10-16 14:08:14","18024984210","APTUSDT","STOP_MARKET","BUY","BOTH","0E-8",,"0E-8","0E-8","0E-8","3.51270000","EXPIRED","web_uI35vNCi1BnsdCjIZNtN","GTE_GTC","0E-8","0E-8","markPrice","true","2025-10-16 14:11:27"
"1157365933","2025-10-16 14:08:47","18025018606","APTUSDT","STOP_MARKET","BUY","BOTH","0E-8",,"0E-8","0E-8","0E-8","3.47430000","CANCELED","web_Npsd5st3pTl0GdzaGWev","GTE_GTC","0E-8","0E-8","markPrice","true","2025-10-16 14:09:10"
"1157365933","2025-10-16 14:09:10","18025026847","APTUSDT","STOP_MARKET","BUY","BOTH","0E-8",,"0E-8","0E-8","0E-8","3.46560000","CANCELED","web_FtSgNf8YGx9VDjyt4fu9","GTE_GTC","0E-8","0E-8","markPrice","true","2025-10-16 14:09:22"
"1157365933","2025-10-16 14:09:22","18025032073","APTUSDT","STOP_MARKET","BUY","BOTH","0E-8",,"0E-8","0E-8","0E-8","3.47430000","CANCELED","web_024UDb45c5Lh4cwFW5mw","GTE_GTC","0E-8","0E-8","markPrice","true","2025-10-16 14:09:28"
"1157365933","2025-10-16 14:09:28","18025034329","APTUSDT","STOP_MARKET","BUY","BOTH","0E-8",,"0E-8","0E-8","0E-8","3.46990000","CANCELED","web_LmdCGnILtgx2wEnvNIrF","GTE_GTC","0E-8","0E-8","markPrice","true","2025-10-16 14:10:20"
"1157365933","2025-10-16 14:10:20","18025056370","APTUSDT","MARKET","BUY","BOTH","0E-8","3.46568744","4925.30000000","4925.30000000","17069.55037000","3.46560000","FILLED","web_7l2z0XG7H1EZMNeRd7LY","GTE_GTC","0E-8","0E-8","markPrice","true","2025-10-16 14:11:27"
"1157365933","2025-10-16 22:50:28","33573247971","SUIUSDT","MARKET","SELL","BOTH","0E-8","2.51825210","8702.60000000","8702.60000000","21915.34072000","0E-8","FILLED","ios_usdt_tCDtUtoqzTjUaAznay0K","GTC","0E-8","0E-8","Contract Price","false","2025-10-16 22:50:28"
"1157365933","2025-10-16 22:50:44","33573257755","SUIUSDT","STOP_MARKET","BUY","BOTH","0E-8",,"0E-8","0E-8","0E-8","2.50560000","CANCELED","ios_viAQAhEhDSVfaWJg1Dcs","GTE_GTC","0E-8","0E-8","markPrice","true","2025-10-16 22:55:26"
"1157365933","2025-10-16 22:50:44","33573257754","SUIUSDT","STOP_MARKET","BUY","BOTH","0E-8",,"0E-8","0E-8","0E-8","2.53580000","EXPIRED","ios_22X57HseqZmLMsNl1yfX","GTE_GTC","0E-8","0E-8","markPrice","true","2025-10-16 22:56:33"
"1157365933","2025-10-16 22:55:27","33573397630","SUIUSDT","MARKET","BUY","BOTH","0E-8","2.50787617","8702.60000000","8702.60000000","21825.04313000","2.50810000","FILLED","ios_Q1WnfMue3sip7wqaUxbc","GTE_GTC","0E-8","0E-8","markPrice","true","2025-10-16 22:56:33"
"1157365933","2025-10-16 23:04:30","792247111044","ZECUSDT","STOP_MARKET","BUY","BOTH","0E-8",,"20.72000000","0E-8","0E-8","203.12000000","EXPIRED","ios_st_LY3alUcqXH2WkiM","GTE_GTC","0E-8","0E-8","markPrice","true","2025-10-16 23:43:28"
"1157365933","2025-10-16 23:04:30","792247110981","ZECUSDT","LIMIT","SELL","BOTH","208.33000000","210.43737741","20.72000000","20.72000000","4360.26246000","0E-8","FILLED","ios_st_1z1Nquo654e2Fnd","GTC","0E-8","0E-8","Contract Price","false","2025-10-16 23:04:30"
"1157365933","2025-10-16 23:04:48","792247117386","ZECUSDT","STOP_MARKET","BUY","BOTH","0E-8",,"0E-8","0E-8","0E-8","205.17000000","CANCELED","ios_S2uK76qfAUGwAkOwFzk0","GTE_GTC","0E-8","0E-8","markPrice","true","2025-10-16 23:05:08"
"1157365933","2025-10-16 23:05:08","792247123765","ZECUSDT","STOP_MARKET","BUY","BOTH","0E-8",,"0E-8","0E-8","0E-8","207.28000000","CANCELED","ios_lAcDeV28Xd1G07JptZYc","GTE_GTC","0E-8","0E-8","markPrice","true","2025-10-16 23:05:37"
"1157365933","2025-10-16 23:05:37","792247132380","ZECUSDT","MARKET","BUY","BOTH","0E-8","203.53194884","10.36000000","10.36000000","2108.59099000","205.17000000","FILLED","ios_gOCBwNYRN8SiaGm6xgvp","GTE_GTC","0E-8","0E-8","markPrice","true","2025-10-16 23:43:28"
"1157365933","2025-10-16 23:39:05","792247680431","ZECUSDT","MARKET","BUY","BOTH","0E-8","207.55238127","10.36000000","10.36000000","2150.24267000","0E-8","FILLED","ios_zIx7zW85tXgcdHMXiXZD","GTC","0E-8","0E-8","Contract Price","false","2025-10-16 23:39:05"
"1157365933","2025-10-17 01:34:02","7541594004","TAOUSDT","LIMIT","SELL","BOTH","373.45000000","375.22219827","29.08200000","29.08200000","10912.21197000","0E-8","FILLED","web_usdt_azaaeptghloflfpqe7qapd5","GTC","0E-8","0E-8","Contract Price","false","2025-10-17 01:34:02"
"1157365933","2025-10-17 01:34:31","7541607319","TAOUSDT","STOP_MARKET","BUY","BOTH","0E-8",,"0E-8","0E-8","0E-8","371.46000000","EXPIRED","web_HA3HLJOaUkH1Omf63Sr9","GTE_GTC","0E-8","0E-8","Contract Price","true","2025-10-17 02:03:02"
"1157365933","2025-10-17 01:35:57","7541633087","TAOUSDT","MARKET","BUY","BOTH","0E-8","379.08165738","29.08200000","29.08200000","11024.45276000","378.97000000","FILLED","web_Ht1FacGSBDwMLWo8L1Fd","GTE_GTC","0E-8","0E-8","Contract Price","true","2025-10-17 02:03:02"
"1157365933","2025-10-17 02:07:30","8389765986034364492","ETHUSDT","LIMIT","SELL","BOTH","3912.81000000","3912.81000000","8.48700000","8.48700000","33208.01847000","0E-8","FILLED","web_usdt_4rmnwa3kvcvxzcsp0iwfdqt","GTC","0E-8","0E-8","Contract Price","false","2025-10-17 02:08:19"
"1157365933","2025-10-17 02:08:36","8389765986035274334","ETHUSDT","STOP_MARKET","BUY","BOTH","0E-8",,"0E-8","0E-8","0E-8","3899.76000000","CANCELED","web_xkDboJg3j4FZkp221r7W","GTE_GTC","0E-8","0E-8","Contract Price","true","2025-10-17 02:10:22"
"1157365933","2025-10-17 02:10:22","8389765986036531225","ETHUSDT","STOP_MARKET","BUY","BOTH","0E-8",,"0E-8","0E-8","0E-8","3900.13000000","CANCELED","web_G3RRxWv518dXYXnVl04a","GTE_GTC","0E-8","0E-8","Contract Price","true","2025-10-17 02:10:36"
"1157365933","2025-10-17 02:10:37","8389765986036752453","ETHUSDT","STOP_MARKET","BUY","BOTH","0E-8",,"0E-8","0E-8","0E-8","3885.50000000","CANCELED","web_m3myDRdVWlT2OhyyStAB","GTE_GTC","0E-8","0E-8","Contract Price","true","2025-10-17 02:27:19"
"1157365933","2025-10-17 02:25:08","8389765986047183217","ETHUSDT","MARKET","BUY","BOTH","0E-8","3903.89000000","6.36500000","6.36500000","24848.25985000","0E-8","FILLED","web_OFkmoVXZxEyxAYjocDRJ","GTC","0E-8","0E-8","Contract Price","false","2025-10-17 02:25:08"
"1157365933","2025-10-17 02:27:19","8389765986048725442","ETHUSDT","STOP_MARKET","BUY","BOTH","0E-8",,"0E-8","0E-8","0E-8","3889.33000000","CANCELED","web_2eejjW5B9xnZdWruD1DI","GTE_GTC","0E-8","0E-8","Contract Price","true","2025-10-17 02:28:21"
"1157365933","2025-10-17 02:28:00","8389765986049224853","ETHUSDT","MARKET","BUY","BOTH","0E-8","3910.60009896","2.12200000","2.12200000","8298.29341000","3910.54000000","FILLED","web_yaHaIlpZ6XG8Dcwvu6fC","GTE_GTC","0E-8","0E-8","Contract Price","true","2025-10-17 02:33:42"
"1157365933","2025-10-17 02:28:21","8389765986049480914","ETHUSDT","STOP_MARKET","BUY","BOTH","0E-8",,"0E-8","0E-8","0E-8","3884.94000000","EXPIRED","web_pvtCBlrjRdkwN1yPSLj4","GTE_GTC","0E-8","0E-8","Contract Price","true","2025-10-17 02:33:42"
"1157365933","2025-10-17 05:59:01","15619201190","TIAUSDT","MARKET","SELL","BOTH","0E-8","1.03020846","17323.00000000","17323.00000000","17846.30120000","0E-8","FILLED","ios_usdt_HoqZQVBORxJX1bi6n4r2","GTC","0E-8","0E-8","Contract Price","false","2025-10-17 05:59:01"
"1157365933","2025-10-17 05:59:18","15619206041","TIAUSDT","STOP_MARKET","BUY","BOTH","0E-8",,"0E-8","0E-8","0E-8","1.02370000","CANCELED","ios_9Z2GgCxJp1AvTC269dfv","GTE_GTC","0E-8","0E-8","markPrice","true","2025-10-17 06:06:41"
"1157365933","2025-10-17 06:03:12","15619251161","TIAUSDT","STOP_MARKET","BUY","BOTH","0E-8",,"0E-8","0E-8","0E-8","1.03920000","EXPIRED","ios_T3wFVwuZ9gEdfBnqFtMI","GTE_GTC","0E-8","0E-8","markPrice","true","2025-10-17 06:23:26"
"1157365933","2025-10-17 06:06:42","15619286433","TIAUSDT","STOP_MARKET","BUY","BOTH","0E-8",,"0E-8","0E-8","0E-8","1.02630000","CANCELED","ios_wBtAdUHnY7p3ClHnbRiG","GTE_GTC","0E-8","0E-8","markPrice","true","2025-10-17 06:12:40"
"1157365933","2025-10-17 06:12:41","15619349101","TIAUSDT","STOP_MARKET","BUY","BOTH","0E-8",,"0E-8","0E-8","0E-8","1.02370000","CANCELED","ios_pJhYqjkcYB0DFrgqGFKD","GTE_GTC","0E-8","0E-8","markPrice","true","2025-10-17 06:22:16"
"1157365933","2025-10-17 06:20:36","15619432795","TIAUSDT","MARKET","BUY","BOTH","0E-8","1.02663904","9181.00000000","9181.00000000","9425.57300000","0E-8","FILLED","ios_BxiGIgSvf9fVcWcOFOea","GTC","0E-8","0E-8","Contract Price","false","2025-10-17 06:20:36"
"1157365933","2025-10-17 06:22:16","15619457975","TIAUSDT","MARKET","BUY","BOTH","0E-8","1.02626840","8142.00000000","8142.00000000","8355.87730000","1.02630000","FILLED","ios_iiTUuAeL3OGQpSiggLlV","GTE_GTC","0E-8","0E-8","markPrice","true","2025-10-17 06:23:26"
"1157365933","2025-10-17 12:55:06","794330361059","BTCUSDT","LIMIT","SELL","BOTH","105346.30000000","105355.70000000","0.21300000","0.21300000","22440.76410000","0E-8","FILLED","web_usdt_9ns2663zquko41e8boqgomx","GTC","0E-8","0E-8","Contract Price","false","2025-10-17 12:55:06"
"1157365933","2025-10-17 12:56:08","794331160596","BTCUSDT","STOP_MARKET","BUY","BOTH","0E-8",,"0E-8","0E-8","0E-8","105039.60000000","CANCELED","web_hQNevEB66ya1FILYH30j","GTE_GTC","0E-8","0E-8","markPrice","true","2025-10-17 12:56:32"
"1157365933","2025-10-17 12:56:32","794331428203","BTCUSDT","STOP_MARKET","BUY","BOTH","0E-8",,"0E-8","0E-8","0E-8","104828.90000000","CANCELED","web_7OnCdxYk14XzXRBexopT","GTE_GTC","0E-8","0E-8","markPrice","true","2025-10-17 12:57:22"
"1157365933","2025-10-17 12:57:22","794331950223","BTCUSDT","STOP_MARKET","BUY","BOTH","0E-8",,"0E-8","0E-8","0E-8","104407.40000000","CANCELED","web_G0fuTmLUrI6sTSzQqs33","GTE_GTC","0E-8","0E-8","markPrice","true","2025-10-17 13:01:03"
"1157365933","2025-10-17 13:01:03","794334146729","BTCUSDT","STOP_MARKET","BUY","BOTH","0E-8",,"0E-8","0E-8","0E-8","103775.30000000","CANCELED","web_8K74O5gUi1OTkK5HFjXY","GTE_GTC","0E-8","0E-8","markPrice","true","2025-10-17 13:14:03"
"1157365933","2025-10-17 13:13:32","794342139386","BTCUSDT","LIMIT","BUY","BOTH","104937.70000000","104937.70000000","0.10600000","0.10600000","11123.39620000","0E-8","FILLED","web_wgZSS3mtZtsXkdYvMK24","GTC","0E-8","0E-8","Contract Price","false","2025-10-17 13:13:43"
"1157365933","2025-10-17 13:14:03","794342555780","BTCUSDT","STOP_MARKET","BUY","BOTH","0E-8",,"0E-8","0E-8","0E-8","104828.90000000","EXPIRED","web_oF7u9jc9ug8WDR1i15xh","GTE_GTC","0E-8","0E-8","markPrice","true","2025-10-17 13:15:13"
"1157365933","2025-10-17 13:15:13","794343532765","BTCUSDT","MARKET","BUY","BOTH","0E-8","104927.80000000","0.10700000","0.10700000","11227.27460000","0E-8","FILLED","web_q2X3nD0yPmmsrPmknyCw","GTC","0E-8","0E-8","Contract Price","false","2025-10-17 13:15:13"
"1157365933","2025-10-18 04:23:16","51199499255","1000PEPEUSDT","LIMIT","SELL","BOTH","0.00666930","0.00666930","5084714.00000000","5084714.00000000","33911.48308020","0E-8","FILLED","ios_usdt_2RWv4vfRcAW8L2AAAOX7","GTC","0E-8","0E-8","Contract Price","false","2025-10-18 04:23:31"
"1157365933","2025-10-18 04:23:41","51199517114","1000PEPEUSDT","STOP_MARKET","BUY","BOTH","0E-8",,"0E-8","0E-8","0E-8","0.00664700","CANCELED","ios_UEy8cZLM29keJ6OJOkzQ","GTE_GTC","0E-8","0E-8","markPrice","true","2025-10-18 04:42:09"
"1157365933","2025-10-18 04:42:09","51200245408","1000PEPEUSDT","MARKET","BUY","BOTH","0E-8","0.00665616","5084714.00000000","5084714.00000000","33844.68597130","0.00665590","FILLED","ios_18ZOkQFtUS2dRSDEPglY","GTE_GTC","0E-8","0E-8","markPrice","true","2025-10-18 04:42:19"
"1157365933","2025-10-18 08:11:23","844354442","ZORAUSDT","MARKET","SELL","BOTH","0E-8","0.09250089","124974.00000000","124974.00000000","11560.20571000","0E-8","FILLED","web_usdt_ocoh8dygbsz733ft03dzedr","GTC","0E-8","0E-8","Contract Price","false","2025-10-18 08:11:23"
"1157365933","2025-10-18 08:11:51","844356750","ZORAUSDT","STOP_MARKET","BUY","BOTH","0E-8",,"0E-8","0E-8","0E-8","0.09194000","CANCELED","web_lbzvi4ModbB4pN0Kf9zM","GTE_GTC","0E-8","0E-8","markPrice","true","2025-10-18 08:25:29"
"1157365933","2025-10-18 08:25:29","844426763","ZORAUSDT","STOP_MARKET","BUY","BOTH","0E-8",,"0E-8","0E-8","0E-8","0.09157000","CANCELED","web_IoosZiKLbBuxwO7e7oso","GTE_GTC","0E-8","0E-8","markPrice","true","2025-10-18 08:26:09"
"1157365933","2025-10-18 08:26:09","844430501","ZORAUSDT","STOP_MARKET","BUY","BOTH","0E-8",,"0E-8","0E-8","0E-8","0.09176000","CANCELED","web_9EAf0GHxpUFfaZUk7Ou9","GTE_GTC","0E-8","0E-8","markPrice","true","2025-10-18 08:26:17"
"1157365933","2025-10-18 08:26:17","844430847","ZORAUSDT","STOP_MARKET","BUY","BOTH","0E-8",,"0E-8","0E-8","0E-8","0.09157000","CANCELED","web_7VuIA6qyXSHUYyQHtOmO","GTE_GTC","0E-8","0E-8","markPrice","true","2025-10-18 08:27:55"
"1157365933","2025-10-18 08:27:55","844435497","ZORAUSDT","STOP_MARKET","BUY","BOTH","0E-8",,"0E-8","0E-8","0E-8","0.09194000","CANCELED","web_CamWFPYwdJX0NONSJ3nE","GTE_GTC","0E-8","0E-8","markPrice","true","2025-10-18 08:31:36"
"1157365933","2025-10-18 08:31:36","844455390","ZORAUSDT","STOP_MARKET","BUY","BOTH","0E-8",,"0E-8","0E-8","0E-8","0.09065000","CANCELED","web_IkEFQvYgYgqrKxiPpOJE","GTE_GTC","0E-8","0E-8","markPrice","true","2025-10-18 08:31:44"
"1157365933","2025-10-18 08:31:45","844456663","ZORAUSDT","STOP_MARKET","BUY","BOTH","0E-8",,"0E-8","0E-8","0E-8","0.09120000","CANCELED","web_4Cwbd3Wiv7ImEJilBkYw","GTE_GTC","0E-8","0E-8","markPrice","true","2025-10-18 08:37:56"
"1157365933","2025-10-18 08:37:57","844494929","ZORAUSDT","MARKET","BUY","BOTH","0E-8","0.09189534","124974.00000000","124974.00000000","11484.52834000","0.09194000","FILLED","web_WvnVFRQx4oz6rnAV9mst","GTE_GTC","0E-8","0E-8","markPrice","true","2025-10-18 08:38:23"
"1157365933","2025-10-18 09:55:03","392822084","XPINUSDT","MARKET","SELL","BOTH","0E-8","0.00298495","1562222.00000000","1562222.00000000","4663.15199990","0E-8","FILLED","web_usdt_i4i0jfx8c06iyxop7j5d7g1","GTC","0E-8","0E-8","Contract Price","false","2025-10-18 09:55:03"
"1157365933","2025-10-18 09:55:15","392832129","XPINUSDT","MARKET","BUY","BOTH","0E-8","0.00293870","1562222.00000000","1562222.00000000","4590.89622840","0.00294010","FILLED","web_XvzFD9sqYFMyZ0G3sS5F","GTE_GTC","0E-8","0E-8","markPrice","true","2025-10-18 10:04:30"
"1157365933","2025-10-18 10:46:06","125839656429","XRPUSDT","MARKET","BUY","BOTH","0E-8","2.36150000","14771.50000000","14771.50000000","34882.89725000","0E-8","FILLED","web_usdt_t2cpw726mmd36i6jb8rgrv3","GTC","0E-8","0E-8","Contract Price","false","2025-10-18 10:46:06"
"1157365933","2025-10-18 10:46:24","125839707843","XRPUSDT","STOP_MARKET","SELL","BOTH","0E-8",,"0E-8","0E-8","0E-8","2.36930000","CANCELED","web_s1ALTBPyRW4J2FqOKZpn","GTE_GTC","0E-8","0E-8","markPrice","true","2025-10-18 11:14:34"
"1157365933","2025-10-18 11:14:34","125843339941","XRPUSDT","STOP_MARKET","SELL","BOTH","0E-8",,"0E-8","0E-8","0E-8","2.36620000","CANCELED","web_hzkU9ErV2fmxyYLVVXUb","GTE_GTC","0E-8","0E-8","markPrice","true","2025-10-18 11:15:28"
"1157365933","2025-10-18 11:15:28","125843453996","XRPUSDT","STOP_MARKET","SELL","BOTH","0E-8",,"0E-8","0E-8","0E-8","2.36770000","CANCELED","web_3wJuQExW6p5ueXL4npc4","GTE_GTC","0E-8","0E-8","markPrice","true","2025-10-18 11:27:40"
"1157365933","2025-10-18 11:27:40","125845012116","XRPUSDT","STOP_MARKET","SELL","BOTH","0E-8",,"0E-8","0E-8","0E-8","2.36540000","CANCELED","web_9zzWKhc2KxMWY0cVuVqM","GTE_GTC","0E-8","0E-8","markPrice","true","2025-10-18 11:28:01"
"1157365933","2025-10-18 11:28:01","125845046883","XRPUSDT","MARKET","SELL","BOTH","0E-8","2.36730000","14771.50000000","14771.50000000","34968.57195000","2.36700000","FILLED","web_MNGcgH2C2PEo7QOuNWBj","GTE_GTC","0E-8","0E-8","markPrice","true","2025-10-18 11:39:19"
"1157365933","2025-10-18 11:33:36","125845673080","XRPUSDT","STOP_MARKET","SELL","BOTH","0E-8",,"0E-8","0E-8","0E-8","2.35200000","EXPIRED","ios_fMdbwXHGqmHCXBhSgL3u","GTE_GTC","0E-8","0E-8","markPrice","true","2025-10-18 11:39:19"
"1157365933","2025-10-18 12:23:17","30461317329","NEARUSDT","MARKET","BUY","BOTH","0E-8","2.16601699","21840.00000000","21840.00000000","47305.81100000","0E-8","FILLED","web_usdt_y7a3ehbsozd5pqv9l8q121p","GTC","0E-8","0E-8","Contract Price","false","2025-10-18 12:23:17"
"1157365933","2025-10-18 12:23:38","30461323040","NEARUSDT","STOP_MARKET","SELL","BOTH","0E-8",,"0E-8","0E-8","0E-8","2.17500000","CANCELED","web_m1qrTqU5pRKsj67Rr6Ak","GTE_GTC","0E-8","0E-8","markPrice","true","2025-10-18 13:29:14"
"1157365933","2025-10-18 12:36:41","30461420719","NEARUSDT","STOP_MARKET","SELL","BOTH","0E-8",,"0E-8","0E-8","0E-8","2.15000000","CANCELED","web_b2dGgggZNv1inmLU3nFG","GTE_GTC","0E-8","0E-8","markPrice","true","2025-10-18 12:37:05"
"1157365933","2025-10-18 12:37:05","30461424324","NEARUSDT","STOP_MARKET","SELL","BOTH","0E-8",,"0E-8","0E-8","0E-8","2.14900000","CANCELED","web_YUMFtj3tK7RCg94TaUiK","GTE_GTC","0E-8","0E-8","markPrice","true","2025-10-18 12:38:30"
"1157365933","2025-10-18 12:38:30","30461433525","NEARUSDT","STOP_MARKET","SELL","BOTH","0E-8",,"0E-8","0E-8","0E-8","2.14700000","CANCELED","web_Od8EfhKX13KycCNlB9h8","GTE_GTC","0E-8","0E-8","markPrice","true","2025-10-18 12:42:00"
"1157365933","2025-10-18 12:42:00","30461456064","NEARUSDT","STOP_MARKET","SELL","BOTH","0E-8",,"0E-8","0E-8","0E-8","2.14500000","CANCELED","web_3Brbg9ekAGvNOJiDNwPz","GTE_GTC","0E-8","0E-8","markPrice","true","2025-10-18 12:55:32"
"1157365933","2025-10-18 12:55:33","30461536712","NEARUSDT","STOP_MARKET","SELL","BOTH","0E-8",,"0E-8","0E-8","0E-8","2.14300000","CANCELED","web_1i2Jx5dkgawDgkxg18sW","GTE_GTC","0E-8","0E-8","markPrice","true","2025-10-18 13:01:14"
"1157365933","2025-10-18 13:01:15","30461570957","NEARUSDT","STOP_MARKET","SELL","BOTH","0E-8",,"0E-8","0E-8","0E-8","2.14100000","CANCELED","web_xSUOM5intRloONRyp38h","GTE_GTC","0E-8","0E-8","markPrice","true","2025-10-18 13:02:06"
"1157365933","2025-10-18 13:02:06","30461578272","NEARUSDT","STOP_MARKET","SELL","BOTH","0E-8",,"0E-8","0E-8","0E-8","2.13800000","CANCELED","web_NHli9LSAl55U0qmblC1h","GTE_GTC","0E-8","0E-8","markPrice","true","2025-10-18 13:04:13"
"1157365933","2025-10-18 13:04:13","30461596948","NEARUSDT","STOP_MARKET","SELL","BOTH","0E-8",,"0E-8","0E-8","0E-8","2.13600000","CANCELED","web_Zl58UsP6IhSf0J4kwQdQ","GTE_GTC","0E-8","0E-8","markPrice","true","2025-10-18 13:04:33"
"1157365933","2025-10-18 13:04:33","30461601413","NEARUSDT","STOP_MARKET","SELL","BOTH","0E-8",,"0E-8","0E-8","0E-8","2.13300000","CANCELED","web_GAd0B4Rdwc8hMzzA8Kf2","GTE_GTC","0E-8","0E-8","markPrice","true","2025-10-18 13:19:25"
"1157365933","2025-10-18 13:19:25","30461702850","NEARUSDT","STOP_MARKET","SELL","BOTH","0E-8",,"0E-8","0E-8","0E-8","2.13100000","CANCELED","web_Cn5EZ5PkeaHqzfNwODe6","GTE_GTC","0E-8","0E-8","markPrice","true","2025-10-18 13:21:09"
"1157365933","2025-10-18 13:21:09","30461718073","NEARUSDT","MARKET","SELL","BOTH","0E-8","2.12647798","21840.00000000","21840.00000000","46442.27900000","2.12800000","FILLED","web_j05SN22Se3qVa4MzuDG5","GTE_GTC","0E-8","0E-8","markPrice","true","2025-10-18 14:08:31"
"1157365933","2025-10-18 13:29:14","30461776268","NEARUSDT","STOP_MARKET","SELL","BOTH","0E-8",,"0E-8","0E-8","0E-8","2.17100000","EXPIRED","web_duVETUwvsQtu92HoMk7L","GTE_GTC","0E-8","0E-8","markPrice","true","2025-10-18 14:08:31"
"1157365933","2025-10-18 22:38:31","159109760844","SOLUSDT","MARKET","BUY","BOTH","0E-8","187.38000000","102.57000000","102.57000000","19219.56660000","0E-8","FILLED","web_usdt_afttg4rds0a3qrd6jeerb6c","GTC","0E-8","0E-8","Contract Price","false","2025-10-18 22:38:31"
"1157365933","2025-10-18 22:39:17","159110038476","SOLUSDT","STOP_MARKET","SELL","BOTH","0E-8",,"0E-8","0E-8","0E-8","188.00000000","EXPIRED","web_HbarHXH9srTphI9bCOGL","GTE_GTC","0E-8","0E-8","markPrice","true","2025-10-18 23:20:25"
"1157365933","2025-10-18 22:41:49","159110926873","SOLUSDT","MARKET","SELL","BOTH","0E-8","186.93000000","102.57000000","102.57000000","19173.41010000","186.90000000","FILLED","web_XOx4q9ZMCzAyXOHul8ZT","GTE_GTC","0E-8","0E-8","markPrice","true","2025-10-18 23:20:25"
"1157365933","2025-10-18 23:36:01","504169476","FHEUSDT","MARKET","SELL","BOTH","0E-8","0.03800939","251692.00000000","251692.00000000","9566.65852000","0E-8","FILLED","web_usdt_mwc2vcnp2p5lvrq4jf1cxnn","GTC","0E-8","0E-8","Contract Price","false","2025-10-18 23:36:01"
"1157365933","2025-10-18 23:36:23","504171881","FHEUSDT","MARKET","BUY","BOTH","0E-8","0.03769780","251692.00000000","251692.00000000","9488.23574000","0.03762000","FILLED","web_UXVS9SCANr1BCR6AHWC1","GTE_GTC","0E-8","0E-8","markPrice","true","2025-10-18 23:36:38"
"1157365933","2025-10-19 11:35:49","1251693471","COAIUSDT","MARKET","SELL","BOTH","0E-8","7.97951269","1221.00000000","1221.00000000","9742.98500000","0E-8","FILLED","web_usdt_yl4sxoe6lhkuevegtzkqz6j","GTC","0E-8","0E-8","Contract Price","false","2025-10-19 11:35:49"
"1157365933","2025-10-19 11:36:49","1251720338","COAIUSDT","STOP_MARKET","BUY","BOTH","0E-8",,"0E-8","0E-8","0E-8","8.05900000","EXPIRED","web_EAkqYxU5NaWxaKq3iAD6","GTE_GTC","0E-8","0E-8","markPrice","true","2025-10-19 11:37:12"
"1157365933","2025-10-19 11:36:49","1251720339","COAIUSDT","STOP_MARKET","BUY","BOTH","0E-8",,"0E-8","0E-8","0E-8","7.89900000","CANCELED","web_lCtPtRng9ZXA6eqwxN6W","GTE_GTC","0E-8","0E-8","markPrice","true","2025-10-19 11:37:09"
"1157365933","2025-10-19 11:37:09","1251728823","COAIUSDT","MARKET","BUY","BOTH","0E-8","7.92040541","1221.00000000","1221.00000000","9670.81500000","7.91500000","FILLED","web_fFzEF9dCgz47oxdukrsb","GTE_GTC","0E-8","0E-8","markPrice","true","2025-10-19 11:37:12"
"1157365933","2025-10-19 12:59:30","661980693","SLERFUSDT","MARKET","SELL","BOTH","0E-8","0.06763273","58505.00000000","58505.00000000","3956.85309000","0E-8","FILLED","web_usdt_mov0p4rvako0rw0r0hj976t","GTC","0E-8","0E-8","Contract Price","false","2025-10-19 12:59:30"
"1157365933","2025-10-19 12:59:50","661982117","SLERFUSDT","STOP_MARKET","BUY","BOTH","0E-8",,"0E-8","0E-8","0E-8","0.06841000","EXPIRED","web_ddXAwyZhUN4INSWfDiQ8","GTE_GTC","0E-8","0E-8","markPrice","true","2025-10-19 13:06:45"
"1157365933","2025-10-19 12:59:56","661982548","SLERFUSDT","STOP_MARKET","BUY","BOTH","0E-8",,"0E-8","0E-8","0E-8","0.06661000","CANCELED","web_apKiTsU72IctJdbaRJty","GTE_GTC","0E-8","0E-8","markPrice","true","2025-10-19 13:01:18"
"1157365933","2025-10-19 13:01:18","661995085","SLERFUSDT","STOP_MARKET","BUY","BOTH","0E-8",,"0E-8","0E-8","0E-8","0.06628000","CANCELED","web_8ncySBJQyZlcEbmJBDV9","GTE_GTC","0E-8","0E-8","markPrice","true","2025-10-19 13:02:03"
"1157365933","2025-10-19 13:02:03","662001427","SLERFUSDT","MARKET","BUY","BOTH","0E-8","0.06575463","58505.00000000","58505.00000000","3846.97448000","0.06661000","FILLED","web_bossTLJZhASAV4s3CJi2","GTE_GTC","0E-8","0E-8","markPrice","true","2025-10-19 13:06:45"
"1157365933","2025-10-20 00:21:06","71854351","LABUSDT","LIMIT","BUY","BOTH","0.21228000","0.21062498","18777.00000000","18777.00000000","3954.90518000","0E-8","FILLED","web_usdt_szo1c4u3fal27vqdh805lqm","GTC","0E-8","0E-8","Contract Price","false","2025-10-20 00:21:06"
"1157365933","2025-10-20 00:21:27","71862389","LABUSDT","STOP_MARKET","SELL","BOTH","0E-8",,"0E-8","0E-8","0E-8","0.20442000","EXPIRED","web_zrhnXY7pZeIkZeIzYnQv","GTE_GTC","0E-8","0E-8","Contract Price","true","2025-10-20 00:24:30"
"1157365933","2025-10-20 00:21:27","71862388","LABUSDT","STOP_MARKET","SELL","BOTH","0E-8",,"0E-8","0E-8","0E-8","0.21378000","CANCELED","web_Fu7FB0RJIgP9VRb4avTY","GTE_GTC","0E-8","0E-8","Contract Price","true","2025-10-20 00:21:37"
"1157365933","2025-10-20 00:21:37","71865246","LABUSDT","STOP_MARKET","SELL","BOTH","0E-8",,"0E-8","0E-8","0E-8","0.21589000","CANCELED","web_4Uk0vHpxmBHXbUoR7PO5","GTE_GTC","0E-8","0E-8","Contract Price","true","2025-10-20 00:23:04"
"1157365933","2025-10-20 00:23:15","71904155","LABUSDT","MARKET","SELL","BOTH","0E-8","0.21465323","18777.00000000","18777.00000000","4030.54374000","0.21483000","FILLED","web_UIr7WXbZGmmOAVE0L5iQ","GTE_GTC","0E-8","0E-8","Contract Price","true","2025-10-20 00:24:30"
"1157365933","2025-10-20 00:55:04","792313671626","ZECUSDT","LIMIT","BUY","BOTH","240.19000000",,"16.92300000","0E-8","0E-8","0E-8","CANCELED","web_usdt_z63swxss6zzu185q4a3u9yw","GTC","0E-8","0E-8","Contract Price","false","2025-10-20 00:55:15"
"1157365933","2025-10-20 06:12:21","21286756964","WIFUSDT","MARKET","BUY","BOTH","0E-8","0.55121168","55857.20000000","55857.20000000","30789.14094000","0E-8","FILLED","web_usdt_sl750ohfn1upydsvf79y01b","GTC","0E-8","0E-8","Contract Price","false","2025-10-20 06:12:21"
"1157365933","2025-10-20 06:12:39","21286759472","WIFUSDT","MARKET","SELL","BOTH","0E-8","0.55224686","55857.20000000","55857.20000000","30846.96348000","0.55230000","FILLED","web_0P5OxwrveLu4Wsr9jErZ","GTE_GTC","0E-8","0E-8","Contract Price","true","2025-10-20 06:15:25"
"1157365933","2025-10-20 06:12:39","21286759473","WIFUSDT","STOP_MARKET","SELL","BOTH","0E-8",,"0E-8","0E-8","0E-8","0.54610000","EXPIRED","web_KbKx4bnDgpGuZtWlvOcF","GTE_GTC","0E-8","0E-8","Contract Price","true","2025-10-20 06:15:25"
"1157365933","2025-10-20 06:32:18","34032240527","AVAXUSDT","MARKET","BUY","BOTH","0E-8","21.03555301","481.00000000","481.00000000","10118.10100000","0E-8","FILLED","web_usdt_e6624gibs1s79ljgyj2mxol","GTC","0E-8","0E-8","Contract Price","false","2025-10-20 06:32:18"
"1157365933","2025-10-20 06:32:33","34032252274","AVAXUSDT","STOP_MARKET","SELL","BOTH","0E-8",,"0E-8","0E-8","0E-8","21.20300000","CANCELED","web_d5J8D5IwJhhfLDiBFIqj","GTE_GTC","0E-8","0E-8","Contract Price","true","2025-10-20 06:34:23"
"1157365933","2025-10-20 06:32:33","34032252277","AVAXUSDT","STOP_MARKET","SELL","BOTH","0E-8",,"0E-8","0E-8","0E-8","20.93600000","CANCELED","web_3XwvuVpaNxxbHpHqmsKP","GTE_GTC","0E-8","0E-8","Contract Price","true","2025-10-20 06:44:16"
"1157365933","2025-10-20 06:34:23","34032313116","AVAXUSDT","STOP_MARKET","SELL","BOTH","0E-8",,"0E-8","0E-8","0E-8","21.33000000","CANCELED","web_FpKihujtKmvSFpIjXDlM","GTE_GTC","0E-8","0E-8","Contract Price","true","2025-10-20 06:44:16"
"1157365933","2025-10-20 06:44:16","34032690309","AVAXUSDT","MARKET","SELL","BOTH","0E-8","21.16976091","481.00000000","481.00000000","10182.65500000","21.17000000","FILLED","web_142yK0iUC0NklNFbMmyj","GTE_GTC","0E-8","0E-8","Contract Price","true","2025-10-20 06:45:13"
"1157365933","2025-10-20 06:44:16","34032690233","AVAXUSDT","STOP_MARKET","SELL","BOTH","0E-8",,"0E-8","0E-8","0E-8","21.41400000","CANCELED","web_cd3WmYIgOEwSvTZc8fyn","GTE_GTC","0E-8","0E-8","Contract Price","true","2025-10-20 06:44:27"
"1157365933","2025-10-20 06:44:27","34032699784","AVAXUSDT","STOP_MARKET","SELL","BOTH","0E-8",,"0E-8","0E-8","0E-8","21.28700000","EXPIRED","web_UIBsUTWf9oGKCkhq3Eej","GTE_GTC","0E-8","0E-8","Contract Price","true","2025-10-20 06:45:13"
"1157365933","2025-10-20 08:05:07","1285500154","COAIUSDT","MARKET","SELL","BOTH","0E-8","4.88956057","2105.00000000","2105.00000000","10292.52500000","0E-8","FILLED","web_usdt_kwctlkj1hau3ig8ovcivhfg","GTC","0E-8","0E-8","Contract Price","false","2025-10-20 08:05:07"
"1157365933","2025-10-20 08:31:24","1286025400","COAIUSDT","STOP_MARKET","BUY","BOTH","0E-8",,"0E-8","0E-8","0E-8","5.08000000","CANCELED","web_3eSCCLkWpCtCEzqBmKy2","GTE_GTC","0E-8","0E-8","Contract Price","true","2025-10-20 08:50:19"
"1157365933","2025-10-20 08:43:45","1286249748","COAIUSDT","STOP_MARKET","BUY","BOTH","0E-8",,"0E-8","0E-8","0E-8","4.84000000","EXPIRED","ios_7IfPxPoFfJUlrX3rco9X","GTE_GTC","0E-8","0E-8","markPrice","true","2025-10-20 08:51:36"
"1157365933","2025-10-20 08:50:19","1286362391","COAIUSDT","MARKET","BUY","BOTH","0E-8","5.04101568","2105.00000000","2105.00000000","10611.33800000","5.03600000","FILLED","ios_uaXk1wX1SLJeEh3Hfkxy","GTE_GTC","0E-8","0E-8","Contract Price","true","2025-10-20 08:51:36"
"1157365933","2025-10-20 10:01:31","80625354","LABUSDT","MARKET","SELL","BOTH","0E-8","0.19072331","50987.00000000","50987.00000000","9724.40920000","0E-8","FILLED","web_usdt_wslr104g48sf4emmuuiyeta","GTC","0E-8","0E-8","Contract Price","false","2025-10-20 10:01:31"
"1157365933","2025-10-20 10:03:06","80634871","LABUSDT","MARKET","BUY","BOTH","0E-8","0.18755000","50987.00000000","50987.00000000","9562.61184000","0.18729000","FILLED","web_fFTOn7fFCiUTn20cCgsi","GTE_GTC","0E-8","0E-8","markPrice","true","2025-10-20 10:24:15"
"1157365933","2025-10-20 10:05:55","80645094","LABUSDT","STOP_MARKET","BUY","BOTH","0E-8",,"0E-8","0E-8","0E-8","0.19263000","EXPIRED","web_M8v1IHTV94ZOl4sj5w6K","GTE_GTC","0E-8","0E-8","markPrice","true","2025-10-20 10:24:15"
"1157365933","2025-10-20 11:39:36","33751562419","SUIUSDT","MARKET","SELL","BOTH","0E-8","2.60511480","7765.00000000","7765.00000000","20228.71640000","0E-8","FILLED","web_usdt_v57da4m2lrp1m2mxzvx9k9s","GTC","0E-8","0E-8","Contract Price","false","2025-10-20 11:39:36"
"1157365933","2025-10-20 11:40:07","33751577649","SUIUSDT","STOP_MARKET","BUY","BOTH","0E-8",,"0E-8","0E-8","0E-8","2.61330000","CANCELED","web_Q9j4u5BuYZ82CygIhkQB","GTE_GTC","0E-8","0E-8","markPrice","true","2025-10-20 11:46:28"
"1157365933","2025-10-20 11:41:13","33751611661","SUIUSDT","STOP_MARKET","BUY","BOTH","0E-8",,"0E-8","0E-8","0E-8","2.58880000","EXPIRED","web_dnMWprVetFS7P47ERaoN","GTE_GTC","0E-8","0E-8","markPrice","true","2025-10-20 11:51:11"
"1157365933","2025-10-20 11:46:28","33751791660","SUIUSDT","MARKET","BUY","BOTH","0E-8","2.61677297","7765.00000000","7765.00000000","20319.24211000","2.61610000","FILLED","web_m3XE8DUWqlLvYTj7Qe0Y","GTE_GTC","0E-8","0E-8","markPrice","true","2025-10-20 11:51:11"
"1157365933","2025-10-20 21:55:04","78902626338","BNBUSDT","MARKET","SELL","BOTH","0E-8","1095.76339833","17.95000000","17.95000000","19668.95300000","0E-8","FILLED","web_usdt_p7m9gwr7g4fl4owcgokw8px","GTC","0E-8","0E-8","Contract Price","false","2025-10-20 21:55:04"
"1157365933","2025-10-20 21:55:47","78902677650","BNBUSDT","STOP_MARKET","BUY","BOTH","0E-8",,"0E-8","0E-8","0E-8","1091.38000000","CANCELED","web_YpNeNMSo80ecAU9W7vqr","GTE_GTC","0E-8","0E-8","markPrice","true","2025-10-20 21:57:29"
"1157365933","2025-10-20 21:56:50","78902713625","BNBUSDT","MARKET","BUY","BOTH","0E-8","1097.49000000","17.95000000","17.95000000","19699.94550000","1096.55000000","FILLED","web_zg8VMU89igZKBznJRbB1","GTE_GTC","0E-8","0E-8","markPrice","true","2025-10-20 22:15:08"
"1157365933","2025-10-20 21:57:29","78902743646","BNBUSDT","STOP_MARKET","BUY","BOTH","0E-8",,"0E-8","0E-8","0E-8","1088.42000000","CANCELED","web_17oyepLRtGrgnj2Z7uCq","GTE_GTC","0E-8","0E-8","markPrice","true","2025-10-20 21:58:42"
"1157365933","2025-10-20 21:58:42","78902804016","BNBUSDT","STOP_MARKET","BUY","BOTH","0E-8",,"0E-8","0E-8","0E-8","1088.13000000","CANCELED","web_n8ManRjuqmPxCElwO8E4","GTE_GTC","0E-8","0E-8","markPrice","true","2025-10-20 21:59:44"
"1157365933","2025-10-20 21:59:44","78902869755","BNBUSDT","STOP_MARKET","BUY","BOTH","0E-8",,"0E-8","0E-8","0E-8","1092.47000000","CANCELED","web_TY4zeKzsYZ4Rs4E0YsnY","GTE_GTC","0E-8","0E-8","markPrice","true","2025-10-20 22:00:58"
"1157365933","2025-10-20 22:00:58","78902958068","BNBUSDT","STOP_MARKET","BUY","BOTH","0E-8",,"0E-8","0E-8","0E-8","1090.28000000","CANCELED","web_USJyPvnfg5fM92Eyn5jD","GTE_GTC","0E-8","0E-8","markPrice","true","2025-10-20 22:02:50"
"1157365933","2025-10-20 22:02:50","78903119336","BNBUSDT","STOP_MARKET","BUY","BOTH","0E-8",,"0E-8","0E-8","0E-8","1091.92000000","CANCELED","web_z0LmoKKU3OImsJf32wsj","GTE_GTC","0E-8","0E-8","markPrice","true","2025-10-20 22:05:19"
"1157365933","2025-10-20 22:05:20","78903320060","BNBUSDT","STOP_MARKET","BUY","BOTH","0E-8",,"0E-8","0E-8","0E-8","1088.09000000","CANCELED","web_ahJe2SfL7aH3Pwdmoayi","GTE_GTC","0E-8","0E-8","markPrice","true","2025-10-20 22:06:21"
"1157365933","2025-10-20 22:06:21","78903403593","BNBUSDT","STOP_MARKET","BUY","BOTH","0E-8",,"0E-8","0E-8","0E-8","1090.83000000","CANCELED","web_hMXQTLBeDX5MhmN40278","GTE_GTC","0E-8","0E-8","markPrice","true","2025-10-20 22:06:34"
"1157365933","2025-10-20 22:06:34","78903419740","BNBUSDT","STOP_MARKET","BUY","BOTH","0E-8",,"0E-8","0E-8","0E-8","1085.90000000","CANCELED","web_OYMuojh7x63WB8q0BvxR","GTE_GTC","0E-8","0E-8","markPrice","true","2025-10-20 22:13:48"
"1157365933","2025-10-20 22:13:48","78903901471","BNBUSDT","STOP_MARKET","BUY","BOTH","0E-8",,"0E-8","0E-8","0E-8","1092.31000000","EXPIRED","web_CDORg32iO2txZS5wBJh9","GTE_GTC","0E-8","0E-8","markPrice","true","2025-10-20 22:15:08"
"1157365933","2025-10-20 23:56:29","4515833347","EIGENUSDT","LIMIT","SELL","BOTH","1.15290000",,"16873.10000000","0E-8","0E-8","0E-8","CANCELED","ios_usdt_kRVjQsbNZMElXkbKUu3n","GTC","0E-8","0E-8","Contract Price","false","2025-10-20 23:56:47"
"1157365933","2025-10-21 02:16:14","2147190804","PUMPUSDT","MARKET","SELL","BOTH","0E-8","0.00381549","5090133.00000000","5090133.00000000","19421.35205000","0E-8","FILLED","ios_usdt_jRI3RRc9iF2wTpDOr97z","GTC","0E-8","0E-8","Contract Price","false","2025-10-21 02:16:14"
"1157365933","2025-10-21 02:16:36","2147194451","PUMPUSDT","STOP_MARKET","BUY","BOTH","0E-8",,"0E-8","0E-8","0E-8","0.00380000","CANCELED","ios_ZvdbE7kwbGXXk3YLvnBr","GTE_GTC","0E-8","0E-8","markPrice","true","2025-10-21 02:17:44"
"1157365933","2025-10-21 02:16:56","2147197603","PUMPUSDT","STOP_MARKET","BUY","BOTH","0E-8",,"0E-8","0E-8","0E-8","0.00382600","EXPIRED","ios_ZEQkVsaOTzCw5Pm0xMEh","GTE_GTC","0E-8","0E-8","Contract Price","true","2025-10-21 02:24:32"
"1157365933","2025-10-21 02:17:44","2147212443","PUMPUSDT","MARKET","BUY","BOTH","0E-8","0.00379734","5090133.00000000","5090133.00000000","19328.96456200","0.00379600","FILLED","ios_qeSaKxVPZtXAvDQ5IT2c","GTE_GTC","0E-8","0E-8","markPrice","true","2025-10-21 02:24:32"
"1157365933","2025-10-21 11:30:43","78963034801","BNBUSDT","MARKET","SELL","BOTH","0E-8","1076.22582454","18.01000000","18.01000000","19382.82710000","0E-8","FILLED","web_usdt_olg7d9tl14ri0a1jwyi1vbh","GTC","0E-8","0E-8","Contract Price","false","2025-10-21 11:30:43"
"1157365933","2025-10-21 11:31:12","78963062676","BNBUSDT","STOP_MARKET","BUY","BOTH","0E-8",,"0E-8","0E-8","0E-8","1071.94000000","CANCELED","web_VVxQqzSzXCpwvakmaMOi","GTE_GTC","0E-8","0E-8","markPrice","true","2025-10-21 11:32:33"
"1157365933","2025-10-21 11:32:33","78963159631","BNBUSDT","STOP_MARKET","BUY","BOTH","0E-8",,"0E-8","0E-8","0E-8","1072.56000000","EXPIRED","web_oxooYLQ77N0086bowEuZ","GTE_GTC","0E-8","0E-8","markPrice","true","2025-10-21 11:34:49"
"1157365933","2025-10-21 11:33:46","78963233219","BNBUSDT","MARKET","BUY","BOTH","0E-8","1078.01000000","18.01000000","18.01000000","19414.96010000","1077.96000000","FILLED","web_qD5em7lvVOwVf6O6acmY","GTE_GTC","0E-8","0E-8","markPrice","true","2025-10-21 11:34:49"
"1157365933","2025-10-21 11:41:09","3017781112","BIOUSDT","MARKET","SELL","BOTH","0E-8","0.08970096","108850.00000000","108850.00000000","9763.95002000","0E-8","FILLED","web_usdt_814y7dzyerc6xnm2zmxwjcx","GTC","0E-8","0E-8","Contract Price","false","2025-10-21 11:41:09"
"1157365933","2025-10-21 11:41:34","3017785968","BIOUSDT","MARKET","BUY","BOTH","0E-8","0.09045738","108850.00000000","108850.00000000","9846.28576000","0.09040000","FILLED","web_zRocLjsQ0AtKgydg3iWQ","GTE_GTC","0E-8","0E-8","markPrice","true","2025-10-21 12:21:54"
"1157365933","2025-10-21 11:41:52","3017788095","BIOUSDT","STOP_MARKET","BUY","BOTH","0E-8",,"0E-8","0E-8","0E-8","0.08842000","EXPIRED","web_TawHDG1lZxvWTDPciVAx","GTE_GTC","0E-8","0E-8","markPrice","true","2025-10-21 12:21:54"
"1157365933","2025-10-21 22:23:26","413481867","FUSDT","MARKET","SELL","BOTH","0E-8","0.01190864","795895.00000000","795895.00000000","9478.02745500","0E-8","FILLED","ios_usdt_PXmi9qZFnHNOFP5wWgh4","GTC","0E-8","0E-8","Contract Price","false","2025-10-21 22:23:26"
"1157365933","2025-10-21 22:24:11","413490086","FUSDT","STOP_MARKET","BUY","BOTH","0E-8",,"0E-8","0E-8","0E-8","0.01178900","CANCELED","ios_0mTVANTezGITJexKzMFG","GTE_GTC","0E-8","0E-8","markPrice","true","2025-10-21 22:26:03"
"1157365933","2025-10-21 22:26:03","413504382","FUSDT","MARKET","BUY","BOTH","0E-8","0.01182029","795895.00000000","795895.00000000","9407.71331200","0.01182000","FILLED","ios_jJ1swSJSTDZctuixJfXG","GTE_GTC","0E-8","0E-8","markPrice","true","2025-10-21 22:26:17"
"1157365933","2025-10-22 00:29:00","1352054700","COAIUSDT","MARKET","BUY","BOTH","0E-8","8.67029369","1093.00000000","1093.00000000","9476.63100000","0E-8","FILLED","web_usdt_zj6a18mump198qljdvd9csf","GTC","0E-8","0E-8","Contract Price","false","2025-10-22 00:29:00"
"1157365933","2025-10-22 00:30:30","1352121512","COAIUSDT","STOP_MARKET","SELL","BOTH","0E-8",,"0E-8","0E-8","0E-8","8.75600000","CANCELED","web_xDEyAmtLCDTTkHdDKNBy","GTE_GTC","0E-8","0E-8","Contract Price","true","2025-10-22 00:31:52"
"1157365933","2025-10-22 00:31:52","1352169294","COAIUSDT","STOP_MARKET","SELL","BOTH","0E-8",,"0E-8","0E-8","0E-8","8.79100000","CANCELED","web_qp4uNNCs1izdKYXBUhqe","GTE_GTC","0E-8","0E-8","Contract Price","true","2025-10-22 00:32:53"
"1157365933","2025-10-22 00:32:53","1352198209","COAIUSDT","STOP_MARKET","SELL","BOTH","0E-8",,"0E-8","0E-8","0E-8","9.01700000","CANCELED","web_Z2j2turWN5MPjV91gS6C","GTE_GTC","0E-8","0E-8","Contract Price","true","2025-10-22 00:33:02"
"1157365933","2025-10-22 00:33:02","1352203314","COAIUSDT","STOP_MARKET","SELL","BOTH","0E-8",,"0E-8","0E-8","0E-8","8.75600000","CANCELED","web_Du4pwjUgvyBN704Lrsg5","GTE_GTC","0E-8","0E-8","Contract Price","true","2025-10-22 00:35:39"
"1157365933","2025-10-22 00:35:39","1352291875","COAIUSDT","STOP_MARKET","SELL","BOTH","0E-8",,"0E-8","0E-8","0E-8","8.79100000","EXPIRED","web_jw5F82lXsYxF4hcwrQft","GTE_GTC","0E-8","0E-8","Contract Price","true","2025-10-22 01:01:34"
"1157365933","2025-10-22 00:46:08","1352623249","COAIUSDT","STOP_MARKET","SELL","BOTH","0E-8",,"0E-8","0E-8","0E-8","8.32300000","CANCELED","web_sREuJooWdfYVdc4N5BZK","GTE_GTC","0E-8","0E-8","Contract Price","true","2025-10-22 00:57:43"
"1157365933","2025-10-22 00:57:43","1352961442","COAIUSDT","MARKET","SELL","BOTH","0E-8","8.40608326","1093.00000000","1093.00000000","9187.84900000","8.41000000","FILLED","web_2JYucUuL9tpl8irIMv8e","GTE_GTC","0E-8","0E-8","Contract Price","true","2025-10-22 01:01:34"
"1157365933","2025-10-22 01:10:38","9237395891","1000FLOKIUSDT","LIMIT","BUY","BOTH","0.07369000","0.07369000","246781.00000000","246781.00000000","18185.29189000","0E-8","FILLED","web_usdt_8ybv162p6zyl1h04hfe2phy","GTC","0E-8","0E-8","Contract Price","false","2025-10-22 01:14:46"
"1157365933","2025-10-22 01:15:32","9237423242","1000FLOKIUSDT","STOP_MARKET","SELL","BOTH","0E-8",,"0E-8","0E-8","0E-8","0.07516000","CANCELED","web_beJP8rmHslKygDQdsnS6","GTE_GTC","0E-8","0E-8","Contract Price","true","2025-10-22 01:20:33"
"1157365933","2025-10-22 01:15:32","9237423243","1000FLOKIUSDT","STOP_MARKET","SELL","BOTH","0E-8",,"0E-8","0E-8","0E-8","0.07293000","CANCELED","web_Yt5Je3NKdniNBa9cexBc","GTE_GTC","0E-8","0E-8","Contract Price","true","2025-10-22 01:16:07"
"1157365933","2025-10-22 01:16:07","9237426892","1000FLOKIUSDT","STOP_MARKET","SELL","BOTH","0E-8",,"0E-8","0E-8","0E-8","0.07319000","CANCELED","web_Juegvaf1s5DScH30zV6y","GTE_GTC","0E-8","0E-8","Contract Price","true","2025-10-22 01:16:22"
"1157365933","2025-10-22 01:16:22","9237428689","1000FLOKIUSDT","STOP_MARKET","SELL","BOTH","0E-8",,"0E-8","0E-8","0E-8","0.07312000","CANCELED","web_vjkinl1lMIuFV6Gcsrco","GTE_GTC","0E-8","0E-8","Contract Price","true","2025-10-22 01:16:57"
"1157365933","2025-10-22 01:16:57","9237434178","1000FLOKIUSDT","STOP_MARKET","SELL","BOTH","0E-8",,"0E-8","0E-8","0E-8","0.07296000","CANCELED","web_BimFq1K8ZrCmIUOmnyaG","GTE_GTC","0E-8","0E-8","Contract Price","true","2025-10-22 01:17:54"
"1157365933","2025-10-22 01:17:54","9237442679","1000FLOKIUSDT","STOP_MARKET","SELL","BOTH","0E-8",,"0E-8","0E-8","0E-8","0.07280000","CANCELED","web_TDNHG0pOWJUUd83bhmhi","GTE_GTC","0E-8","0E-8","Contract Price","true","2025-10-22 01:47:34"
"1157365933","2025-10-22 01:20:33","9237462482","1000FLOKIUSDT","STOP_MARKET","SELL","BOTH","0E-8",,"0E-8","0E-8","0E-8","0.07504000","EXPIRED","web_JsldUMDGsY2w1L8BkPDb","GTE_GTC","0E-8","0E-8","Contract Price","true","2025-10-22 03:09:54"
"1157365933","2025-10-22 01:47:34","9237638161","1000FLOKIUSDT","STOP_MARKET","SELL","BOTH","0E-8",,"0E-8","0E-8","0E-8","0.07332000","CANCELED","web_LhZh5gTGMfFUkFGYxTk4","GTE_GTC","0E-8","0E-8","Contract Price","true","2025-10-22 01:47:54"
"1157365933","2025-10-22 01:47:54","9237639218","1000FLOKIUSDT","MARKET","SELL","BOTH","0E-8","0.07319728","246781.00000000","246781.00000000","18063.69918000","0.07322000","FILLED","web_y2s4jCDYIj0Trd0EaTi5","GTE_GTC","0E-8","0E-8","Contract Price","true","2025-10-22 03:09:54"
"1157365933","2025-10-22 03:18:25","160810976523","SOLUSDT","LIMIT","SELL","BOTH","185.11000000",,"92.66000000","0E-8","0E-8","0E-8","CANCELED","ios_usdt_Zprcvx7b3I0KC0jLcD8F","GTC","0E-8","0E-8","Contract Price","false","2025-10-22 03:21:49"
"1157365933","2025-10-22 03:26:56","1356919563","COAIUSDT","MARKET","BUY","BOTH","0E-8","8.16857920","1048.00000000","1048.00000000","8560.67100000","0E-8","FILLED","ios_usdt_LRqPx686wzzlsigoIDqh","GTC","0E-8","0E-8","Contract Price","false","2025-10-22 03:26:56"
"1157365933","2025-10-22 03:27:21","1356935189","COAIUSDT","STOP_MARKET","SELL","BOTH","0E-8",,"0E-8","0E-8","0E-8","8.28200000","CANCELED","ios_n16YwexNPAzcKBjgzrOQ","GTE_GTC","0E-8","0E-8","markPrice","true","2025-10-22 03:28:18"
"1157365933","2025-10-22 03:28:18","1356961878","COAIUSDT","STOP_MARKET","SELL","BOTH","0E-8",,"0E-8","0E-8","0E-8","8.31500000","EXPIRED","ios_my2UfudR2O2VJwdJxgIA","GTE_GTC","0E-8","0E-8","markPrice","true","2025-10-22 03:34:35"
"1157365933","2025-10-22 03:30:22","1357008368","COAIUSDT","MARKET","SELL","BOTH","0E-8","8.00048282","1048.00000000","1048.00000000","8384.50600000","8.08600000","FILLED","ios_sbTjohRwVi1FKULMcSdm","GTE_GTC","0E-8","0E-8","Contract Price","true","2025-10-22 03:34:35"
"1157365933","2025-10-22 03:43:36","34093693647","AVAXUSDT","MARKET","SELL","BOTH","0E-8","19.37954067","418.00000000","418.00000000","8100.64800000","0E-8","FILLED","ios_usdt_llQ8VID7sQ717FMUodB8","GTC","0E-8","0E-8","Contract Price","false","2025-10-22 03:43:36"
"1157365933","2025-10-22 03:44:02","34093700808","AVAXUSDT","STOP_MARKET","BUY","BOTH","0E-8",,"0E-8","0E-8","0E-8","19.03000000","EXPIRED","ios_ZmOHmjE543Z3BfjSmNBP","GTE_GTC","0E-8","0E-8","markPrice","true","2025-10-22 04:57:11"
"1157365933","2025-10-22 03:44:02","34093700845","AVAXUSDT","MARKET","BUY","BOTH","0E-8","19.57427512","418.00000000","418.00000000","8182.04700000","19.57300000","FILLED","ios_kfL1SDkZ1AXdvC0NHxCo","GTE_GTC","0E-8","0E-8","Contract Price","true","2025-10-22 04:57:11"
"1157365933","2025-10-22 05:41:58","1600905084","ASTERUSDT","MARKET","SELL","BOTH","0E-8","1.04678012","15058.00000000","15058.00000000","15762.41510000","0E-8","FILLED","ios_usdt_rJgLHRrJIWIJvbhMxnXH","GTC","0E-8","0E-8","Contract Price","false","2025-10-22 05:41:58"
"1157365933","2025-10-22 05:42:10","1600908033","ASTERUSDT","STOP_MARKET","BUY","BOTH","0E-8",,"0E-8","0E-8","0E-8","1.04150000","EXPIRED","ios_gmuzDhsyETtgYt8XjEom","GTE_GTC","0E-8","0E-8","markPrice","true","2025-10-22 05:49:18"
"1157365933","2025-10-22 05:48:31","1601029636","ASTERUSDT","MARKET","BUY","BOTH","0E-8","1.05425843","15058.00000000","15058.00000000","15875.02340000","1.05410000","FILLED","ios_7xeahdNCZfmts3wqvaCR","GTE_GTC","0E-8","0E-8","Contract Price","true","2025-10-22 05:49:18"
"1157365933","2025-10-22 08:37:34","7672921962","TAOUSDT","MARKET","SELL","BOTH","0E-8","393.85793236","19.19100000","19.19100000","7558.52758000","0E-8","FILLED","web_usdt_xowaz8gtasc30s48nkekix3","GTC","0E-8","0E-8","Contract Price","false","2025-10-22 08:37:34"
"1157365933","2025-10-22 08:38:09","7672930111","TAOUSDT","STOP_MARKET","BUY","BOTH","0E-8",,"0E-8","0E-8","0E-8","396.25000000","CANCELED","web_vOOjFBkl81X0v9Dce9st","GTE_GTC","0E-8","0E-8","markPrice","true","2025-10-22 09:10:27"
"1157365933","2025-10-22 08:38:40","7672935644","TAOUSDT","STOP_MARKET","BUY","BOTH","0E-8",,"0E-8","0E-8","0E-8","391.05000000","CANCELED","web_TkeCL7G1a2oLvWKHoUNs","GTE_GTC","0E-8","0E-8","markPrice","true","2025-10-22 08:39:37"
"1157365933","2025-10-22 08:39:37","7672952504","TAOUSDT","STOP_MARKET","BUY","BOTH","0E-8",,"0E-8","0E-8","0E-8","388.34000000","CANCELED","web_5V8A2jCn3khkLir6M4si","GTE_GTC","0E-8","0E-8","markPrice","true","2025-10-22 08:39:51"
"1157365933","2025-10-22 08:39:51","7672954688","TAOUSDT","STOP_MARKET","BUY","BOTH","0E-8",,"0E-8","0E-8","0E-8","390.12000000","CANCELED","web_29k1822FckjPufwDteXr","GTE_GTC","0E-8","0E-8","markPrice","true","2025-10-22 08:40:20"
"1157365933","2025-10-22 08:40:20","7672961766","TAOUSDT","STOP_MARKET","BUY","BOTH","0E-8",,"0E-8","0E-8","0E-8","391.10000000","CANCELED","web_hz7Rpbk7felu19WtUrNy","GTE_GTC","0E-8","0E-8","markPrice","true","2025-10-22 08:40:34"
"1157365933","2025-10-22 08:40:34","7672963689","TAOUSDT","STOP_MARKET","BUY","BOTH","0E-8",,"0E-8","0E-8","0E-8","390.70000000","CANCELED","web_gnKEQQ8HRgWRFACMTf7N","GTE_GTC","0E-8","0E-8","markPrice","true","2025-10-22 08:44:43"
"1157365933","2025-10-22 08:44:43","7673011719","TAOUSDT","STOP_MARKET","BUY","BOTH","0E-8",,"0E-8","0E-8","0E-8","391.49000000","CANCELED","web_UqXxq09yJx4KDvqa7eM2","GTE_GTC","0E-8","0E-8","markPrice","true","2025-10-22 08:51:11"
"1157365933","2025-10-22 08:51:11","7673088925","TAOUSDT","STOP_MARKET","BUY","BOTH","0E-8",,"0E-8","0E-8","0E-8","389.91000000","CANCELED","web_ylo5waJCrueIgDupKJQa","GTE_GTC","0E-8","0E-8","markPrice","true","2025-10-22 08:54:20"
"1157365933","2025-10-22 08:54:20","7673135680","TAOUSDT","STOP_MARKET","BUY","BOTH","0E-8",,"0E-8","0E-8","0E-8","390.70000000","CANCELED","web_aaz9SNMZ0bgVqBI8IsAC","GTE_GTC","0E-8","0E-8","markPrice","true","2025-10-22 09:00:41"
"1157365933","2025-10-22 09:00:42","7673193328","TAOUSDT","STOP_MARKET","BUY","BOTH","0E-8",,"0E-8","0E-8","0E-8","390.31000000","CANCELED","web_2vMqjJeDfFosF25Q1EF2","GTE_GTC","0E-8","0E-8","markPrice","true","2025-10-22 09:01:46"
"1157365933","2025-10-22 09:01:46","7673207573","TAOUSDT","STOP_MARKET","BUY","BOTH","0E-8",,"0E-8","0E-8","0E-8","388.34000000","CANCELED","web_MaaQjJ1fdY26vKSwoUXs","GTE_GTC","0E-8","0E-8","markPrice","true","2025-10-22 09:03:40"
"1157365933","2025-10-22 09:03:40","7673226744","TAOUSDT","STOP_MARKET","BUY","BOTH","0E-8",,"0E-8","0E-8","0E-8","389.87000000","CANCELED","web_ByTtdp8pWfOtucW2lqJT","GTE_GTC","0E-8","0E-8","markPrice","true","2025-10-22 09:09:12"
"1157365933","2025-10-22 09:09:12","7673287104","TAOUSDT","STOP_MARKET","BUY","BOTH","0E-8",,"0E-8","0E-8","0E-8","386.76000000","CANCELED","web_16gYUp76GwpbuGb0bEkC","GTE_GTC","0E-8","0E-8","markPrice","true","2025-10-22 09:13:37"
"1157365933","2025-10-22 09:10:27","7673301613","TAOUSDT","STOP_MARKET","BUY","BOTH","0E-8",,"0E-8","0E-8","0E-8","393.85000000","EXPIRED","ios_QGokXsBIr6c892zP2XxF","GTE_GTC","0E-8","0E-8","markPrice","true","2025-10-22 09:16:39"
"1157365933","2025-10-22 09:13:38","7673336946","TAOUSDT","STOP_MARKET","BUY","BOTH","0E-8",,"0E-8","0E-8","0E-8","390.70000000","EXPIRED","ios_ynuv8S3ZSLMLMNVZhXxX","GTE_GTC","0E-8","0E-8","markPrice","true","2025-10-22 09:16:39"
"1157365933","2025-10-22 09:16:39","7673364045","TAOUSDT","MARKET","BUY","BOTH","0E-8","391.46991350","19.19100000","19.19100000","7512.69911000","0E-8","FILLED","ios_BjRxq3vjk6LZ6oIO3FLY","GTC","0E-8","0E-8","Contract Price","false","2025-10-22 09:16:39"
"1157365933","2025-10-22 10:21:46","553375812","XPINUSDT","MARKET","BUY","BOTH","0E-8","0.00528431","576703.00000000","576703.00000000","3047.47458040","0E-8","FILLED","web_usdt_wp6er1n7px8hlyfmctlocye","GTC","0E-8","0E-8","Contract Price","false","2025-10-22 10:21:46"
"1157365933","2025-10-22 10:22:45","553404066","XPINUSDT","MARKET","SELL","BOTH","0E-8","0.00520211","576703.00000000","576703.00000000","3000.07148830","0.00520500","FILLED","web_D1NLM4Td4TwmXJZRwwoD","GTE_GTC","0E-8","0E-8","markPrice","true","2025-10-22 10:41:05"
"1157365933","2025-10-22 10:22:55","553406166","XPINUSDT","STOP_MARKET","SELL","BOTH","0E-8",,"0E-8","0E-8","0E-8","0.00550310","CANCELED","web_HOBgGfppDT17aqZSXwaO","GTE_GTC","0E-8","0E-8","markPrice","true","2025-10-22 10:23:36"
"1157365933","2025-10-22 10:23:36","553420813","XPINUSDT","STOP_MARKET","SELL","BOTH","0E-8",,"0E-8","0E-8","0E-8","0.00549310","EXPIRED","web_8nQG8b8ikgJkdcKUqZpu","GTE_GTC","0E-8","0E-8","markPrice","true","2025-10-22 10:41:05"
"1157365933","2025-10-22 10:42:15","553802708","XPINUSDT","MARKET","SELL","BOTH","0E-8","0.00521530","577632.00000000","577632.00000000","3012.52255450","0E-8","FILLED","web_usdt_o2fiyawi61h2yghie7kyy03","GTC","0E-8","0E-8","Contract Price","false","2025-10-22 10:42:15"
"1157365933","2025-10-22 10:42:46","553811136","XPINUSDT","STOP_MARKET","BUY","BOTH","0E-8",,"0E-8","0E-8","0E-8","0.00527700","CANCELED","web_wVmFlpxAF7rxIFgFbNYt","GTE_GTC","0E-8","0E-8","markPrice","true","2025-10-22 10:49:09"
"1157365933","2025-10-22 10:47:12","553921212","XPINUSDT","STOP_MARKET","BUY","BOTH","0E-8",,"0E-8","0E-8","0E-8","0.00500680","CANCELED","web_o8K2md0A3rpWXIZDTGGn","GTE_GTC","0E-8","0E-8","markPrice","true","2025-10-22 10:48:23"
"1157365933","2025-10-22 10:48:23","553983554","XPINUSDT","STOP_MARKET","BUY","BOTH","0E-8",,"0E-8","0E-8","0E-8","0.00487630","CANCELED","web_ZfR0Nf4cQocEP231bDxr","GTE_GTC","0E-8","0E-8","markPrice","true","2025-10-22 10:48:38"
"1157365933","2025-10-22 10:48:38","553999260","XPINUSDT","STOP_MARKET","BUY","BOTH","0E-8",,"0E-8","0E-8","0E-8","0.00490650","EXPIRED","web_Bw4aplRgHUsshsRAXF0Q","GTE_GTC","0E-8","0E-8","markPrice","true","2025-10-22 10:49:12"
"1157365933","2025-10-22 10:49:10","554024648","XPINUSDT","MARKET","BUY","BOTH","0E-8","0.00507294","577632.00000000","577632.00000000","2930.29209350","0.00505830","FILLED","web_GLWDU6HU5aFqBi9IQTCV","GTE_GTC","0E-8","0E-8","markPrice","true","2025-10-22 10:49:12"
"1157365933","2025-10-22 11:09:35","15895922","BLUAIUSDT","MARKET","SELL","BOTH","0E-8","0.02260598","135844.00000000","135844.00000000","3070.88667000","0E-8","FILLED","web_usdt_5p1ncq8q6wp1lgoeye5ycic","GTC","0E-8","0E-8","Contract Price","false","2025-10-22 11:09:35"
"1157365933","2025-10-22 11:10:06","15899478","BLUAIUSDT","STOP_MARKET","BUY","BOTH","0E-8",,"0E-8","0E-8","0E-8","0.02303000","CANCELED","web_z1sIJ3yfJjIMuXFHcNfs","GTE_GTC","0E-8","0E-8","markPrice","true","2025-10-22 11:12:40"
"1157365933","2025-10-22 11:12:40","15918514","BLUAIUSDT","MARKET","BUY","BOTH","0E-8","0.02324031","135844.00000000","135844.00000000","3157.05724000","0.02317000","FILLED","web_Fveb5WhZnoIpE1acpxuy","GTE_GTC","0E-8","0E-8","markPrice","true","2025-10-22 11:13:21"
"1157365933","2025-10-22 12:04:42","1403968190","AVNTUSDT","MARKET","BUY","BOTH","0E-8","0.62032728","11986.00000000","11986.00000000","7435.24280000","0E-8","FILLED","web_usdt_pzjap8xfyrybwepu3fci3ur","GTC","0E-8","0E-8","Contract Price","false","2025-10-22 12:04:42"
"1157365933","2025-10-22 12:05:02","1403972624","AVNTUSDT","STOP_MARKET","SELL","BOTH","0E-8",,"0E-8","0E-8","0E-8","0.61410000","CANCELED","web_0uJIBz7pJ5Rtp5unuTqv","GTE_GTC","0E-8","0E-8","markPrice","true","2025-10-22 12:06:25"
"1157365933","2025-10-22 12:05:15","1403979104","AVNTUSDT","STOP_MARKET","SELL","BOTH","0E-8",,"0E-8","0E-8","0E-8","0.63510000","CANCELED","web_n9j17SJUBbCT6Ln3KuEz","GTE_GTC","0E-8","0E-8","markPrice","true","2025-10-22 12:05:27"
"1157365933","2025-10-22 12:05:27","1403981327","AVNTUSDT","STOP_MARKET","SELL","BOTH","0E-8",,"0E-8","0E-8","0E-8","0.64650000","CANCELED","web_0HyOcBAA51dsRYczs7SG","GTE_GTC","0E-8","0E-8","markPrice","true","2025-10-22 12:08:23"
"1157365933","2025-10-22 12:06:25","1403995717","AVNTUSDT","STOP_MARKET","SELL","BOTH","0E-8",,"0E-8","0E-8","0E-8","0.61780000","CANCELED","web_MkvRiJYIAJqznSeKkY3x","GTE_GTC","0E-8","0E-8","markPrice","true","2025-10-22 12:09:20"
"1157365933","2025-10-22 12:08:23","1404026524","AVNTUSDT","STOP_MARKET","SELL","BOTH","0E-8",,"0E-8","0E-8","0E-8","0.65750000","CANCELED","web_9qfbn5PVYDnXR6PE5vDh","GTE_GTC","0E-8","0E-8","markPrice","true","2025-10-22 12:08:54"
"1157365933","2025-10-22 12:08:54","1404031349","AVNTUSDT","STOP_MARKET","SELL","BOTH","0E-8",,"0E-8","0E-8","0E-8","0.66000000","EXPIRED","web_hL8jFGsXHV2VYlFDPqPf","GTE_GTC","0E-8","0E-8","markPrice","true","2025-10-22 12:10:57"
"1157365933","2025-10-22 12:09:20","1404038139","AVNTUSDT","STOP_MARKET","SELL","BOTH","0E-8",,"0E-8","0E-8","0E-8","0.62030000","CANCELED","web_gevjUAgnZ1j7FmnJ9dDI","GTE_GTC","0E-8","0E-8","markPrice","true","2025-10-22 12:10:17"
"1157365933","2025-10-22 12:10:17","1404050605","AVNTUSDT","MARKET","SELL","BOTH","0E-8","0.61754466","11986.00000000","11986.00000000","7401.89030000","0.61780000","FILLED","web_biILPOeVrGCvPj8PC0Ph","GTE_GTC","0E-8","0E-8","markPrice","true","2025-10-22 12:10:57"
"1157365933","2025-10-22 12:23:35","792381860449","ZECUSDT","MARKET","BUY","BOTH","0E-8","273.40811021","10.77900000","10.77900000","2947.06602000","0E-8","FILLED","web_usdt_s8n5jjwm2kb8ft0zlqzcno5","GTC","0E-8","0E-8","Contract Price","false","2025-10-22 12:23:35"
"1157365933","2025-10-22 12:24:17","792381872447","ZECUSDT","STOP_MARKET","SELL","BOTH","0E-8",,"0E-8","0E-8","0E-8","269.30000000","CANCELED","web_1k0FwOBXpuSFDHWLxWss","GTE_GTC","0E-8","0E-8","markPrice","true","2025-10-22 12:38:40"
"1157365933","2025-10-22 12:38:40","792382136328","ZECUSDT","STOP_MARKET","SELL","BOTH","0E-8",,"0E-8","0E-8","0E-8","284.85000000","CANCELED","web_erPaldpLRshIwoFII5RT","GTE_GTC","0E-8","0E-8","markPrice","true","2025-10-22 12:43:11"
"1157365933","2025-10-22 12:38:40","792382136356","ZECUSDT","MARKET","SELL","BOTH","0E-8","273.07794601","10.77900000","10.77900000","2943.50718000","273.40000000","FILLED","web_6vOrn6YuaNs9aLCdiW1J","GTE_GTC","0E-8","0E-8","markPrice","true","2025-10-22 13:02:19"
"1157365933","2025-10-22 12:43:11","792382210154","ZECUSDT","STOP_MARKET","SELL","BOTH","0E-8",,"0E-8","0E-8","0E-8","280.44000000","CANCELED","web_eAPSrV3ARJ9nCxMTWBNC","GTE_GTC","0E-8","0E-8","markPrice","true","2025-10-22 12:53:48"
"1157365933","2025-10-22 12:53:48","792382372593","ZECUSDT","STOP_MARKET","SELL","BOTH","0E-8",,"0E-8","0E-8","0E-8","277.24000000","EXPIRED","web_stnCZ7XwO8IvWaD63iB4","GTE_GTC","0E-8","0E-8","markPrice","true","2025-10-22 13:02:19"
"1157365933","2025-10-22 13:06:03","79090576444","BNBUSDT","MARKET","BUY","BOTH","0E-8","1074.75144231","13.52000000","13.52000000","14530.63950000","0E-8","FILLED","web_usdt_82cjbl7m7zb4vaq6ycdx327","GTC","0E-8","0E-8","Contract Price","false","2025-10-22 13:06:03"
"1157365933","2025-10-22 13:09:59","79090881759","BNBUSDT","MARKET","SELL","BOTH","0E-8","1078.43576923","13.52000000","13.52000000","14580.45160000","1078.29000000","FILLED","web_0VvxAawwU6RsKtgSjQhm","GTE_GTC","0E-8","0E-8","markPrice","true","2025-10-22 13:11:27"
"1157365933","2025-10-22 23:17:57","1401596132","COAIUSDT","MARKET","BUY","BOTH","0E-8","13.62201105","543.00000000","543.00000000","7396.75200000","0E-8","FILLED","web_usdt_x1pdzcutrnnviny9mf0yomq","GTC","0E-8","0E-8","Contract Price","false","2025-10-22 23:17:57"
"1157365933","2025-10-22 23:18:45","1401623093","COAIUSDT","MARKET","SELL","BOTH","0E-8","13.71032965","543.00000000","543.00000000","7444.70900000","0E-8","FILLED","web_EwSnrLMONfEG3PIfWdL5","GTC","0E-8","0E-8","Contract Price","false","2025-10-22 23:18:45"
"1157365933","2025-10-22 23:24:31","1401774720","COAIUSDT","MARKET","BUY","BOTH","0E-8","13.72729220","551.00000000","551.00000000","7563.73800000","0E-8","FILLED","web_usdt_1jhypps9wrzmu1e7ci6bmp3","GTC","0E-8","0E-8","Contract Price","false","2025-10-22 23:24:31"
"1157365933","2025-10-22 23:25:03","1401794463","COAIUSDT","MARKET","SELL","BOTH","0E-8","13.81811252","551.00000000","551.00000000","7613.78000000","13.82300000","FILLED","web_NbJBu3ouBNG12lng2FuQ","GTE_GTC","0E-8","0E-8","Contract Price","true","2025-10-22 23:25:17"
"1157365933","2025-10-23 00:42:19","1033829521","AIAUSDT","MARKET","BUY","BOTH","0E-8","1.48020991","10137.00000000","10137.00000000","15004.88790000","0E-8","FILLED","web_usdt_xu1nt89m8za1kp8lz8oqfw5","GTC","0E-8","0E-8","Contract Price","false","2025-10-23 00:42:19"
"1157365933","2025-10-23 00:42:37","1033840237","AIAUSDT","STOP_MARKET","SELL","BOTH","0E-8",,"0E-8","0E-8","0E-8","1.48610000","CANCELED","web_KkyzknMZxC0DiFSb3pd6","GTE_GTC","0E-8","0E-8","Contract Price","true","2025-10-23 00:42:48"
"1157365933","2025-10-23 00:42:48","1033845442","AIAUSDT","STOP_MARKET","SELL","BOTH","0E-8",,"0E-8","0E-8","0E-8","1.48760000","CANCELED","web_DDAhlLNtxIVdrHY1bB7r","GTE_GTC","0E-8","0E-8","Contract Price","true","2025-10-23 00:43:30"
"1157365933","2025-10-23 00:43:30","1033864726","AIAUSDT","STOP_MARKET","SELL","BOTH","0E-8",,"0E-8","0E-8","0E-8","1.49050000","CANCELED","web_ifSVMAppInmLdSM5kY3K","GTE_GTC","0E-8","0E-8","Contract Price","true","2025-10-23 00:43:59"
"1157365933","2025-10-23 00:43:59","1033873558","AIAUSDT","MARKET","SELL","BOTH","0E-8","1.48599388","10137.00000000","10137.00000000","15063.52000000","1.48760000","FILLED","web_yOG2gAia20VPF5ou5vxv","GTE_GTC","0E-8","0E-8","Contract Price","true","2025-10-23 00:45:29"
"1157365933","2025-10-23 01:56:38","7689202052","TAOUSDT","MARKET","SELL","BOTH","0E-8","376.84998452","20.67700000","20.67700000","7792.12713000","0E-8","FILLED","ios_usdt_tcn4TjapcY6aKU7diDrs","GTC","0E-8","0E-8","Contract Price","false","2025-10-23 01:56:38"
"1157365933","2025-10-23 01:56:45","7689202631","TAOUSDT","STOP_MARKET","BUY","BOTH","0E-8",,"20.67700000","0E-8","0E-8","373.83000000","EXPIRED","ios_Uzq9f7xF2uc7cg703HYT","GTE_GTC","0E-8","0E-8","markPrice","true","2025-10-23 02:14:06"
"1157365933","2025-10-23 02:09:15","7689297197","TAOUSDT","MARKET","BUY","BOTH","0E-8","379.17275233","20.67700000","20.67700000","7840.15500000","379.11000000","FILLED","ios_6npcPDVO3UWoTYJDu4ZG","GTE_GTC","0E-8","0E-8","markPrice","true","2025-10-23 02:14:06"
"1157365933","2025-10-23 02:09:25","7689298583","TAOUSDT","STOP_MARKET","BUY","BOTH","0E-8",,"0E-8","0E-8","0E-8","373.08000000","EXPIRED","ios_ua3or3a0O6nJvXZS2NkE","GTE_GTC","0E-8","0E-8","markPrice","true","2025-10-23 02:14:06"
"1157365933","2025-10-23 02:42:21","110948728","RVVUSDT","MARKET","SELL","BOTH","0E-8","0.01061204","575889.00000000","575889.00000000","6111.35592800","0E-8","FILLED","ios_usdt_GWn9fhhKnSsoFrHh1ijB","GTC","0E-8","0E-8","Contract Price","false","2025-10-23 02:42:21"
"1157365933","2025-10-23 02:42:34","110951490","RVVUSDT","MARKET","BUY","BOTH","0E-8","0.01051680","575889.00000000","575889.00000000","6056.50984900","0.01047900","FILLED","ios_6fAJf3PlwHndvt51Xesk","GTE_GTC","0E-8","0E-8","markPrice","true","2025-10-23 02:49:11"
"1157365933","2025-10-23 02:42:44","110953869","RVVUSDT","STOP_MARKET","BUY","BOTH","0E-8",,"0E-8","0E-8","0E-8","0.01069100","CANCELED","ios_gWlWybIacEGor7WSioqX","GTE_GTC","0E-8","0E-8","markPrice","true","2025-10-23 02:42:54"
"1157365933","2025-10-23 02:42:54","110954610","RVVUSDT","STOP_MARKET","BUY","BOTH","0E-8",,"0E-8","0E-8","0E-8","0.01074400","EXPIRED","ios_2jGdPzZVf2NnFnhrp5qc","GTE_GTC","0E-8","0E-8","markPrice","true","2025-10-23 02:49:11"
"1157365933","2025-10-23 04:33:29","1044568575","AIAUSDT","MARKET","BUY","BOTH","0E-8","1.74449195","7934.00000000","7934.00000000","13840.79910000","0E-8","FILLED","web_usdt_vp1t67ljl6rbac3c0b41vir","GTC","0E-8","0E-8","Contract Price","false","2025-10-23 04:33:29"
"1157365933","2025-10-23 04:33:43","1044603700","AIAUSDT","MARKET","SELL","BOTH","0E-8","1.75976022","7934.00000000","7934.00000000","13961.93760000","1.76190000","FILLED","web_GsuevVtdVy47LnCA9Qb2","GTE_GTC","0E-8","0E-8","Contract Price","true","2025-10-23 04:33:53"
"1157365933","2025-10-23 05:11:50","449524684","EVAAUSDT","MARKET","BUY","BOTH","0E-8","7.76113996","1125.20000000","1125.20000000","8732.83468000","0E-8","FILLED","web_usdt_6a52am71c9bbqp5zzdhyp30","GTC","0E-8","0E-8","Contract Price","false","2025-10-23 05:11:50"
"1157365933","2025-10-23 05:12:09","449554410","EVAAUSDT","MARKET","SELL","BOTH","0E-8","7.82192970","1125.20000000","1125.20000000","8801.23530000","7.82580000","FILLED","web_Iv2IE7oK9fs7H7kr2zhZ","GTE_GTC","0E-8","0E-8","Contract Price","true","2025-10-23 05:13:46"
"1157365933","2025-10-23 10:00:05","22964626057","AAVEUSDT","MARKET","BUY","BOTH","0E-8","221.93459422","72.70000000","72.70000000","16134.64500000","0E-8","FILLED","ios_usdt_kbiFmyi7cA0kBa4HQAFG","GTC","0E-8","0E-8","Contract Price","false","2025-10-23 10:00:05"
"1157365933","2025-10-23 10:00:12","22964627965","AAVEUSDT","STOP_MARKET","SELL","BOTH","0E-8",,"0E-8","0E-8","0E-8","223.04000000","CANCELED","ios_CSNiihhjUtJKockgtFi9","GTE_GTC","0E-8","0E-8","markPrice","true","2025-10-23 10:00:42"
"1157365933","2025-10-23 10:00:42","22964633779","AAVEUSDT","STOP_MARKET","SELL","BOTH","0E-8",,"0E-8","0E-8","0E-8","222.82000000","CANCELED","ios_vcgo4iBj9NYqfOzCexW2","GTE_GTC","0E-8","0E-8","markPrice","true","2025-10-23 10:01:08"
"1157365933","2025-10-23 10:01:08","22964637405","AAVEUSDT","STOP_MARKET","SELL","BOTH","0E-8",,"0E-8","0E-8","0E-8","223.04000000","EXPIRED","ios_8y8c8wbRw4ywDqTNGxBF","GTE_GTC","0E-8","0E-8","markPrice","true","2025-10-23 10:12:17"
"1157365933","2025-10-23 10:12:09","22964729471","AAVEUSDT","MARKET","SELL","BOTH","0E-8","222.68167862","69.70000000","69.70000000","15520.91300000","0E-8","FILLED","ios_Oi0RJcbCDuEphupIf5AL","GTC","0E-8","0E-8","Contract Price","false","2025-10-23 10:12:09"
"1157365933","2025-10-23 10:12:17","22964731370","AAVEUSDT","MARKET","SELL","BOTH","0E-8","222.74000000","3.00000000","3.00000000","668.22000000","0E-8","FILLED","ios_LhfKK0FoKNyOvO6GyVyX","GTC","0E-8","0E-8","Contract Price","false","2025-10-23 10:12:17"
"1157365933","2025-10-23 12:25:26","12069507122","ENAUSDT","MARKET","SELL","BOTH","0E-8","0.46611723","35554.00000000","35554.00000000","16572.33190000","0E-8","FILLED","web_usdt_knbyuxoxv93342282xtrmr0","GTC","0E-8","0E-8","Contract Price","false","2025-10-23 12:25:26"
"1157365933","2025-10-23 12:25:44","12069514736","ENAUSDT","STOP_MARKET","BUY","BOTH","0E-8",,"0E-8","0E-8","0E-8","0.46370000","CANCELED","web_vboyc7BYKjeVRWQXwCVd","GTE_GTC","0E-8","0E-8","markPrice","true","2025-10-23 12:26:01"
"1157365933","2025-10-23 12:26:01","12069520157","ENAUSDT","STOP_MARKET","BUY","BOTH","0E-8",,"0E-8","0E-8","0E-8","0.46470000","CANCELED","web_VY3h9N85bnP7cqlO0vbQ","GTE_GTC","0E-8","0E-8","markPrice","true","2025-10-23 12:26:21"
"1157365933","2025-10-23 12:26:21","12069526075","ENAUSDT","STOP_MARKET","BUY","BOTH","0E-8",,"0E-8","0E-8","0E-8","0.46370000","CANCELED","web_XGgsVlMbMZRJ7IsSgbwI","GTE_GTC","0E-8","0E-8","markPrice","true","2025-10-23 12:27:29"
"1157365933","2025-10-23 12:27:29","12069546563","ENAUSDT","STOP_MARKET","BUY","BOTH","0E-8",,"0E-8","0E-8","0E-8","0.46420000","CANCELED","web_eUPvMHhOshRolzo33Vjc","GTE_GTC","0E-8","0E-8","markPrice","true","2025-10-23 12:30:02"
"1157365933","2025-10-23 12:30:02","12069591548","ENAUSDT","STOP_MARKET","BUY","BOTH","0E-8",,"0E-8","0E-8","0E-8","0.46440000","CANCELED","web_vhuLjxIICuKVo0k8EVvo","GTE_GTC","0E-8","0E-8","markPrice","true","2025-10-23 12:31:16"
"1157365933","2025-10-23 12:30:45","12069600102","ENAUSDT","STOP_MARKET","BUY","BOTH","0E-8",,"0E-8","0E-8","0E-8","0.46750000","EXPIRED","web_hBkUvpddcUtTGH3QZbjO","GTE_GTC","0E-8","0E-8","markPrice","true","2025-10-23 12:36:38"
"1157365933","2025-10-23 12:31:16","12069608786","ENAUSDT","STOP_MARKET","BUY","BOTH","0E-8",,"0E-8","0E-8","0E-8","0.46400000","EXPIRED","web_2kaIgPsDmOjJRWPxcvES","GTE_GTC","0E-8","0E-8","markPrice","true","2025-10-23 12:36:38"
"1157365933","2025-10-23 12:36:38","12069701901","ENAUSDT","MARKET","BUY","BOTH","0E-8","0.46460000","35554.00000000","35554.00000000","16518.38840000","0E-8","FILLED","web_G6uiRtJ0w1OLnIkUo5Om","GTC","0E-8","0E-8","Contract Price","false","2025-10-23 12:36:38"
"1157365933","2025-10-23 13:45:18","34135322475","AVAXUSDT","STOP_MARKET","SELL","BOTH","0E-8",,"419.00000000","0E-8","0E-8","19.78500000","EXPIRED","web_st_ApIPhB1TBCNXkpi","GTE_GTC","0E-8","0E-8","markPrice","true","2025-10-23 13:49:46"
"1157365933","2025-10-23 13:45:18","34135322459","AVAXUSDT","MARKET","BUY","BOTH","0E-8","19.40000000","419.00000000","419.00000000","8128.60000000","0E-8","FILLED","web_usdt_st_er5jq10218dvty5lue9e","GTC","0E-8","0E-8","Contract Price","false","2025-10-23 13:45:18"
"1157365933","2025-10-23 13:45:18","34135322476","AVAXUSDT","STOP_MARKET","SELL","BOTH","0E-8",,"419.00000000","0E-8","0E-8","19.20400000","EXPIRED","web_st_bPehhYrVqOLrzsQ","GTE_GTC","0E-8","0E-8","markPrice","true","2025-10-23 13:49:46"
"1157365933","2025-10-23 13:45:59","34135337827","AVAXUSDT","STOP_MARKET","SELL","BOTH","0E-8",,"0E-8","0E-8","0E-8","19.44400000","CANCELED","web_pLw2X8tYhX3frDZGlCnO","GTE_GTC","0E-8","0E-8","markPrice","true","2025-10-23 13:46:48"
"1157365933","2025-10-23 13:46:48","34135353615","AVAXUSDT","STOP_MARKET","SELL","BOTH","0E-8",,"0E-8","0E-8","0E-8","19.28300000","EXPIRED","web_0jqPHxBhxqOmYY1G1Voy","GTE_GTC","0E-8","0E-8","markPrice","true","2025-10-23 13:49:46"
"1157365933","2025-10-23 13:46:48","34135353637","AVAXUSDT","STOP_MARKET","SELL","BOTH","0E-8",,"0E-8","0E-8","0E-8","19.51600000","CANCELED","web_BNuuRl8MYSOpIMpKYtfh","GTE_GTC","0E-8","0E-8","markPrice","true","2025-10-23 13:49:06"
"1157365933","2025-10-23 13:49:06","34135411547","AVAXUSDT","STOP_MARKET","SELL","BOTH","0E-8",,"0E-8","0E-8","0E-8","19.56700000","CANCELED","web_0NXmLJalDseycmrrMpGD","GTE_GTC","0E-8","0E-8","markPrice","true","2025-10-23 13:49:45"
"1157365933","2025-10-23 13:49:45","34135423904","AVAXUSDT","MARKET","SELL","BOTH","0E-8","19.43901432","419.00000000","419.00000000","8144.94700000","19.43800000","FILLED","web_inEuvfA8yCKFZF5kcHUY","GTE_GTC","0E-8","0E-8","markPrice","true","2025-10-23 13:49:46"
"1157365933","2025-10-23 23:14:24","493307854","EVAAUSDT","MARKET","SELL","BOTH","0E-8","6.90161875","1457.30000000","1457.30000000","10057.72900000","0E-8","FILLED","ios_usdt_VmI7QCctJeYIkUdiBrs9","GTC","0E-8","0E-8","Contract Price","false","2025-10-23 23:14:24"
"1157365933","2025-10-23 23:14:34","493316243","EVAAUSDT","STOP_MARKET","BUY","BOTH","0E-8",,"1457.30000000","0E-8","0E-8","6.84410000","EXPIRED","ios_pd0kNF5Oa6RJi0SURaGg","GTE_GTC","0E-8","0E-8","markPrice","true","2025-10-23 23:15:51"
"1157365933","2025-10-23 23:15:08","493340095","EVAAUSDT","STOP_MARKET","BUY","BOTH","0E-8",,"0E-8","0E-8","0E-8","6.84410000","EXPIRED","ios_ppC6PopSsovrD4unYe20","GTE_GTC","0E-8","0E-8","markPrice","true","2025-10-23 23:15:51"
"1157365933","2025-10-23 23:15:08","493340094","EVAAUSDT","MARKET","BUY","BOTH","0E-8","6.95852166","1457.30000000","1457.30000000","10140.65361000","6.93610000","FILLED","ios_LdpmdM0ahJP8uK9jNXfp","GTE_GTC","0E-8","0E-8","markPrice","true","2025-10-23 23:15:51"
"1157365933","2025-10-23 23:23:24","493702776","EVAAUSDT","MARKET","BUY","BOTH","0E-8","6.98860053","1349.10000000","1349.10000000","9428.32098000","0E-8","FILLED","ios_usdt_isGYCpChLjorPS9NGn9V","GTC","0E-8","0E-8","Contract Price","false","2025-10-23 23:23:24"
"1157365933","2025-10-23 23:23:39","493717945","EVAAUSDT","STOP_MARKET","SELL","BOTH","0E-8",,"0E-8","0E-8","0E-8","6.95360000","EXPIRED","ios_pRlLgeP13gciWLOFO2MG","GTE_GTC","0E-8","0E-8","markPrice","true","2025-10-23 23:25:17"
"1157365933","2025-10-23 23:23:39","493717943","EVAAUSDT","STOP_MARKET","SELL","BOTH","0E-8",,"0E-8","0E-8","0E-8","7.10500000","CANCELED","ios_NK3xKrTkYLPTJiJf5DYC","GTE_GTC","0E-8","0E-8","markPrice","true","2025-10-23 23:23:57"
"1157365933","2025-10-23 23:23:57","493734077","EVAAUSDT","MARKET","SELL","BOTH","0E-8","7.07535427","1349.10000000","1349.10000000","9545.36044000","7.05840000","FILLED","ios_vhmOw1SXcrIh22Nz8Ohw","GTE_GTC","0E-8","0E-8","markPrice","true","2025-10-23 23:25:17"
"1157365933","2025-10-23 23:46:03","1942592735","WLFIUSDT","MARKET","SELL","BOTH","0E-8","0.14100000","59831.00000000","59831.00000000","8436.17100000","0E-8","FILLED","ios_usdt_EiyNTvX093pFdVputbF2","GTC","0E-8","0E-8","Contract Price","false","2025-10-23 23:46:03"
"1157365933","2025-10-23 23:46:15","1942595059","WLFIUSDT","STOP_MARKET","BUY","BOTH","0E-8",,"0E-8","0E-8","0E-8","0.13950000","EXPIRED","ios_woethOYTqPL0z6MVpxlo","GTE_GTC","0E-8","0E-8","markPrice","true","2025-10-23 23:55:17"
"1157365933","2025-10-23 23:46:15","1942595058","WLFIUSDT","STOP_MARKET","BUY","BOTH","0E-8",,"0E-8","0E-8","0E-8","0.14180000","CANCELED","ios_yeRseyYaANvpP1C9Whal","GTE_GTC","0E-8","0E-8","markPrice","true","2025-10-23 23:48:25"
"1157365933","2025-10-23 23:48:25","1942615050","WLFIUSDT","MARKET","BUY","BOTH","0E-8","0.14210284","59831.00000000","59831.00000000","8502.15530000","0.14210000","FILLED","ios_Z6phbykZGkZr9HPa6f6U","GTE_GTC","0E-8","0E-8","markPrice","true","2025-10-23 23:55:17"
"1157365933","2025-10-23 23:58:21","1942720171","WLFIUSDT","MARKET","BUY","BOTH","0E-8","0.14180000","57602.00000000","57602.00000000","8167.96360000","0E-8","FILLED","ios_usdt_mMr2lbtDMDw0kge0y4KX","GTC","0E-8","0E-8","Contract Price","false","2025-10-23 23:58:21"
"1157365933","2025-10-23 23:58:33","1942721765","WLFIUSDT","STOP_MARKET","SELL","BOTH","0E-8",,"0E-8","0E-8","0E-8","0.14460000","CANCELED","ios_Z24COetKBd1hw7FxEnjl","GTE_GTC","0E-8","0E-8","markPrice","true","2025-10-24 00:19:23"
"1157365933","2025-10-23 23:58:33","1942721764","WLFIUSDT","STOP_MARKET","SELL","BOTH","0E-8",,"0E-8","0E-8","0E-8","0.14090000","CANCELED","ios_Wpe6Suxz4O2zeLrc1uCP","GTE_GTC","0E-8","0E-8","markPrice","true","2025-10-24 00:00:48"
"1157365933","2025-10-24 00:00:48","1942743997","WLFIUSDT","STOP_MARKET","SELL","BOTH","0E-8",,"0E-8","0E-8","0E-8","0.14030000","CANCELED","ios_RseaAWeHxsm6cQeGzHwx","GTE_GTC","0E-8","0E-8","markPrice","true","2025-10-24 00:19:23"
"1157365933","2025-10-24 00:19:23","1942930642","WLFIUSDT","STOP_MARKET","SELL","BOTH","0E-8",,"0E-8","0E-8","0E-8","0.14430000","CANCELED","web_aYIOeXjFXzGTLDPA9wlv","GTE_GTC","0E-8","0E-8","markPrice","true","2025-10-24 00:20:57"
"1157365933","2025-10-24 00:19:23","1942930643","WLFIUSDT","STOP_MARKET","SELL","BOTH","0E-8",,"0E-8","0E-8","0E-8","0.14030000","CANCELED","web_En5vNPl9bPEmeZhmMLgI","GTE_GTC","0E-8","0E-8","markPrice","true","2025-10-24 00:54:19"
"1157365933","2025-10-24 00:20:57","1942947671","WLFIUSDT","STOP_MARKET","SELL","BOTH","0E-8",,"0E-8","0E-8","0E-8","0.14400000","EXPIRED","web_XmnFTDn46ITMPiDhRnqZ","GTE_GTC","0E-8","0E-8","markPrice","true","2025-10-24 01:23:05"
"1157365933","2025-10-24 00:54:19","1943277551","WLFIUSDT","STOP_MARKET","SELL","BOTH","0E-8",,"0E-8","0E-8","0E-8","0.14090000","CANCELED","web_npCuDpqFa4rtKwmiELtj","GTE_GTC","0E-8","0E-8","markPrice","true","2025-10-24 01:09:26"
"1157365933","2025-10-24 01:09:27","1943400606","WLFIUSDT","STOP_MARKET","SELL","BOTH","0E-8",,"0E-8","0E-8","0E-8","0.14060000","CANCELED","web_lhuh7HBpPt3tGmuxyDvN","GTE_GTC","0E-8","0E-8","markPrice","true","2025-10-24 01:15:21"
"1157365933","2025-10-24 01:15:21","1943445161","WLFIUSDT","MARKET","SELL","BOTH","0E-8","0.13990000","57602.00000000","57602.00000000","8058.51980000","0.14030000","FILLED","web_GSFvF3eNSYeBpzbwm5ux","GTE_GTC","0E-8","0E-8","markPrice","true","2025-10-24 01:23:05"
"1157365933","2025-10-24 01:25:14","410535506","4USDT","MARKET","BUY","BOTH","0E-8","0.15165526","82334.00000000","82334.00000000","12486.38442000","0E-8","FILLED","web_usdt_ex6g7m6sgwlajqms93k1zb7","GTC","0E-8","0E-8","Contract Price","false","2025-10-24 01:25:14"
"1157365933","2025-10-24 01:25:36","410544524","4USDT","STOP_MARKET","SELL","BOTH","0E-8",,"0E-8","0E-8","0E-8","0.15262000","CANCELED","web_eAh31E6T4Mlg5v6rjm8K","GTE_GTC","0E-8","0E-8","Contract Price","true","2025-10-24 01:27:39"
"1157365933","2025-10-24 01:27:39","410595429","4USDT","STOP_MARKET","SELL","BOTH","0E-8",,"0E-8","0E-8","0E-8","0.15330000","CANCELED","web_G3K5eiLLtuLmdDX3sDMS","GTE_GTC","0E-8","0E-8","Contract Price","true","2025-10-24 01:29:14"
"1157365933","2025-10-24 01:29:14","410635594","4USDT","STOP_MARKET","SELL","BOTH","0E-8",,"0E-8","0E-8","0E-8","0.15441000","EXPIRED","web_9hpilYfnuUahU3x171l3","GTE_GTC","0E-8","0E-8","Contract Price","true","2025-10-24 01:29:40"
"1157365933","2025-10-24 01:29:14","410635581","4USDT","MARKET","SELL","BOTH","0E-8","0.14841267","82334.00000000","82334.00000000","12219.40891000","0.14854000","FILLED","web_32IFX3eSY6BMY9pIOTpV","GTE_GTC","0E-8","0E-8","Contract Price","true","2025-10-24 01:29:40"
"1157365933","2025-10-24 05:19:36","51546724323","1000PEPEUSDT","MARKET","BUY","BOTH","0E-8","0.00709173","2994265.00000000","2994265.00000000","21234.53194070","0E-8","FILLED","web_usdt_d6x3rd3q185bvoqbwb45y6o","GTC","0E-8","0E-8","Contract Price","false","2025-10-24 05:19:36"
"1157365933","2025-10-24 05:19:54","51546733625","1000PEPEUSDT","MARKET","SELL","BOTH","0E-8","0.00707317","2994265.00000000","2994265.00000000","21178.93638460","0.00707470","FILLED","web_pFTzKttQK8isp87zIdvN","GTE_GTC","0E-8","0E-8","Contract Price","true","2025-10-24 05:22:25"
"1157365933","2025-10-24 05:21:20","51546793565","1000PEPEUSDT","STOP_MARKET","SELL","BOTH","0E-8",,"0E-8","0E-8","0E-8","0.00710920","EXPIRED","web_Wsh9M7kbTHbVfNboucjn","GTE_GTC","0E-8","0E-8","Contract Price","true","2025-10-24 05:22:25"
"1157365933","2025-10-24 05:27:26","51547042537","1000PEPEUSDT","MARKET","BUY","BOTH","0E-8","0.00708054","5862029.00000000","5862029.00000000","41506.33570810","0E-8","FILLED","web_usdt_txr81zn5i8av2klux2oct24","GTC","0E-8","0E-8","Contract Price","false","2025-10-24 05:27:26"
"1157365933","2025-10-24 05:34:33","51547326902","1000PEPEUSDT","STOP_MARKET","SELL","BOTH","0E-8",,"0E-8","0E-8","0E-8","0.00709940","CANCELED","web_FGYQXHwWCu0QBpa90xyO","GTE_GTC","0E-8","0E-8","Contract Price","true","2025-10-24 05:35:20"
"1157365933","2025-10-24 05:35:20","51547357707","1000PEPEUSDT","STOP_MARKET","SELL","BOTH","0E-8",,"0E-8","0E-8","0E-8","0.00712300","CANCELED","web_vScguOgwjqdSshQqMc8C","GTE_GTC","0E-8","0E-8","Contract Price","true","2025-10-24 05:36:31"
"1157365933","2025-10-24 05:36:31","51547395321","1000PEPEUSDT","MARKET","SELL","BOTH","0E-8","0.00710137","5862029.00000000","5862029.00000000","41628.44821330","0.00710170","FILLED","web_8PybkbIn4mf0qCl2Gkp8","GTE_GTC","0E-8","0E-8","Contract Price","true","2025-10-24 05:36:37"
"1157365933","2025-10-24 05:42:30","21357221106","WIFUSDT","MARKET","BUY","BOTH","0E-8","0.53206443","59498.60000000","59498.60000000","31657.08869000","0E-8","FILLED","web_usdt_yojydwgxpwrr3gzq12rn6sp","GTC","0E-8","0E-8","Contract Price","false","2025-10-24 05:42:30"
"1157365933","2025-10-24 05:43:19","21357230780","WIFUSDT","STOP_MARKET","SELL","BOTH","0E-8",,"0E-8","0E-8","0E-8","0.53360000","CANCELED","web_5osgv4qWh3qENe4PSF9k","GTE_GTC","0E-8","0E-8","Contract Price","true","2025-10-24 05:45:47"
"1157365933","2025-10-24 05:45:48","21357256695","WIFUSDT","MARKET","SELL","BOTH","0E-8","0.53320000","59498.60000000","59498.60000000","31724.65352000","0.53330000","FILLED","web_oIcICkLCdnVO69YXXcWe","GTE_GTC","0E-8","0E-8","Contract Price","true","2025-10-24 05:47:44"
"1157365933","2025-10-24 06:27:34","1473032876","COAIUSDT","MARKET","BUY","BOTH","0E-8","17.76244698","613.00000000","613.00000000","10888.38000000","0E-8","FILLED","web_usdt_xl8rabp0a5fdnrzb5ipoo20","GTC","0E-8","0E-8","Contract Price","false","2025-10-24 06:27:34"
"1157365933","2025-10-24 06:27:56","1473054497","COAIUSDT","MARKET","SELL","BOTH","0E-8","17.89351223","613.00000000","613.00000000","10968.72300000","17.94000000","FILLED","web_oTqOPAwtOE8TRzL52I29","GTE_GTC","0E-8","0E-8","Contract Price","true","2025-10-24 06:28:32"
"1157365933","2025-10-24 07:01:23","510919004","EVAAUSDT","MARKET","BUY","BOTH","0E-8","7.55775088","1756.00000000","1756.00000000","13271.41055000","0E-8","FILLED","web_usdt_1k5cv0xbqer0my5a9lwbemg","GTC","0E-8","0E-8","Contract Price","false","2025-10-24 07:01:23"
"1157365933","2025-10-24 07:01:59","510956665","EVAAUSDT","STOP_MARKET","SELL","BOTH","0E-8",,"0E-8","0E-8","0E-8","7.62070000","CANCELED","web_CvImqUZ6HkDFwR04Yo0g","GTE_GTC","0E-8","0E-8","Contract Price","true","2025-10-24 07:02:46"
"1157365933","2025-10-24 07:02:46","510996363","EVAAUSDT","MARKET","SELL","BOTH","0E-8","7.58945828","1756.00000000","1756.00000000","13327.08874000","7.60180000","FILLED","web_wr3Z1fncSocsWSxp5wMT","GTE_GTC","0E-8","0E-8","Contract Price","true","2025-10-24 07:02:56"
"1157365933","2025-10-24 07:20:17","586273161","BASUSDT","MARKET","SELL","BOTH","0E-8","0.01674394","668037.00000000","668037.00000000","11185.56968300","0E-8","FILLED","web_usdt_st_t1arq577rv7btfkauoxm","GTC","0E-8","0E-8","Contract Price","false","2025-10-24 07:20:17"
"1157365933","2025-10-24 07:20:17","586273252","BASUSDT","STOP_MARKET","BUY","BOTH","0E-8",,"668037.00000000","0E-8","0E-8","0.01662000","EXPIRED","web_st_qZDbB9KKhp7ss4o","GTE_GTC","0E-8","0E-8","Contract Price","true","2025-10-24 07:22:10"
"1157365933","2025-10-24 07:21:08","586284381","BASUSDT","MARKET","BUY","BOTH","0E-8","0.01668602","668037.00000000","668037.00000000","11146.88097000","0.01664000","FILLED","web_M66twPZxdSrpjHCfue3C","GTE_GTC","0E-8","0E-8","Contract Price","true","2025-10-24 07:22:10"
"1157365933","2025-10-24 07:35:31","586461362","BASUSDT","MARKET","SELL","BOTH","0E-8","0.01677635","674353.00000000","674353.00000000","11313.18034700","0E-8","FILLED","web_usdt_st_aep0x6ea1a7x50tn1o5o","GTC","0E-8","0E-8","Contract Price","false","2025-10-24 07:35:31"
"1157365933","2025-10-24 07:35:31","586461453","BASUSDT","MARKET","BUY","BOTH","0E-8","0.01669486","674353.00000000","674353.00000000","11258.23215000","0.01664000","FILLED","web_st_wxhdYKC187PIxsE","GTE_GTC","0E-8","0E-8","Contract Price","true","2025-10-24 07:40:11"
"1157365933","2025-10-24 07:35:43","586465102","BASUSDT","STOP_MARKET","BUY","BOTH","0E-8",,"0E-8","0E-8","0E-8","0.01660000","CANCELED","web_0Gy4YVq5ybVFRExnyjsy","GTE_GTC","0E-8","0E-8","Contract Price","true","2025-10-24 07:36:27"
"1157365933","2025-10-24 07:36:12","586469074","BASUSDT","STOP_MARKET","BUY","BOTH","0E-8",,"0E-8","0E-8","0E-8","0.01718000","EXPIRED","web_RRLz3xIZ7ad0YUhJVNC5","GTE_GTC","0E-8","0E-8","Contract Price","true","2025-10-24 07:40:11"
"1157365933","2025-10-24 07:36:27","586470167","BASUSDT","STOP_MARKET","BUY","BOTH","0E-8",,"0E-8","0E-8","0E-8","0.01664000","CANCELED","web_VGU8q8qAyGL02uZR2rvB","GTE_GTC","0E-8","0E-8","Contract Price","true","2025-10-24 07:37:20"
"1157365933","2025-10-24 07:37:20","586475359","BASUSDT","STOP_MARKET","BUY","BOTH","0E-8",,"0E-8","0E-8","0E-8","0.01667000","CANCELED","web_fyySjalW5AI44xxi8D2l","GTE_GTC","0E-8","0E-8","Contract Price","true","2025-10-24 07:38:28"
"1157365933","2025-10-24 07:38:28","586482478","BASUSDT","STOP_MARKET","BUY","BOTH","0E-8",,"0E-8","0E-8","0E-8","0.01664000","EXPIRED","web_H2CcStzHvZOPqveLMp4i","GTE_GTC","0E-8","0E-8","Contract Price","true","2025-10-24 07:40:11"
"1157365933","2025-10-24 11:14:31","119543003","RIVERUSDT","MARKET","BUY","BOTH","0E-8","9.24958513","2452.60000000","2452.60000000","22685.53250000","0E-8","FILLED","web_usdt_fbjsbl1nd0q7dxm28rkrwt2","GTC","0E-8","0E-8","Contract Price","false","2025-10-24 11:14:31"
"1157365933","2025-10-24 11:14:59","119551224","RIVERUSDT","STOP_MARKET","SELL","BOTH","0E-8",,"0E-8","0E-8","0E-8","9.33200000","EXPIRED","web_crUzu32GgPQkLyiatAh6","GTE_GTC","0E-8","0E-8","markPrice","true","2025-10-24 11:15:27"
"1157365933","2025-10-24 11:15:27","119575547","RIVERUSDT","MARKET","SELL","BOTH","0E-8","9.35842938","2452.60000000","2452.60000000","22952.48390000","0E-8","FILLED","web_Cif5M9KzCmVInyiXmSID","GTC","0E-8","0E-8","Contract Price","false","2025-10-24 11:15:27"
"1157365933","2025-10-24 11:23:07","588268928","BASUSDT","MARKET","SELL","BOTH","0E-8","0.01451093","1698816.00000000","1698816.00000000","24651.39838600","0E-8","FILLED","web_usdt_st_iz6mwoyl5uroiqfx2h04","GTC","0E-8","0E-8","Contract Price","false","2025-10-24 11:23:07"
"1157365933","2025-10-24 11:23:07","588269074","BASUSDT","MARKET","BUY","BOTH","0E-8","0.01454699","1698816.00000000","1698816.00000000","24712.66233000","0.01449000","FILLED","web_st_x9AMot3Y3qjZoq7","GTE_GTC","0E-8","0E-8","markPrice","true","2025-10-24 11:24:52"
"1157365933","2025-10-24 11:23:38","588271911","BASUSDT","STOP_MARKET","BUY","BOTH","0E-8",,"0E-8","0E-8","0E-8","0.01440000","EXPIRED","web_0WMsHGhKqFEWMFwhtbe6","GTE_GTC","0E-8","0E-8","markPrice","true","2025-10-24 11:24:52"
"1157365933","2025-10-24 11:25:32","588280080","BASUSDT","MARKET","SELL","BOTH","0E-8","0.01438560","1681786.00000000","1681786.00000000","24193.49973300","0E-8","FILLED","web_usdt_co7ahacuuohrpc2u0ad4hak","GTC","0E-8","0E-8","Contract Price","false","2025-10-24 11:25:32"
"1157365933","2025-10-24 11:26:12","588285923","BASUSDT","STOP_MARKET","BUY","BOTH","0E-8",,"0E-8","0E-8","0E-8","0.01428000","CANCELED","web_xKk2FLVtRsGqyJRIDvhQ","GTE_GTC","0E-8","0E-8","markPrice","true","2025-10-24 11:27:36"
"1157365933","2025-10-24 11:27:36","588292385","BASUSDT","MARKET","BUY","BOTH","0E-8","0.01437611","1681786.00000000","1681786.00000000","24177.54793000","0E-8","FILLED","web_YJRhefAhuGI6DWD2TwAp","GTC","0E-8","0E-8","Contract Price","false","2025-10-24 11:27:36"
"1157365933","2025-10-24 11:45:08","33934189898","SUIUSDT","MARKET","SELL","BOTH","0E-8","2.46508262","9964.90000000","9964.90000000","24564.30184000","0E-8","FILLED","web_usdt_oqx7pfv1vgjd8vbgei9z6p4","GTC","0E-8","0E-8","Contract Price","false","2025-10-24 11:45:08"
"1157365933","2025-10-24 11:45:21","33934196081","SUIUSDT","STOP_MARKET","BUY","BOTH","0E-8",,"0E-8","0E-8","0E-8","2.44780000","CANCELED","web_Uv7kOUmSD4fYt8uWJFOQ","GTE_GTC","0E-8","0E-8","markPrice","true","2025-10-24 11:46:00"
"1157365933","2025-10-24 11:46:00","33934216074","SUIUSDT","STOP_MARKET","BUY","BOTH","0E-8",,"0E-8","0E-8","0E-8","2.45640000","CANCELED","web_hoX0rrwYpWI5dZhwnJ7b","GTE_GTC","0E-8","0E-8","markPrice","true","2025-10-24 11:49:53"
"1157365933","2025-10-24 11:48:02","33934271371","SUIUSDT","STOP_MARKET","BUY","BOTH","0E-8",,"0E-8","0E-8","0E-8","2.47740000","CANCELED","web_7KeuzDx8lhg9fNSxYAuP","GTE_GTC","0E-8","0E-8","markPrice","true","2025-10-24 11:50:23"
"1157365933","2025-10-24 11:49:53","33934316997","SUIUSDT","STOP_MARKET","BUY","BOTH","0E-8",,"0E-8","0E-8","0E-8","2.45810000","CANCELED","web_eM4H1Z1ypp9PnG3opmFe","GTE_GTC","0E-8","0E-8","markPrice","true","2025-10-24 11:51:00"
"1157365933","2025-10-24 11:50:23","33934333287","SUIUSDT","MARKET","BUY","BOTH","0E-8","2.47397690","9964.90000000","9964.90000000","24652.93237000","2.47240000","FILLED","web_wTINIdonA4slXsCcAXs1","GTE_GTC","0E-8","0E-8","markPrice","true","2025-10-24 11:55:14"
"1157365933","2025-10-24 11:51:00","33934348418","SUIUSDT","STOP_MARKET","BUY","BOTH","0E-8",,"0E-8","0E-8","0E-8","2.45270000","EXPIRED","web_NJba4E8cJBpW2aYXpEhs","GTE_GTC","0E-8","0E-8","markPrice","true","2025-10-24 11:55:14"
"1157365933","2025-10-24 11:57:47","120424679","RIVERUSDT","MARKET","SELL","BOTH","0E-8","9.00680635","2478.70000000","2478.70000000","22325.17090000","9.02600000","FILLED","web_st_tQQjyxOFdZjaANv","GTE_GTC","0E-8","0E-8","markPrice","true","2025-10-24 11:58:24"
"1157365933","2025-10-24 11:57:47","120424572","RIVERUSDT","MARKET","BUY","BOTH","0E-8","8.98944475","2478.70000000","2478.70000000","22282.13670000","0E-8","FILLED","web_usdt_st_6lt7srz30i8qo3tnf2nu","GTC","0E-8","0E-8","Contract Price","false","2025-10-24 11:57:47"
"1157365933","2025-10-24 12:14:08","45095805403","LINKUSDT","MARKET","SELL","BOTH","0E-8","17.75529253","2016.72000000","2016.72000000","35807.45356000","0E-8","FILLED","web_usdt_vzffj7tro6ukw46idiqlvcy","GTC","0E-8","0E-8","Contract Price","false","2025-10-24 12:14:08"
"1157365933","2025-10-24 12:14:22","45095809151","LINKUSDT","STOP_MARKET","BUY","BOTH","0E-8",,"0E-8","0E-8","0E-8","17.67200000","CANCELED","web_RYHFoe1EzuG31qrTzJF1","GTE_GTC","0E-8","0E-8","markPrice","true","2025-10-24 12:15:56"
"1157365933","2025-10-24 12:15:56","45095826626","LINKUSDT","STOP_MARKET","BUY","BOTH","0E-8",,"0E-8","0E-8","0E-8","17.69600000","CANCELED","web_aEmrDSUqoYixdhsWVj9A","GTE_GTC","0E-8","0E-8","markPrice","true","2025-10-24 12:16:39"
"1157365933","2025-10-24 12:16:39","45095839500","LINKUSDT","STOP_MARKET","BUY","BOTH","0E-8",,"0E-8","0E-8","0E-8","17.70700000","CANCELED","web_5Ah1tTsal75yOIiE4Dkw","GTE_GTC","0E-8","0E-8","markPrice","true","2025-10-24 12:16:53"
"1157365933","2025-10-24 12:16:53","45095842049","LINKUSDT","STOP_MARKET","BUY","BOTH","0E-8",,"0E-8","0E-8","0E-8","17.69600000","CANCELED","web_0KJpJhI7cqD1ADaHiD2b","GTE_GTC","0E-8","0E-8","markPrice","true","2025-10-24 12:20:17"
"1157365933","2025-10-24 12:20:17","45095883120","LINKUSDT","MARKET","BUY","BOTH","0E-8","17.71063179","2016.72000000","2016.72000000","35717.38535000","0E-8","FILLED","web_3tYZpxvF4WrHOlt1JMxm","GTC","0E-8","0E-8","Contract Price","false","2025-10-24 12:20:17"
"1157365933","2025-10-24 12:33:55","45096216994","LINKUSDT","MARKET","BUY","BOTH","0E-8","17.92799876","1943.52000000","1943.52000000","34843.42415000","0E-8","FILLED","web_usdt_wixycxlkuqm16yxplmjhjo0","GTC","0E-8","0E-8","Contract Price","false","2025-10-24 12:33:55"
"1157365933","2025-10-24 12:34:12","45096227779","LINKUSDT","STOP_MARKET","SELL","BOTH","0E-8",,"0E-8","0E-8","0E-8","18.01100000","CANCELED","web_MBAPloQ4WukajCRgh6xV","GTE_GTC","0E-8","0E-8","markPrice","true","2025-10-24 12:36:44"
"1157365933","2025-10-24 12:36:44","45096303283","LINKUSDT","STOP_MARKET","SELL","BOTH","0E-8",,"0E-8","0E-8","0E-8","17.98700000","CANCELED","web_jqgv9KTEcCzOI00JTP9v","GTE_GTC","0E-8","0E-8","markPrice","true","2025-10-24 12:38:41"
"1157365933","2025-10-24 12:38:41","45096361460","LINKUSDT","STOP_MARKET","SELL","BOTH","0E-8",,"0E-8","0E-8","0E-8","17.97500000","CANCELED","web_efX16Ow9cYvAm2mKvNsQ","GTE_GTC","0E-8","0E-8","markPrice","true","2025-10-24 12:39:20"
"1157365933","2025-10-24 12:39:20","45096381904","LINKUSDT","STOP_MARKET","SELL","BOTH","0E-8",,"0E-8","0E-8","0E-8","18.01100000","CANCELED","web_EXPLGWr43r3duxPYjMfO","GTE_GTC","0E-8","0E-8","markPrice","true","2025-10-24 12:39:36"
"1157365933","2025-10-24 12:39:36","45096389573","LINKUSDT","STOP_MARKET","SELL","BOTH","0E-8",,"0E-8","0E-8","0E-8","17.97500000","CANCELED","web_joZ7TBtpQj0P5pViUS4D","GTE_GTC","0E-8","0E-8","markPrice","true","2025-10-24 12:40:24"
"1157365933","2025-10-24 12:40:24","45096410178","LINKUSDT","STOP_MARKET","SELL","BOTH","0E-8",,"0E-8","0E-8","0E-8","18.03500000","CANCELED","web_nAK61YPufcjZ0bxPlD85","GTE_GTC","0E-8","0E-8","markPrice","true","2025-10-24 12:44:32"
"1157365933","2025-10-24 12:44:32","45096503372","LINKUSDT","STOP_MARKET","SELL","BOTH","0E-8",,"0E-8","0E-8","0E-8","17.96900000","CANCELED","web_Oul0IAzdXaG4c7NbNpXK","GTE_GTC","0E-8","0E-8","markPrice","true","2025-10-24 12:45:09"
"1157365933","2025-10-24 12:45:09","45096518314","LINKUSDT","STOP_MARKET","SELL","BOTH","0E-8",,"0E-8","0E-8","0E-8","17.98700000","CANCELED","web_A4Hke6SYkQYAjzlm8Kcx","GTE_GTC","0E-8","0E-8","markPrice","true","2025-10-24 12:57:44"
"1157365933","2025-10-24 12:57:44","45096803392","LINKUSDT","STOP_MARKET","SELL","BOTH","0E-8",,"0E-8","0E-8","0E-8","17.96300000","CANCELED","web_e5LhIGIg2ZwC9J0lFxHp","GTE_GTC","0E-8","0E-8","markPrice","true","2025-10-24 13:25:33"
"1157365933","2025-10-24 13:25:33","45097348776","LINKUSDT","STOP_MARKET","SELL","BOTH","0E-8",,"0E-8","0E-8","0E-8","17.95100000","CANCELED","web_FRUWhRrpAQoiEEpaezNP","GTE_GTC","0E-8","0E-8","markPrice","true","2025-10-24 13:28:28"
"1157365933","2025-10-24 13:28:28","45097387022","LINKUSDT","STOP_MARKET","SELL","BOTH","0E-8",,"0E-8","0E-8","0E-8","18.03500000","CANCELED","web_TGkUJlLdYC4VIvZCcyGv","GTE_GTC","0E-8","0E-8","markPrice","true","2025-10-24 13:31:33"
"1157365933","2025-10-24 13:28:59","45097394732","LINKUSDT","MARKET","SELL","BOTH","0E-8","17.85997985","1943.52000000","1943.52000000","34711.22803000","17.86800000","FILLED","web_cOLXs3rDeopuEmFGjHnF","GTE_GTC","0E-8","0E-8","markPrice","true","2025-10-24 13:33:19"
"1157365933","2025-10-24 13:31:33","45097466728","LINKUSDT","STOP_MARKET","SELL","BOTH","0E-8",,"0E-8","0E-8","0E-8","17.98700000","EXPIRED","web_hxKVsaGppk49muBWvxsK","GTE_GTC","0E-8","0E-8","markPrice","true","2025-10-24 13:33:19"
"1157365933","2025-10-24 13:40:03","45097733742","LINKUSDT","MARKET","BUY","BOTH","0E-8","17.79272558","1890.53000000","1890.53000000","33637.68149000","0E-8","FILLED","web_usdt_79ebgzvv1fcj5r9ud65xyxg","GTC","0E-8","0E-8","Contract Price","false","2025-10-24 13:40:03"
"1157365933","2025-10-24 13:40:14","45097741730","LINKUSDT","STOP_MARKET","SELL","BOTH","0E-8",,"0E-8","0E-8","0E-8","17.85200000","CANCELED","web_zNLnmrRG0nXQC0w410LU","GTE_GTC","0E-8","0E-8","markPrice","true","2025-10-24 13:40:36"
"1157365933","2025-10-24 13:40:36","45097751837","LINKUSDT","STOP_MARKET","SELL","BOTH","0E-8",,"0E-8","0E-8","0E-8","17.83400000","EXPIRED","web_mpl3IX59oUyPSAU3GVZ8","GTE_GTC","0E-8","0E-8","markPrice","true","2025-10-24 13:44:30"
"1157365933","2025-10-24 13:40:49","45097756742","LINKUSDT","MARKET","SELL","BOTH","0E-8","17.74817633","1890.53000000","1890.53000000","33553.45979000","17.75700000","FILLED","web_1SVNhkbv0Hmxb5xbgjEc","GTE_GTC","0E-8","0E-8","markPrice","true","2025-10-24 13:44:30"
"1157365933","2025-10-24 23:36:54","104204888","APRUSDT","MARKET","SELL","BOTH","0E-8","0.45390700","16476.00000000","16476.00000000","7478.57179000","0E-8","FILLED","web_usdt_o8yzfwdf9kv7l0x9iageea1","GTC","0E-8","0E-8","Contract Price","false","2025-10-24 23:36:54"
"1157365933","2025-10-24 23:37:10","104217087","APRUSDT","MARKET","BUY","BOTH","0E-8","0.45138936","16476.00000000","16476.00000000","7437.09108000","0E-8","FILLED","web_tpATsPuUOQ4o3uLsXuSV","GTC","0E-8","0E-8","Contract Price","false","2025-10-24 23:37:10"
"1157365933","2025-10-24 23:44:39","427569374","4USDT","MARKET","SELL","BOTH","0E-8","0.09729917","192169.00000000","192169.00000000","18697.88510000","0E-8","FILLED","web_usdt_9en93wjfk0hdc5ntkd07fej","GTC","0E-8","0E-8","Contract Price","false","2025-10-24 23:44:39"
"1157365933","2025-10-24 23:45:11","427574605","4USDT","MARKET","BUY","BOTH","0E-8","0.09702544","192169.00000000","192169.00000000","18645.28229000","0.09685000","FILLED","web_dYijjpQT1TnYMxNt5KYY","GTE_GTC","0E-8","0E-8","markPrice","true","2025-10-24 23:45:27"
"1157365933","2025-10-25 08:34:29","437544655","4USDT","MARKET","BUY","BOTH","0E-8","0.12524004","145720.00000000","145720.00000000","18249.97873000","0E-8","FILLED","web_usdt_9glbanbgrpygz0sihsitpxd","GTC","0E-8","0E-8","Contract Price","false","2025-10-25 08:34:29"
"1157365933","2025-10-25 08:34:44","437549442","4USDT","STOP_MARKET","SELL","BOTH","0E-8",,"0E-8","0E-8","0E-8","0.12569000","CANCELED","web_jqd5ZJIyDwx6iI4wTspu","GTE_GTC","0E-8","0E-8","markPrice","true","2025-10-25 08:36:14"
"1157365933","2025-10-25 08:36:15","437571201","4USDT","STOP_MARKET","SELL","BOTH","0E-8",,"0E-8","0E-8","0E-8","0.12580000","CANCELED","web_y4yyll5JvvruxJ1OicIG","GTE_GTC","0E-8","0E-8","markPrice","true","2025-10-25 08:50:16"
"1157365933","2025-10-25 08:50:17","437776662","4USDT","STOP_MARKET","SELL","BOTH","0E-8",,"0E-8","0E-8","0E-8","0.12603000","CANCELED","web_MKu0pylGb7jZfgOdfXzb","GTE_GTC","0E-8","0E-8","markPrice","true","2025-10-25 08:52:29"
"1157365933","2025-10-25 08:52:29","437804853","4USDT","STOP_MARKET","SELL","BOTH","0E-8",,"0E-8","0E-8","0E-8","0.13106000","EXPIRED","web_3TK5M9D3vPwLyIglMJKN","GTE_GTC","0E-8","0E-8","markPrice","true","2025-10-25 08:53:21"
"1157365933","2025-10-25 08:53:21","437818752","4USDT","MARKET","SELL","BOTH","0E-8","0.12580891","145720.00000000","145720.00000000","18332.87372000","0E-8","FILLED","web_mLOs2aXYoLgAproGEUVv","GTC","0E-8","0E-8","Contract Price","false","2025-10-25 08:53:21"
"1157365933","2025-10-25 09:05:26","1543290584","COAIUSDT","MARKET","BUY","BOTH","0E-8","9.25146528","1152.00000000","1152.00000000","10657.68800000","9.42700000","FILLED","web_st_ZTfDPcGG0NSwXVe","GTE_GTC","0E-8","0E-8","markPrice","true","2025-10-25 09:10:43"
"1157365933","2025-10-25 09:05:26","1543290463","COAIUSDT","MARKET","SELL","BOTH","0E-8","9.53630903","1152.00000000","1152.00000000","10985.82800000","0E-8","FILLED","web_usdt_st_xk418ftiig764jui671q","GTC","0E-8","0E-8","Contract Price","false","2025-10-25 09:05:26"
"1157365933","2025-10-25 22:00:09","3023114909","HYPEUSDT","MARKET","SELL","BOTH","0E-8","43.64415889","592.35000000","592.35000000","25852.61752000","0E-8","FILLED","web_usdt_s3n8geh3wk04zk3bmxmng8z","GTC","0E-8","0E-8","Contract Price","false","2025-10-25 22:00:09"
"1157365933","2025-10-25 22:02:02","3023164874","HYPEUSDT","STOP_MARKET","BUY","BOTH","0E-8",,"0E-8","0E-8","0E-8","43.33800000","EXPIRED","web_6KSfkqcwiLSIurYK44qN","GTE_GTC","0E-8","0E-8","markPrice","true","2025-10-25 22:39:13"
"1157365933","2025-10-25 22:03:33","3023197876","HYPEUSDT","LIMIT","BUY","BOTH","43.42500000",,"592.35000000","0E-8","0E-8","0E-8","EXPIRED","web_0QXG5ysPWnE4PAteNAlm","GTC","0E-8","0E-8","Contract Price","false","2025-10-25 22:07:01"
"1157365933","2025-10-25 22:07:01","3023263147","HYPEUSDT","LIMIT","BUY","BOTH","43.46900000",,"592.35000000","0E-8","0E-8","0E-8","CANCELED","web_7NOvNi4katKwfVnSIGtP","GTC","0E-8","0E-8","Contract Price","false","2025-10-25 22:07:03"
"1157365933","2025-10-25 22:07:04","3023265164","HYPEUSDT","LIMIT","BUY","BOTH","43.46900000",,"592.35000000","0E-8","0E-8","0E-8","CANCELED","web_8MJSkBx4hVu9jlpAwAJl","GTC","0E-8","0E-8","Contract Price","false","2025-10-25 22:15:20"
"1157365933","2025-10-25 22:18:35","3023645582","HYPEUSDT","LIMIT","BUY","BOTH","43.46900000",,"592.35000000","0E-8","0E-8","0E-8","CANCELED","web_md592GUSMfrzqcl0qK37","GTC","0E-8","0E-8","Contract Price","false","2025-10-25 22:20:54"
"1157365933","2025-10-25 22:20:56","3023695665","HYPEUSDT","LIMIT","BUY","BOTH","43.51300000",,"592.35000000","0E-8","0E-8","0E-8","CANCELED","web_zvFBX5L49gFZIRtpX0Yl","GTC","0E-8","0E-8","Contract Price","false","2025-10-25 22:22:28"
"1157365933","2025-10-25 22:22:34","3023743224","HYPEUSDT","LIMIT","BUY","BOTH","43.59500000",,"592.35000000","0E-8","0E-8","0E-8","EXPIRED","web_ItDSgC7AKxZ0tmaeebHA","GTC","0E-8","0E-8","Contract Price","false","2025-10-25 22:39:13"
"1157365933","2025-10-25 22:32:20","3024011123","HYPEUSDT","MARKET","BUY","BOTH","0E-8","44.32011611","592.35000000","592.35000000","26253.02078000","44.31500000","FILLED","web_kbrJl7Rny4LAptlUpPOQ","GTE_GTC","0E-8","0E-8","markPrice","true","2025-10-25 22:39:13"
"1157365933","2025-10-25 23:40:36","547296800","FUSDT","LIMIT","BUY","BOTH","0.02041600",,"341636.00000000","0E-8","0E-8","0E-8","CANCELED","web_usdt_7d0coex8kbus5o6qa6mlu6x","GTC","0E-8","0E-8","Contract Price","false","2025-10-25 23:48:12"
"1157365933","2025-10-26 08:25:38","9143228583","FARTCOINUSDT","LIMIT","SELL","BOTH","0.40640000",,"27504.60000000","0E-8","0E-8","0E-8","CANCELED","web_usdt_tf4az3vk5nbbec8y39qqn4k","GTC","0E-8","0E-8","Contract Price","false","2025-10-26 08:25:53"
"1157365933","2025-10-26 08:40:47","9143339527","FARTCOINUSDT","MARKET","SELL","BOTH","0E-8","0.40175893","27771.10000000","27771.10000000","11157.28743000","0E-8","FILLED","web_usdt_z51ln91k6t95g25a2lv300p","GTC","0E-8","0E-8","Contract Price","false","2025-10-26 08:40:47"
"1157365933","2025-10-26 08:41:38","9143346335","FARTCOINUSDT","MARKET","BUY","BOTH","0E-8","0.40581891","27771.10000000","27771.10000000","11270.03755000","0.40550000","FILLED","web_TB8WusTg9jHAVoW4sg6s","GTE_GTC","0E-8","0E-8","markPrice","true","2025-10-26 09:22:34"
"1157365933","2025-10-26 08:41:38","9143346334","FARTCOINUSDT","STOP_MARKET","BUY","BOTH","0E-8",,"0E-8","0E-8","0E-8","0.38970000","EXPIRED","web_gzJl5VQvNMQUg6WRK5Ro","GTE_GTC","0E-8","0E-8","markPrice","true","2025-10-26 09:22:34"
"1157365933","2025-10-26 11:11:39","1744184162","ASTERUSDT","MARKET","BUY","BOTH","0E-8","1.17012814","17950.00000000","17950.00000000","21003.80010000","0E-8","FILLED","web_usdt_3kmf99dzkjzppnu8injmqjb","GTC","0E-8","0E-8","Contract Price","false","2025-10-26 11:11:39"
"1157365933","2025-10-26 11:11:51","1744187916","ASTERUSDT","STOP_MARKET","SELL","BOTH","0E-8",,"0E-8","0E-8","0E-8","1.16680000","EXPIRED","web_hG3j7kp5k6gHUXBj8mqK","GTE_GTC","0E-8","0E-8","markPrice","true","2025-10-26 11:15:10"
"1157365933","2025-10-26 11:12:17","1744192699","ASTERUSDT","STOP_MARKET","SELL","BOTH","0E-8",,"0E-8","0E-8","0E-8","1.18060000","EXPIRED","web_RoaE6Gxzpvh2kh083Syw","GTE_GTC","0E-8","0E-8","markPrice","true","2025-10-26 11:15:10"
"1157365933","2025-10-26 11:15:09","1744255784","ASTERUSDT","LIMIT","SELL","BOTH","1.17610000","1.17610000","17950.00000000","17950.00000000","21110.99500000","0E-8","FILLED","web_Go5zuwZeW285EMcSR9xH","GTC","0E-8","0E-8","Contract Price","false","2025-10-26 11:15:10"
"1157365933","2025-10-26 11:36:50","1744785510","ASTERUSDT","MARKET","SELL","BOTH","0E-8","1.18916404","18562.00000000","18562.00000000","22073.26290000","0E-8","FILLED","web_usdt_0xsdsa1ht31hf3x3a3xes92","GTC","0E-8","0E-8","Contract Price","false","2025-10-26 11:36:50"
"1157365933","2025-10-26 11:37:12","1744793834","ASTERUSDT","MARKET","BUY","BOTH","0E-8","1.19541859","18562.00000000","18562.00000000","22189.35990000","1.19510000","FILLED","web_KnRXlmNIAZqj03v8NXUC","GTE_GTC","0E-8","0E-8","markPrice","true","2025-10-26 11:44:59"
"1157365933","2025-10-26 11:37:12","1744793831","ASTERUSDT","STOP_MARKET","BUY","BOTH","0E-8",,"0E-8","0E-8","0E-8","1.18080000","EXPIRED","web_9ekOq1CBKOduo8UwecZN","GTE_GTC","0E-8","0E-8","markPrice","true","2025-10-26 11:44:59"
"1157365933","2025-10-26 14:00:24","126830337773","XRPUSDT","MARKET","SELL","BOTH","0E-8","2.63970000","11956.90000000","11956.90000000","31562.62893000","0E-8","FILLED","web_usdt_pjr1l7n4c85unqnl4nwh5os","GTC","0E-8","0E-8","Contract Price","false","2025-10-26 14:00:24"
"1157365933","2025-10-26 14:01:09","126830423465","XRPUSDT","STOP_MARKET","BUY","BOTH","0E-8",,"0E-8","0E-8","0E-8","2.62310000","CANCELED","web_MQ0J149bEp7UKO7qQED4","GTE_GTC","0E-8","0E-8","markPrice","true","2025-10-26 14:04:24"
"1157365933","2025-10-26 14:01:09","126830423470","XRPUSDT","STOP_MARKET","BUY","BOTH","0E-8",,"0E-8","0E-8","0E-8","2.64490000","CANCELED","web_Lt6LZGbMx4GNgGMHtKyz","GTE_GTC","0E-8","0E-8","markPrice","true","2025-10-26 14:01:27"
"1157365933","2025-10-26 14:04:24","126830771218","XRPUSDT","STOP_MARKET","BUY","BOTH","0E-8",,"0E-8","0E-8","0E-8","2.62730000","CANCELED","web_lp9zsMO8MQaoLCZTayxU","GTE_GTC","0E-8","0E-8","markPrice","true","2025-10-26 14:24:04"
"1157365933","2025-10-26 14:24:04","126832495256","XRPUSDT","STOP_MARKET","BUY","BOTH","0E-8",,"0E-8","0E-8","0E-8","2.62430000","EXPIRED","web_aaB950Dnwe4kHnIys4TE","GTE_GTC","0E-8","0E-8","markPrice","true","2025-10-26 14:52:51"
"1157365933","2025-10-26 14:24:32","126832535121","XRPUSDT","MARKET","BUY","BOTH","0E-8","2.63180000","5978.40000000","5978.40000000","15733.95312000","0E-8","FILLED","web_v70pdEkdR8bX6Ia204ss","GTC","0E-8","0E-8","Contract Price","false","2025-10-26 14:24:32"
"1157365933","2025-10-26 14:52:51","126834992610","XRPUSDT","MARKET","BUY","BOTH","0E-8","2.63720000","5978.50000000","5978.50000000","15766.50020000","0E-8","FILLED","web_ubJ8WkwJar3H9bbogqUo","GTC","0E-8","0E-8","Contract Price","false","2025-10-26 14:52:51"
"1157365933","2025-10-27 02:27:42","2246176715","PUMPUSDT","MARKET","BUY","BOTH","0E-8","0.00477409","2936115.00000000","2936115.00000000","14017.28666900","0E-8","FILLED","web_usdt_cz563c7uwjzy78wcrbie1w6","GTC","0E-8","0E-8","Contract Price","false","2025-10-27 02:27:42"
"1157365933","2025-10-27 02:28:20","2246185571","PUMPUSDT","STOP_MARKET","SELL","BOTH","0E-8",,"0E-8","0E-8","0E-8","0.00469500","EXPIRED","web_oB46nBGpkZSIfq8ujozv","GTE_GTC","0E-8","0E-8","Contract Price","true","2025-10-27 04:11:13"
"1157365933","2025-10-27 02:28:20","2246185570","PUMPUSDT","STOP_MARKET","SELL","BOTH","0E-8",,"0E-8","0E-8","0E-8","0.00491700","EXPIRED","web_8WY6bIV7NqGvamsS669d","GTE_GTC","0E-8","0E-8","Contract Price","true","2025-10-27 04:11:13"
"1157365933","2025-10-27 04:11:13","2247447489","PUMPUSDT","MARKET","SELL","BOTH","0E-8","0.00484542","2936115.00000000","2936115.00000000","14226.72431800","0E-8","FILLED","ios_rRB7rz4svYAPYIgTw72K","GTC","0E-8","0E-8","Contract Price","false","2025-10-27 04:11:13"
"1157365933","2025-10-27 07:00:01","243408363","MAVIAUSDT","MARKET","BUY","BOTH","0E-8","0.23796988","18887.00000000","18887.00000000","4494.53720000","0E-8","FILLED","web_usdt_4sascxe471fy3tlpz9dnojz","GTC","0E-8","0E-8","Contract Price","false","2025-10-27 07:00:01"
"1157365933","2025-10-27 07:00:36","243416236","MAVIAUSDT","STOP_MARKET","SELL","BOTH","0E-8",,"0E-8","0E-8","0E-8","0.26170000","CANCELED","web_7kSbSOC9qvo74SRyKVh4","GTE_GTC","0E-8","0E-8","Contract Price","true","2025-10-27 07:01:46"
"1157365933","2025-10-27 07:00:36","243416235","MAVIAUSDT","STOP_MARKET","SELL","BOTH","0E-8",,"0E-8","0E-8","0E-8","0.22490000","EXPIRED","web_M9qD8tkHUWgamgRtC9jj","GTE_GTC","0E-8","0E-8","Contract Price","true","2025-10-27 07:05:26"
"1157365933","2025-10-27 07:01:46","243442903","MAVIAUSDT","STOP_MARKET","SELL","BOTH","0E-8",,"0E-8","0E-8","0E-8","0.25730000","EXPIRED","web_mYrYTCjGEYgEQPca0F2v","GTE_GTC","0E-8","0E-8","Contract Price","true","2025-10-27 07:05:26"
"1157365933","2025-10-27 07:05:26","243539451","MAVIAUSDT","MARKET","SELL","BOTH","0E-8","0.24480000","18887.00000000","18887.00000000","4623.53760000","0E-8","FILLED","web_vcsgkoZq6zwHClyHL6YG","GTC","0E-8","0E-8","Contract Price","false","2025-10-27 07:05:26"
"1157365933","2025-10-27 07:20:02","243952742","MAVIAUSDT","MARKET","BUY","BOTH","0E-8","0.23329795","13419.00000000","13419.00000000","3130.62520000","0E-8","FILLED","web_usdt_j7lv5bnd2masdr9luy1uu2w","GTC","0E-8","0E-8","Contract Price","false","2025-10-27 07:20:02"
"1157365933","2025-10-27 07:20:33","243966638","MAVIAUSDT","MARKET","SELL","BOTH","0E-8","0.22325352","13419.00000000","13419.00000000","2995.83902000","0.22370000","FILLED","web_cCgjzvls3fNex59p75V7","GTE_GTC","0E-8","0E-8","Contract Price","true","2025-10-27 07:32:24"
"1157365933","2025-10-27 07:20:33","243966636","MAVIAUSDT","STOP_MARKET","SELL","BOTH","0E-8",,"0E-8","0E-8","0E-8","0.25079000","CANCELED","web_trUIXUrLFJNxMMAjr9lx","GTE_GTC","0E-8","0E-8","Contract Price","true","2025-10-27 07:23:42"
"1157365933","2025-10-27 07:23:42","244045279","MAVIAUSDT","STOP_MARKET","SELL","BOTH","0E-8",,"0E-8","0E-8","0E-8","0.24530000","CANCELED","web_DHgpOHQQPaaodGYkSknN","GTE_GTC","0E-8","0E-8","Contract Price","true","2025-10-27 07:24:43"
"1157365933","2025-10-27 07:24:43","244074514","MAVIAUSDT","STOP_MARKET","SELL","BOTH","0E-8",,"0E-8","0E-8","0E-8","0.25662000","EXPIRED","web_cqih217B8BmOuDA3ruzP","GTE_GTC","0E-8","0E-8","Contract Price","true","2025-10-27 07:32:24"
"1157365933","2025-10-27 07:45:57","2672777713","MYROUSDT","MARKET","BUY","BOTH","0E-8","0.02206214","200875.00000000","200875.00000000","4431.73262000","0E-8","FILLED","web_usdt_4y6ezfub4do7loj09ujhsm0","GTC","0E-8","0E-8","Contract Price","false","2025-10-27 07:45:57"
"1157365933","2025-10-27 07:46:16","2672781132","MYROUSDT","STOP_MARKET","SELL","BOTH","0E-8",,"0E-8","0E-8","0E-8","0.02470000","CANCELED","web_3s3YYpCdQ8x80ZiP9uNu","GTE_GTC","0E-8","0E-8","Contract Price","true","2025-10-27 07:46:38"
"1157365933","2025-10-27 07:46:16","2672781133","MYROUSDT","STOP_MARKET","SELL","BOTH","0E-8",,"0E-8","0E-8","0E-8","0.02067000","CANCELED","web_tL6Int1rZEtx5PrKYnFT","GTE_GTC","0E-8","0E-8","Contract Price","true","2025-10-27 07:55:17"
"1157365933","2025-10-27 07:46:38","2672784490","MYROUSDT","STOP_MARKET","SELL","BOTH","0E-8",,"0E-8","0E-8","0E-8","0.02320000","CANCELED","web_gO2Bj9fDSHDAKVqPP8A3","GTE_GTC","0E-8","0E-8","Contract Price","true","2025-10-27 07:47:18"
"1157365933","2025-10-27 07:47:19","2672791068","MYROUSDT","STOP_MARKET","SELL","BOTH","0E-8",,"0E-8","0E-8","0E-8","0.02470000","EXPIRED","web_SBBMiRrFtrRewJwNRBDl","GTE_GTC","0E-8","0E-8","Contract Price","true","2025-10-27 09:14:23"
"1157365933","2025-10-27 07:55:17","2672848741","MYROUSDT","STOP_MARKET","SELL","BOTH","0E-8",,"0E-8","0E-8","0E-8","0.02065000","EXPIRED","web_0SCEUYBuo69nwFJdb7yv","GTE_GTC","0E-8","0E-8","Contract Price","true","2025-10-27 09:14:23"
"1157365933","2025-10-27 09:14:23","2673553309","MYROUSDT","MARKET","SELL","BOTH","0E-8","0.02302237","200875.00000000","200875.00000000","4624.61775000","0E-8","FILLED","ios_7cY8dHTkoeGtrTgIskFO","GTC","0E-8","0E-8","Contract Price","false","2025-10-27 09:14:23"
"1157365933","2025-10-27 13:31:31","12141515881","ENAUSDT","MARKET","SELL","BOTH","0E-8","0.50143090","48554.00000000","48554.00000000","24346.47610000","0E-8","FILLED","web_usdt_ie97rc2b52l00gsh9o0teoq","GTC","0E-8","0E-8","Contract Price","false","2025-10-27 13:31:31"
"1157365933","2025-10-27 13:32:11","12141528067","ENAUSDT","STOP_MARKET","BUY","BOTH","0E-8",,"0E-8","0E-8","0E-8","0.49140000","CANCELED","web_Zn1QG8CrMeKDwC3frz7X","GTE_GTC","0E-8","0E-8","markPrice","true","2025-10-27 13:33:16"
"1157365933","2025-10-27 13:32:11","12141528068","ENAUSDT","STOP_MARKET","BUY","BOTH","0E-8",,"0E-8","0E-8","0E-8","0.50790000","EXPIRED","web_1BN33jtMHjSjQa8OnOZ3","GTE_GTC","0E-8","0E-8","markPrice","true","2025-10-27 13:35:10"
"1157365933","2025-10-27 13:33:16","12141547517","ENAUSDT","STOP_MARKET","BUY","BOTH","0E-8",,"0E-8","0E-8","0E-8","0.49790000","CANCELED","web_BYh1figZrJIFDRwBdmjZ","GTE_GTC","0E-8","0E-8","markPrice","true","2025-10-27 13:34:42"
"1157365933","2025-10-27 13:34:42","12141575901","ENAUSDT","STOP_MARKET","BUY","BOTH","0E-8",,"0E-8","0E-8","0E-8","0.49890000","CANCELED","web_cUZdTRpBKsaa0TwUqpp4","GTE_GTC","0E-8","0E-8","markPrice","true","2025-10-27 13:34:54"
"1157365933","2025-10-27 13:34:54","12141578522","ENAUSDT","STOP_MARKET","BUY","BOTH","0E-8",,"0E-8","0E-8","0E-8","0.49690000","EXPIRED","web_5IqgEoudhiEy9drV9Qus","GTE_GTC","0E-8","0E-8","markPrice","true","2025-10-27 13:35:10"
"1157365933","2025-10-27 13:35:10","12141586626","ENAUSDT","MARKET","BUY","BOTH","0E-8","0.49875352","48554.00000000","48554.00000000","24216.47850000","0E-8","FILLED","web_5xAj3qj1ma5dNNcp0cip","GTC","0E-8","0E-8","Contract Price","false","2025-10-27 13:35:10"
"1157365933","2025-10-27 23:51:29","23028883099","AAVEUSDT","MARKET","SELL","BOTH","0E-8","234.71891690","107.10000000","107.10000000","25138.39600000","0E-8","FILLED","web_usdt_y7kij02nwf7wlpg0yowdwn3","GTC","0E-8","0E-8","Contract Price","false","2025-10-27 23:51:29"
"1157365933","2025-10-27 23:51:56","23028885352","AAVEUSDT","STOP_MARKET","BUY","BOTH","0E-8",,"0E-8","0E-8","0E-8","236.25000000","CANCELED","web_GvmyQcPXKXHbl4fsc7tF","GTE_GTC","0E-8","0E-8","Contract Price","true","2025-10-28 00:10:20"
"1157365933","2025-10-27 23:52:07","23028886395","AAVEUSDT","STOP_MARKET","BUY","BOTH","0E-8",,"0E-8","0E-8","0E-8","231.41000000","CANCELED","web_NztcHyztDCg5taSU8bRp","GTE_GTC","0E-8","0E-8","Contract Price","true","2025-10-28 02:14:17"
"1157365933","2025-10-28 00:10:20","23029048578","AAVEUSDT","STOP_MARKET","BUY","BOTH","0E-8",,"0E-8","0E-8","0E-8","236.82000000","CANCELED","web_AH5hOMjX9TetDIeuSqTh","GTE_GTC","0E-8","0E-8","Contract Price","true","2025-10-28 01:16:48"
"1157365933","2025-10-28 01:16:48","23029690452","AAVEUSDT","STOP_MARKET","BUY","BOTH","0E-8",,"0E-8","0E-8","0E-8","237.30000000","CANCELED","web_Q2bs9WX0JSKUP2MicypN","GTE_GTC","0E-8","0E-8","Contract Price","true","2025-10-28 01:48:42"
"1157365933","2025-10-28 01:48:43","23029958339","AAVEUSDT","STOP_MARKET","BUY","BOTH","0E-8",,"0E-8","0E-8","0E-8","237.53000000","CANCELED","web_tMiklJYLSPwD5IGFFypR","GTE_GTC","0E-8","0E-8","Contract Price","true","2025-10-28 02:09:33"
"1157365933","2025-10-28 02:09:33","23030098590","AAVEUSDT","STOP_MARKET","BUY","BOTH","0E-8",,"0E-8","0E-8","0E-8","237.77000000","CANCELED","web_uzjn0pX7UMTveltCNclj","GTE_GTC","0E-8","0E-8","Contract Price","true","2025-10-28 02:24:27"
"1157365933","2025-10-28 02:14:17","23030142599","AAVEUSDT","STOP_MARKET","BUY","BOTH","0E-8",,"0E-8","0E-8","0E-8","230.25000000","CANCELED","web_WRzCQHiDj10banvgw5CK","GTE_GTC","0E-8","0E-8","Contract Price","true","2025-10-28 03:18:53"
"1157365933","2025-10-28 02:24:27","23030245163","AAVEUSDT","STOP_MARKET","BUY","BOTH","0E-8",,"0E-8","0E-8","0E-8","236.36000000","CANCELED","ios_ebFLcfxw0tMWvnAEGSqf","GTE_GTC","0E-8","0E-8","Contract Price","true","2025-10-28 02:29:37"
"1157365933","2025-10-28 02:29:37","23030294729","AAVEUSDT","STOP_MARKET","BUY","BOTH","0E-8",,"0E-8","0E-8","0E-8","236.83000000","CANCELED","ios_FqOkdaGPgfREjbwNKbMT","GTE_GTC","0E-8","0E-8","Contract Price","true","2025-10-28 04:14:45"
"1157365933","2025-10-28 03:18:53","23030881058","AAVEUSDT","STOP_MARKET","BUY","BOTH","0E-8",,"0E-8","0E-8","0E-8","233.00000000","CANCELED","ios_E0K4m6eyVJzMrBnXTAq5","GTE_GTC","0E-8","0E-8","Contract Price","true","2025-10-28 04:14:45"
"1157365933","2025-10-28 04:14:16","23031473522","AAVEUSDT","MARKET","BUY","BOTH","0E-8","235.87036965","51.40000000","51.40000000","12123.73700000","0E-8","FILLED","ios_oSOP2MP7qYZ8wYgNhzcA","GTC","0E-8","0E-8","Contract Price","false","2025-10-28 04:14:16"
"1157365933","2025-10-28 04:14:45","23031479727","AAVEUSDT","MARKET","BUY","BOTH","0E-8","236.37956912","55.70000000","55.70000000","13166.34200000","236.36000000","FILLED","ios_dA3lcyyjnx3mdTxGYgDo","GTE_GTC","0E-8","0E-8","Contract Price","true","2025-10-28 04:54:18"
"1157365933","2025-10-28 04:14:45","23031479728","AAVEUSDT","STOP_MARKET","BUY","BOTH","0E-8",,"0E-8","0E-8","0E-8","230.02000000","EXPIRED","ios_OqZpAQv5S6u1u50UJgjo","GTE_GTC","0E-8","0E-8","Contract Price","true","2025-10-28 04:54:18"
"1157365933","2025-10-28 06:23:52","161953830","RIVERUSDT","MARKET","BUY","BOTH","0E-8","7.99500000","586.20000000","586.20000000","4686.66900000","0E-8","FILLED","web_usdt_wyl4idm2thqyb6qyd0jj999","GTC","0E-8","0E-8","Contract Price","false","2025-10-28 06:23:52"
"1157365933","2025-10-28 06:24:25","161966702","RIVERUSDT","STOP_MARKET","SELL","BOTH","0E-8",,"0E-8","0E-8","0E-8","8.59400000","CANCELED","web_J6fXhJej5y5YkrZGz6N7","GTE_GTC","0E-8","0E-8","Contract Price","true","2025-10-28 06:24:48"
"1157365933","2025-10-28 06:24:25","161966703","RIVERUSDT","STOP_MARKET","SELL","BOTH","0E-8",,"0E-8","0E-8","0E-8","7.63900000","CANCELED","web_0cEzbVI9IMcpVtorzn8L","GTE_GTC","0E-8","0E-8","Contract Price","true","2025-10-28 06:42:41"
"1157365933","2025-10-28 06:24:48","161974429","RIVERUSDT","STOP_MARKET","SELL","BOTH","0E-8",,"0E-8","0E-8","0E-8","8.38700000","CANCELED","web_f0N3ARaiQGt9lcrmMjKa","GTE_GTC","0E-8","0E-8","Contract Price","true","2025-10-28 06:25:28"
"1157365933","2025-10-28 06:25:28","161982619","RIVERUSDT","STOP_MARKET","SELL","BOTH","0E-8",,"0E-8","0E-8","0E-8","8.59400000","CANCELED","web_AkfFkGNkFWPciyn5yTsY","GTE_GTC","0E-8","0E-8","Contract Price","true","2025-10-28 06:25:49"
"1157365933","2025-10-28 06:25:49","161992422","RIVERUSDT","STOP_MARKET","SELL","BOTH","0E-8",,"0E-8","0E-8","0E-8","8.47400000","CANCELED","web_nt6rKDEueDpLWj6RnGEh","GTE_GTC","0E-8","0E-8","Contract Price","true","2025-10-28 06:27:47"
"1157365933","2025-10-28 06:27:47","162036483","RIVERUSDT","STOP_MARKET","SELL","BOTH","0E-8",,"0E-8","0E-8","0E-8","8.59400000","EXPIRED","web_eWSbF3jup4yJywiRjW3c","GTE_GTC","0E-8","0E-8","Contract Price","true","2025-10-28 06:49:00"
"1157365933","2025-10-28 06:42:32","162268320","RIVERUSDT","MARKET","SELL","BOTH","0E-8","8.31323439","293.10000000","293.10000000","2436.60900000","0E-8","FILLED","web_1JU54y0c0z0zD6lRCkLq","GTC","0E-8","0E-8","Contract Price","false","2025-10-28 06:42:32"
"1157365933","2025-10-28 06:42:41","162279128","RIVERUSDT","MARKET","SELL","BOTH","0E-8","7.98838690","293.10000000","293.10000000","2341.39620000","7.99500000","FILLED","web_JATvBoEfEBSPfBRAf70x","GTE_GTC","0E-8","0E-8","Contract Price","true","2025-10-28 06:49:00"
"1157365933","2025-10-28 06:49:59","162495459","RIVERUSDT","MARKET","BUY","BOTH","0E-8","8.09624872","583.80000000","583.80000000","4726.59000000","0E-8","FILLED","web_usdt_0xxpvr2qkn8l6x93r0sulrb","GTC","0E-8","0E-8","Contract Price","false","2025-10-28 06:49:59"
"1157365933","2025-10-28 06:50:22","162503934","RIVERUSDT","STOP_MARKET","SELL","BOTH","0E-8",,"0E-8","0E-8","0E-8","8.37900000","CANCELED","web_kyRwk6faHRlUlRyg7bhD","GTE_GTC","0E-8","0E-8","Contract Price","true","2025-10-28 06:55:15"
"1157365933","2025-10-28 06:52:59","162545240","RIVERUSDT","STOP_MARKET","SELL","BOTH","0E-8",,"0E-8","0E-8","0E-8","7.97400000","CANCELED","web_5uyrzRcTBsBj9kM6QY1R","GTE_GTC","0E-8","0E-8","Contract Price","true","2025-10-28 06:56:33"
"1157365933","2025-10-28 06:55:15","162566674","RIVERUSDT","STOP_MARKET","SELL","BOTH","0E-8",,"0E-8","0E-8","0E-8","8.70300000","EXPIRED","web_RJ2wJjjevxwWsg6YDv7O","GTE_GTC","0E-8","0E-8","Contract Price","true","2025-10-28 07:14:53"
"1157365933","2025-10-28 06:56:33","162578794","RIVERUSDT","STOP_MARKET","SELL","BOTH","0E-8",,"0E-8","0E-8","0E-8","7.63900000","EXPIRED","web_elbnm6zKcUQcSdsL6K41","GTE_GTC","0E-8","0E-8","Contract Price","true","2025-10-28 07:14:53"
"1157365933","2025-10-28 07:14:53","162781777","RIVERUSDT","MARKET","SELL","BOTH","0E-8","8.28057845","583.80000000","583.80000000","4834.20170000","0E-8","FILLED","ios_gcPqdyQlPjebsGjC9pkv","GTC","0E-8","0E-8","Contract Price","false","2025-10-28 07:14:53"
"1157365933","2025-10-28 12:55:42","7784081257","TAOUSDT","MARKET","BUY","BOTH","0E-8","450.60107183","27.74700000","27.74700000","12502.82794000","0E-8","FILLED","web_usdt_1rvxnn7g7399n97qqyckjys","GTC","0E-8","0E-8","Contract Price","false","2025-10-28 12:55:42"
"1157365933","2025-10-28 12:56:03","7784087603","TAOUSDT","STOP_MARKET","SELL","BOTH","0E-8",,"0E-8","0E-8","0E-8","440.65000000","EXPIRED","web_FKOJUcDUVl5phdwhC6Xr","GTE_GTC","0E-8","0E-8","markPrice","true","2025-10-28 13:26:34"
"1157365933","2025-10-28 13:25:55","7784953092","TAOUSDT","MARKET","SELL","BOTH","0E-8","459.28393592","27.74700000","27.74700000","12743.75137000","458.71000000","FILLED","web_uizNDyLB3ggnxeUJYUqu","GTE_GTC","0E-8","0E-8","markPrice","true","2025-10-28 13:26:34"
"1157365933","2025-10-28 14:13:15","10040141281","FETUSDT","MARKET","BUY","BOTH","0E-8","0.27425714","48157.00000000","48157.00000000","13207.40090000","0E-8","FILLED","web_usdt_rj5sd0gibwkr4pnu7iry1dl","GTC","0E-8","0E-8","Contract Price","false","2025-10-28 14:13:15"
"1157365933","2025-10-28 14:14:13","10040147912","FETUSDT","STOP_MARKET","SELL","BOTH","0E-8",,"0E-8","0E-8","0E-8","0.27220000","CANCELED","web_IYJdW8n0r1R9H6EejrRQ","GTE_GTC","0E-8","0E-8","markPrice","true","2025-10-28 14:14:51"
"1157365933","2025-10-28 14:14:51","10040150299","FETUSDT","MARKET","SELL","BOTH","0E-8","0.27136522","48157.00000000","48157.00000000","13068.13470000","0.27150000","FILLED","web_vPmsT1JAkaTohyTvf6Ms","GTE_GTC","0E-8","0E-8","markPrice","true","2025-10-28 14:31:42"
"1157365933","2025-10-28 14:39:11","3664181632","PHBUSDT","MARKET","BUY","BOTH","0E-8","0.69147130","7355.00000000","7355.00000000","5085.77140000","0E-8","FILLED","web_usdt_xuen73sdyny1l1u5ql6ja0m","GTC","0E-8","0E-8","Contract Price","false","2025-10-28 14:39:11"
"1157365933","2025-10-28 14:39:37","3664187314","PHBUSDT","STOP_MARKET","SELL","BOTH","0E-8",,"0E-8","0E-8","0E-8","0.66160000","EXPIRED","web_0TYT6I1Vwx7zwS559Dcx","GTE_GTC","0E-8","0E-8","markPrice","true","2025-10-28 15:21:37"
"1157365933","2025-10-28 14:39:47","3664190521","PHBUSDT","STOP_MARKET","SELL","BOTH","0E-8",,"0E-8","0E-8","0E-8","0.71710000","CANCELED","web_aL6nUQJ5R8kYg4Fmwik7","GTE_GTC","0E-8","0E-8","markPrice","true","2025-10-28 14:51:41"
"1157365933","2025-10-28 14:51:41","3664410333","PHBUSDT","STOP_MARKET","SELL","BOTH","0E-8",,"0E-8","0E-8","0E-8","0.71420000","CANCELED","web_XHXqKgTnzeFBGpe3JGje","GTE_GTC","0E-8","0E-8","markPrice","true","2025-10-28 15:02:32"
"1157365933","2025-10-28 15:02:32","3664557658","PHBUSDT","STOP_MARKET","SELL","BOTH","0E-8",,"0E-8","0E-8","0E-8","0.71040000","CANCELED","web_JLS25a77CHC5iSbeJUTD","GTE_GTC","0E-8","0E-8","markPrice","true","2025-10-28 15:07:49"
"1157365933","2025-10-28 15:07:49","3664623721","PHBUSDT","STOP_MARKET","SELL","BOTH","0E-8",,"0E-8","0E-8","0E-8","0.71560000","CANCELED","web_7V0mEk4L3vR1DIiZkvtE","GTE_GTC","0E-8","0E-8","markPrice","true","2025-10-28 15:08:58"
"1157365933","2025-10-28 15:08:58","3664641599","PHBUSDT","MARKET","SELL","BOTH","0E-8","0.70933706","7355.00000000","7355.00000000","5217.17410000","0.71130000","FILLED","web_9wEIAELNC7JP3KSbsS0x","GTE_GTC","0E-8","0E-8","markPrice","true","2025-10-28 15:21:37"
"1157365933","2025-10-28 23:33:14","2290835242","PUMPUSDT","MARKET","SELL","BOTH","0E-8","0.00462600","2894899.00000000","2894899.00000000","13391.80277400","0E-8","FILLED","web_usdt_npn3msc70x6ub7pkclsny45","GTC","0E-8","0E-8","Contract Price","false","2025-10-28 23:33:14"
"1157365933","2025-10-28 23:33:34","2290838053","PUMPUSDT","STOP_MARKET","BUY","BOTH","0E-8",,"0E-8","0E-8","0E-8","0.00470100","CANCELED","web_dSJzaUcmQKEOXiAKYP28","GTE_GTC","0E-8","0E-8","Contract Price","true","2025-10-28 23:42:13"
"1157365933","2025-10-28 23:41:58","2290923737","PUMPUSDT","STOP_MARKET","BUY","BOTH","0E-8",,"0E-8","0E-8","0E-8","0.00449600","CANCELED","web_W1AgeTSky2aK3pXbUqXk","GTE_GTC","0E-8","0E-8","Contract Price","true","2025-10-29 00:08:43"
"1157365933","2025-10-28 23:42:13","2290926677","PUMPUSDT","STOP_MARKET","BUY","BOTH","0E-8",,"0E-8","0E-8","0E-8","0.00469200","EXPIRED","web_lYAknz50UyMa3xV6EIpN","GTE_GTC","0E-8","0E-8","Contract Price","true","2025-10-29 01:04:16"
"1157365933","2025-10-29 00:08:43","2291199258","PUMPUSDT","STOP_MARKET","BUY","BOTH","0E-8",,"0E-8","0E-8","0E-8","0.00454200","CANCELED","web_HYeKRpXZ45NdQsb4kZIj","GTE_GTC","0E-8","0E-8","Contract Price","true","2025-10-29 00:47:07"
"1157365933","2025-10-29 00:47:08","2291655824","PUMPUSDT","STOP_MARKET","BUY","BOTH","0E-8",,"0E-8","0E-8","0E-8","0.00454700","CANCELED","web_lFbH33ukZGT9AGUEMklM","GTE_GTC","0E-8","0E-8","Contract Price","true","2025-10-29 01:03:29"
"1157365933","2025-10-29 01:03:29","2291862092","PUMPUSDT","MARKET","BUY","BOTH","0E-8","0.00455383","2894899.00000000","2894899.00000000","13182.88678100","0.00455200","FILLED","web_tE4Fy783A6S1Vlk15Nbb","GTE_GTC","0E-8","0E-8","Contract Price","true","2025-10-29 01:04:16"
"1157365933","2025-10-29 06:57:39","133335340","ENSOUSDT","MARKET","BUY","BOTH","0E-8","2.14716767","2584.20000000","2584.20000000","5548.71070000","0E-8","FILLED","web_usdt_mkut9fsdnu2u85r3qrg14xd","GTC","0E-8","0E-8","Contract Price","false","2025-10-29 06:57:39"
"1157365933","2025-10-29 06:57:55","133349633","ENSOUSDT","MARKET","SELL","BOTH","0E-8","2.11460777","2584.20000000","2584.20000000","5464.56940000","2.11400000","FILLED","web_VqLLhx2w8UR3YD6dG7mD","GTE_GTC","0E-8","0E-8","Contract Price","true","2025-10-29 07:00:23"
"1157365933","2025-10-29 06:57:55","133349634","ENSOUSDT","STOP_MARKET","SELL","BOTH","0E-8",,"0E-8","0E-8","0E-8","2.24300000","EXPIRED","web_wLy2xUIhf2xzaLL5eC5X","GTE_GTC","0E-8","0E-8","Contract Price","true","2025-10-29 07:00:23"
"1157365933","2025-10-29 08:00:18","2601526000","MYXUSDT","MARKET","SELL","BOTH","0E-8","2.61942574","2821.00000000","2821.00000000","7389.40000000","0E-8","FILLED","web_usdt_g5npkdlv5pkff539ulekoe4","GTC","0E-8","0E-8","Contract Price","false","2025-10-29 08:00:18"
"1157365933","2025-10-29 08:00:57","2601527412","MYXUSDT","STOP_MARKET","BUY","BOTH","0E-8",,"0E-8","0E-8","0E-8","2.65300000","EXPIRED","web_huaSnyMYO1nQmEoY8PR6","GTE_GTC","0E-8","0E-8","Contract Price","true","2025-10-29 08:06:26"
"1157365933","2025-10-29 08:06:26","2601537527","MYXUSDT","MARKET","BUY","BOTH","0E-8","2.59484864","2821.00000000","2821.00000000","7320.06800000","0E-8","FILLED","web_KdNPyZrLAzhN0bot3Nrs","GTC","0E-8","0E-8","Contract Price","false","2025-10-29 08:06:26"
"1157365933","2025-10-29 09:45:08","178504920","OLUSDT","MARKET","BUY","BOTH","0E-8","0.04296512","127457.00000000","127457.00000000","5476.20565000","0E-8","FILLED","web_usdt_tm6aext4s0r8y6g7skjofv1","GTC","0E-8","0E-8","Contract Price","false","2025-10-29 09:45:08"
"1157365933","2025-10-29 09:45:35","178517151","OLUSDT","STOP_MARKET","SELL","BOTH","0E-8",,"0E-8","0E-8","0E-8","0.04129000","CANCELED","web_GpU0zzYrSh9F7bClQwLI","GTE_GTC","0E-8","0E-8","markPrice","true","2025-10-29 09:49:33"
"1157365933","2025-10-29 09:49:33","178612318","OLUSDT","MARKET","SELL","BOTH","0E-8","0.04032153","127457.00000000","127457.00000000","5139.26160000","0.04038000","FILLED","web_v4sO9FWNGqzZg96qHfsd","GTE_GTC","0E-8","0E-8","markPrice","true","2025-10-29 10:15:07"
"1157365933","2025-10-29 10:00:32","178851716","OLUSDT","STOP_MARKET","SELL","BOTH","0E-8",,"0E-8","0E-8","0E-8","0.04489000","CANCELED","web_jIw7sFdgokOVgU2u5KV0","GTE_GTC","0E-8","0E-8","markPrice","true","2025-10-29 10:02:38"
"1157365933","2025-10-29 10:02:38","178936658","OLUSDT","STOP_MARKET","SELL","BOTH","0E-8",,"0E-8","0E-8","0E-8","0.04446000","EXPIRED","web_yHj3JXDtcA0vIiGCNadH","GTE_GTC","0E-8","0E-8","markPrice","true","2025-10-29 10:15:07"
"1157365933","2025-10-29 12:11:15","1346391835","HUSDT","MARKET","SELL","BOTH","0E-8","0.28305742","87486.00000000","87486.00000000","24763.56145000","0E-8","FILLED","web_usdt_xe92puugf462e40bo5kugfr","GTC","0E-8","0E-8","Contract Price","false","2025-10-29 12:11:15"
"1157365933","2025-10-29 12:12:05","1346403135","HUSDT","STOP_MARKET","BUY","BOTH","0E-8",,"0E-8","0E-8","0E-8","0.28560000","CANCELED","web_OrqHwLxEsg2DlBlzwBDV","GTE_GTC","0E-8","0E-8","markPrice","true","2025-10-29 12:15:52"
"1157365933","2025-10-29 12:12:48","1346412520","HUSDT","STOP_MARKET","BUY","BOTH","0E-8",,"0E-8","0E-8","0E-8","0.27716000","CANCELED","web_ZD4eqPOQS03l9KKOnvWY","GTE_GTC","0E-8","0E-8","markPrice","true","2025-10-29 12:13:03"
"1157365933","2025-10-29 12:13:03","1346415618","HUSDT","STOP_MARKET","BUY","BOTH","0E-8",,"0E-8","0E-8","0E-8","0.28041000","CANCELED","web_QTinWsPcBo9Cs0w0mLZT","GTE_GTC","0E-8","0E-8","markPrice","true","2025-10-29 12:13:35"
"1157365933","2025-10-29 12:13:35","1346420695","HUSDT","STOP_MARKET","BUY","BOTH","0E-8",,"0E-8","0E-8","0E-8","0.27867000","EXPIRED","web_B1aVlXSXsoy7gXXnO1Au","GTE_GTC","0E-8","0E-8","markPrice","true","2025-10-29 12:21:10"
"1157365933","2025-10-29 12:15:52","1346446235","HUSDT","MARKET","BUY","BOTH","0E-8","0.28744602","87486.00000000","87486.00000000","25147.50243000","0.28645000","FILLED","web_ICvDsnQuBMfILQpJIEYS","GTE_GTC","0E-8","0E-8","markPrice","true","2025-10-29 12:21:10"
"1157365933","2025-10-29 13:00:27","34166931784","FILUSDT","MARKET","BUY","BOTH","0E-8","1.61800000","6875.00000000","6875.00000000","11123.75000000","0E-8","FILLED","web_usdt_sh8qqqi85zll3zz7sinwa84","GTC","0E-8","0E-8","Contract Price","false","2025-10-29 13:00:27"
"1157365933","2025-10-29 13:01:14","34166934167","FILUSDT","STOP_MARKET","SELL","BOTH","0E-8",,"0E-8","0E-8","0E-8","1.60400000","CANCELED","web_j5TwTS4Uedb4CmVcWjpQ","GTE_GTC","0E-8","0E-8","markPrice","true","2025-10-29 13:24:47"
"1157365933","2025-10-29 13:01:14","34166934168","FILUSDT","STOP_MARKET","SELL","BOTH","0E-8",,"0E-8","0E-8","0E-8","1.64100000","CANCELED","web_7i3HNAW0qXeQcaFa8SY9","GTE_GTC","0E-8","0E-8","markPrice","true","2025-10-29 13:01:40"
"1157365933","2025-10-29 13:01:40","34166936063","FILUSDT","STOP_MARKET","SELL","BOTH","0E-8",,"0E-8","0E-8","0E-8","1.66600000","EXPIRED","web_mIidorBVVWHjpulXaaWJ","GTE_GTC","0E-8","0E-8","markPrice","true","2025-10-29 13:37:33"
"1157365933","2025-10-29 13:24:47","34167023211","FILUSDT","MARKET","SELL","BOTH","0E-8","1.60800000","6875.00000000","6875.00000000","11055.00000000","1.60800000","FILLED","web_BgLSe3PsZybglnXHPSw6","GTE_GTC","0E-8","0E-8","markPrice","true","2025-10-29 13:37:33"
"1157365933","2025-10-30 05:27:12","1162280657","AIAUSDT","MARKET","BUY","BOTH","0E-8","1.23725379","17155.00000000","17155.00000000","21225.08870000","0E-8","FILLED","web_usdt_jn9n9hcz7hdxks6pwb9elbz","GTC","0E-8","0E-8","Contract Price","false","2025-10-30 05:27:12"
"1157365933","2025-10-30 05:27:26","1162285154","AIAUSDT","STOP_MARKET","SELL","BOTH","0E-8",,"0E-8","0E-8","0E-8","1.17990000","EXPIRED","web_q3SLC0m78qn8JhoDxBgI","GTE_GTC","0E-8","0E-8","Contract Price","true","2025-10-30 05:28:08"
"1157365933","2025-10-30 05:28:08","1162300262","AIAUSDT","MARKET","SELL","BOTH","0E-8","1.24879976","17155.00000000","17155.00000000","21423.15990000","0E-8","FILLED","web_OgHy1KcuiMXkpKUX8IeI","GTC","0E-8","0E-8","Contract Price","false","2025-10-30 05:28:08"
"1157365933","2025-10-30 05:49:02","1163063204","AIAUSDT","MARKET","SELL","BOTH","0E-8","1.20444580","17370.00000000","17370.00000000","20921.22350000","1.20590000","FILLED","web_st_JbcNYmhhOzBmzK5","GTE_GTC","0E-8","0E-8","Contract Price","true","2025-10-30 05:49:06"
"1157365933","2025-10-30 05:49:02","1163063131","AIAUSDT","MARKET","BUY","BOTH","0E-8","1.21460823","17370.00000000","17370.00000000","21097.74490000","0E-8","FILLED","web_usdt_st_kdqa8319hilfpjtrhddd","GTC","0E-8","0E-8","Contract Price","false","2025-10-30 05:49:02"
"1157365933","2025-10-30 05:49:17","1163075056","AIAUSDT","MARKET","BUY","BOTH","0E-8","1.20920103","16403.00000000","16403.00000000","19834.52450000","0E-8","FILLED","web_usdt_08r94xuc9ex2k8wjqcd6o0i","GTC","0E-8","0E-8","Contract Price","false","2025-10-30 05:49:17"
"1157365933","2025-10-30 05:49:51","1163087410","AIAUSDT","STOP_MARKET","SELL","BOTH","0E-8",,"0E-8","0E-8","0E-8","1.19460000","EXPIRED","web_YwU6FNUvkw0v40GN1eAl","GTE_GTC","0E-8","0E-8","Contract Price","true","2025-10-30 05:54:03"
"1157365933","2025-10-30 05:50:12","1163094364","AIAUSDT","STOP_MARKET","SELL","BOTH","0E-8",,"0E-8","0E-8","0E-8","1.22370000","CANCELED","web_qkib9nSjpm4gzQ2iQ0hn","GTE_GTC","0E-8","0E-8","Contract Price","true","2025-10-30 05:50:51"
"1157365933","2025-10-30 05:50:51","1163109751","AIAUSDT","STOP_MARKET","SELL","BOTH","0E-8",,"0E-8","0E-8","0E-8","1.22730000","CANCELED","web_Nnvc9I9fjvtmRmz0w5rs","GTE_GTC","0E-8","0E-8","Contract Price","true","2025-10-30 05:53:00"
"1157365933","2025-10-30 05:53:00","1163153919","AIAUSDT","MARKET","SELL","BOTH","0E-8","1.21479991","16403.00000000","16403.00000000","19926.36300000","1.21760000","FILLED","web_Ktl8IBmwzbytcZfF82rO","GTE_GTC","0E-8","0E-8","Contract Price","true","2025-10-30 05:54:03"
"1157365933","2025-10-30 06:07:11","803946387","JELLYJELLYUSDT","MARKET","BUY","BOTH","0E-8","0.12485687","34790.00000000","34790.00000000","4343.77057000","0E-8","FILLED","web_usdt_6gq5zo2extmqflt5baytbfv","GTC","0E-8","0E-8","Contract Price","false","2025-10-30 06:07:11"
"1157365933","2025-10-30 06:10:09","804020159","JELLYJELLYUSDT","STOP_MARKET","SELL","BOTH","0E-8",,"0E-8","0E-8","0E-8","0.12812000","CANCELED","web_mXRNYgWzxAt56JR0x5PN","GTE_GTC","0E-8","0E-8","Contract Price","true","2025-10-30 06:26:53"
"1157365933","2025-10-30 06:13:43","804087641","JELLYJELLYUSDT","STOP_MARKET","SELL","BOTH","0E-8",,"0E-8","0E-8","0E-8","0.12023000","CANCELED","web_gRQaMjft8NAUXDJIsvJt","GTE_GTC","0E-8","0E-8","Contract Price","true","2025-10-30 06:39:04"
"1157365933","2025-10-30 06:26:53","804338555","JELLYJELLYUSDT","STOP_MARKET","SELL","BOTH","0E-8",,"0E-8","0E-8","0E-8","0.13234000","CANCELED","web_o2lJbMQEyi3PQINjUW9o","GTE_GTC","0E-8","0E-8","Contract Price","true","2025-10-30 06:36:53"
"1157365933","2025-10-30 06:36:53","804525257","JELLYJELLYUSDT","STOP_MARKET","SELL","BOTH","0E-8",,"0E-8","0E-8","0E-8","0.12824000","CANCELED","web_7JbDh8oiKYop7lKAXt67","GTE_GTC","0E-8","0E-8","Contract Price","true","2025-10-30 06:39:04"
"1157365933","2025-10-30 06:39:04","804563282","JELLYJELLYUSDT","STOP_MARKET","SELL","BOTH","0E-8",,"0E-8","0E-8","0E-8","0.13422000","CANCELED","web_yZnyq8n7V6nd9d1nanfH","GTE_GTC","0E-8","0E-8","Contract Price","true","2025-10-30 06:42:55"
"1157365933","2025-10-30 06:39:04","804563273","JELLYJELLYUSDT","STOP_MARKET","SELL","BOTH","0E-8",,"0E-8","0E-8","0E-8","0.12298000","CANCELED","web_vBmqbS39Qlsyyy0oonbS","GTE_GTC","0E-8","0E-8","Contract Price","true","2025-10-30 06:40:14"
"1157365933","2025-10-30 06:40:14","804588107","JELLYJELLYUSDT","STOP_MARKET","SELL","BOTH","0E-8",,"0E-8","0E-8","0E-8","0.12262000","EXPIRED","web_bDhB3BjuXNXDZqUir6i2","GTE_GTC","0E-8","0E-8","Contract Price","true","2025-10-30 06:52:24"
"1157365933","2025-10-30 06:42:55","804651964","JELLYJELLYUSDT","STOP_MARKET","SELL","BOTH","0E-8",,"0E-8","0E-8","0E-8","0.12860000","CANCELED","web_3VZoc8Mz0mGMeZjAKqKM","GTE_GTC","0E-8","0E-8","Contract Price","true","2025-10-30 06:52:16"
"1157365933","2025-10-30 06:52:17","804853214","JELLYJELLYUSDT","MARKET","SELL","BOTH","0E-8","0.12810877","34790.00000000","34790.00000000","4456.90399000","0.12816000","FILLED","web_ZSHbMNQsBtNGaD1RMMWQ","GTE_GTC","0E-8","0E-8","Contract Price","true","2025-10-30 06:52:24"
"1157365933","2025-10-30 12:55:38","732764591","EVAAUSDT","MARKET","SELL","BOTH","0E-8","10.13875149","1339.60000000","1339.60000000","13581.87150000","0E-8","FILLED","web_usdt_dxti7g43mfkl307ilj0b0vk","GTC","0E-8","0E-8","Contract Price","false","2025-10-30 12:55:38"
"1157365933","2025-10-30 12:55:47","732767868","EVAAUSDT","MARKET","BUY","BOTH","0E-8","10.07046193","1339.60000000","1339.60000000","13490.39080000","10.05400000","FILLED","web_5hW4QnrSTtQJt3qe5rNE","GTE_GTC","0E-8","0E-8","markPrice","true","2025-10-30 12:59:34"
"1157365933","2025-10-30 14:29:39","4619458936","EIGENUSDT","MARKET","SELL","BOTH","0E-8","0.94887725","24150.20000000","24150.20000000","22915.57530000","0E-8","FILLED","web_usdt_niy5e07aznjbsb7scsaj6kr","GTC","0E-8","0E-8","Contract Price","false","2025-10-30 14:29:39"
"1157365933","2025-10-30 14:30:09","4619467504","EIGENUSDT","STOP_MARKET","BUY","BOTH","0E-8",,"0E-8","0E-8","0E-8","0.96010000","CANCELED","web_YxxDOHVP4TIM9p91FWmG","GTE_GTC","0E-8","0E-8","markPrice","true","2025-10-30 14:31:59"
"1157365933","2025-10-30 14:31:59","4619498504","EIGENUSDT","STOP_MARKET","BUY","BOTH","0E-8",,"0E-8","0E-8","0E-8","0.96310000","EXPIRED","web_SR2jddL6BYbV9nAUtD9n","GTE_GTC","0E-8","0E-8","markPrice","true","2025-10-30 15:08:00"
"1157365933","2025-10-30 14:33:20","4619525054","EIGENUSDT","STOP_MARKET","BUY","BOTH","0E-8",,"0E-8","0E-8","0E-8","0.94220000","CANCELED","web_5RgjVTJawq7PKkUArUeR","GTE_GTC","0E-8","0E-8","markPrice","true","2025-10-30 14:34:30"
"1157365933","2025-10-30 14:34:31","4619550530","EIGENUSDT","STOP_MARKET","BUY","BOTH","0E-8",,"0E-8","0E-8","0E-8","0.94030000","CANCELED","web_rdLCWkq8DidQ5EW9AOXs","GTE_GTC","0E-8","0E-8","markPrice","true","2025-10-30 15:07:06"
"1157365933","2025-10-30 15:07:06","4619991800","EIGENUSDT","STOP_MARKET","BUY","BOTH","0E-8",,"0E-8","0E-8","0E-8","0.94220000","CANCELED","web_WUfifYxf3QBCiOEpvP7W","GTE_GTC","0E-8","0E-8","markPrice","true","2025-10-30 15:07:20"
"1157365933","2025-10-30 15:07:21","4619996316","EIGENUSDT","MARKET","BUY","BOTH","0E-8","0.94031992","24150.20000000","24150.20000000","22708.91403000","0.94030000","FILLED","web_IfMZtwLnp2Tyas1CffYG","GTE_GTC","0E-8","0E-8","markPrice","true","2025-10-30 15:08:00"
"1157365933","2025-10-31 00:20:58","18232007209","APTUSDT","MARKET","SELL","BOTH","0E-8","3.19081767","6088.60000000","6088.60000000","19427.61246000","0E-8","FILLED","web_usdt_2tpnvvjgeemd2k206db3y7s","GTC","0E-8","0E-8","Contract Price","false","2025-10-31 00:20:58"
"1157365933","2025-10-31 00:21:37","18232010539","APTUSDT","STOP_MARKET","BUY","BOTH","0E-8",,"0E-8","0E-8","0E-8","3.20490000","CANCELED","web_VSajFHm5QkohF1j4ZnJr","GTE_GTC","0E-8","0E-8","Contract Price","true","2025-10-31 00:33:02"
"1157365933","2025-10-31 00:33:02","18232080615","APTUSDT","STOP_MARKET","BUY","BOTH","0E-8",,"0E-8","0E-8","0E-8","3.21370000","CANCELED","web_ARGkB2aSH7VEEdxgCrV8","GTE_GTC","0E-8","0E-8","Contract Price","true","2025-10-31 00:46:38"
"1157365933","2025-10-31 00:46:38","18232151486","APTUSDT","MARKET","BUY","BOTH","0E-8","3.21601316","6088.60000000","6088.60000000","19581.01774000","3.21440000","FILLED","web_iWVkfStw0PNIk1qRu97G","GTE_GTC","0E-8","0E-8","Contract Price","true","2025-10-31 00:52:13"
"1157365933","2025-10-31 00:57:29","51588217","KITEUSDT","MARKET","BUY","BOTH","0E-8","0.16392021","27973.00000000","27973.00000000","4585.34001000","0E-8","FILLED","web_usdt_5kzil610dduvne9lbjwsmtq","GTC","0E-8","0E-8","Contract Price","false","2025-10-31 00:57:29"
"1157365933","2025-10-31 01:02:36","51701078","KITEUSDT","STOP_MARKET","SELL","BOTH","0E-8",,"0E-8","0E-8","0E-8","0.15948000","EXPIRED","web_jtVoX7rrUdTNnBJNUJeR","GTE_GTC","0E-8","0E-8","Contract Price","true","2025-10-31 01:21:58"
"1157365933","2025-10-31 01:04:47","51736878","KITEUSDT","MARKET","SELL","BOTH","0E-8","0.17215638","27973.00000000","27973.00000000","4815.73039000","0.17238000","FILLED","web_yfM1Z9dKVWa76LH1echX","GTE_GTC","0E-8","0E-8","Contract Price","true","2025-10-31 01:21:58"
"1157365933","2025-10-31 08:14:08","471955490","ICNTUSDT","MARKET","BUY","BOTH","0E-8","0.27203840","17989.00000000","17989.00000000","4893.69880000","0E-8","FILLED","web_usdt_59gq335l92s77tc8tzz4yo5","GTC","0E-8","0E-8","Contract Price","false","2025-10-31 08:14:08"
"1157365933","2025-10-31 08:14:26","471963564","ICNTUSDT","STOP_MARKET","SELL","BOTH","0E-8",,"0E-8","0E-8","0E-8","0.28820000","CANCELED","web_MiVZoQiScJ86FWu9ytiP","GTE_GTC","0E-8","0E-8","Contract Price","true","2025-10-31 08:16:34"
"1157365933","2025-10-31 08:16:34","472014140","ICNTUSDT","MARKET","SELL","BOTH","0E-8","0.28048916","17989.00000000","17989.00000000","5045.71950000","0.28150000","FILLED","web_y0lDOJX2UNCnu6fjHKLD","GTE_GTC","0E-8","0E-8","Contract Price","true","2025-10-31 08:17:20"
"1157365933","2025-10-31 10:26:12","4165940440","AIXBTUSDT","MARKET","BUY","BOTH","0E-8","0.07757461","327467.00000000","327467.00000000","25403.12634000","0E-8","FILLED","web_usdt_q82lwrvfyo551mamoinbxu0","GTC","0E-8","0E-8","Contract Price","false","2025-10-31 10:26:12"
"1157365933","2025-10-31 10:26:25","4165944465","AIXBTUSDT","STOP_MARKET","SELL","BOTH","0E-8",,"0E-8","0E-8","0E-8","0.07811000","EXPIRED","web_V8LtjN5EsRI83bijyEyE","GTE_GTC","0E-8","0E-8","markPrice","true","2025-10-31 10:30:39"
"1157365933","2025-10-31 10:26:49","4165950762","AIXBTUSDT","STOP_MARKET","SELL","BOTH","0E-8",,"0E-8","0E-8","0E-8","0.07703000","CANCELED","web_nbJrmF65CvakM3tHaZ6h","GTE_GTC","0E-8","0E-8","markPrice","true","2025-10-31 10:30:24"
"1157365933","2025-10-31 10:30:25","4166002783","AIXBTUSDT","MARKET","SELL","BOTH","0E-8","0.07656350","327467.00000000","327467.00000000","25072.02125000","0.07687000","FILLED","web_Dn7axN1tuuSQXrRnm1GG","GTE_GTC","0E-8","0E-8","markPrice","true","2025-10-31 10:30:39"
"1157365933","2025-10-31 13:01:35","1011435187","AEROUSDT","MARKET","SELL","BOTH","0E-8","1.10103211","4142.40000000","4142.40000000","4560.91540000","0E-8","FILLED","web_usdt_qsvhy408zxmcmt2al9t9gqy","GTC","0E-8","0E-8","Contract Price","false","2025-10-31 13:01:35"
"1157365933","2025-10-31 13:01:51","1011437496","AEROUSDT","STOP_MARKET","BUY","BOTH","0E-8",,"0E-8","0E-8","0E-8","1.07350000","CANCELED","web_1KZFKVBtQ02qqaWzrQtb","GTE_GTC","0E-8","0E-8","markPrice","true","2025-10-31 13:26:14"
"1157365933","2025-10-31 13:15:48","1011485249","AEROUSDT","STOP_MARKET","BUY","BOTH","0E-8",,"0E-8","0E-8","0E-8","1.11020000","EXPIRED","web_Rxtv6rwlPKXDxhixTn9w","GTE_GTC","0E-8","0E-8","markPrice","true","2025-10-31 15:24:52"
"1157365933","2025-10-31 13:26:14","1011523691","AEROUSDT","STOP_MARKET","BUY","BOTH","0E-8",,"0E-8","0E-8","0E-8","1.05140000","CANCELED","web_6Oaoz05WB3iTeZtSJz4k","GTE_GTC","0E-8","0E-8","markPrice","true","2025-10-31 13:26:21"
"1157365933","2025-10-31 13:26:21","1011524182","AEROUSDT","STOP_MARKET","BUY","BOTH","0E-8",,"0E-8","0E-8","0E-8","0.99090000","CANCELED","web_HXLWySF3NuVupDoyXuiD","GTE_GTC","0E-8","0E-8","markPrice","true","2025-10-31 13:26:36"
"1157365933","2025-10-31 13:26:36","1011525433","AEROUSDT","STOP_MARKET","BUY","BOTH","0E-8",,"0E-8","0E-8","0E-8","1.06660000","CANCELED","web_hU0OOlNhMn1t8ESQ68Zi","GTE_GTC","0E-8","0E-8","markPrice","true","2025-10-31 13:26:46"
"1157365933","2025-10-31 13:26:46","1011526300","AEROUSDT","STOP_MARKET","BUY","BOTH","0E-8",,"0E-8","0E-8","0E-8","1.04590000","CANCELED","web_VllfY0erJSzc4CzYbSvF","GTE_GTC","0E-8","0E-8","markPrice","true","2025-10-31 13:27:40"
"1157365933","2025-10-31 13:27:40","1011529259","AEROUSDT","STOP_MARKET","BUY","BOTH","0E-8",,"0E-8","0E-8","0E-8","1.06800000","CANCELED","web_hyveb9TVFZGhwqQJgK4B","GTE_GTC","0E-8","0E-8","markPrice","true","2025-10-31 13:30:16"
"1157365933","2025-10-31 13:30:16","1011536217","AEROUSDT","STOP_MARKET","BUY","BOTH","0E-8",,"0E-8","0E-8","0E-8","0.99090000","CANCELED","web_jZRkxhUn0pX4JqtYmRj8","GTE_GTC","0E-8","0E-8","markPrice","true","2025-10-31 15:16:13"
"1157365933","2025-10-31 15:16:14","1012021917","AEROUSDT","STOP_MARKET","BUY","BOTH","0E-8",,"0E-8","0E-8","0E-8","1.07400000","CANCELED","web_aYOLctMjEDxElNpytpUr","GTE_GTC","0E-8","0E-8","markPrice","true","2025-10-31 15:22:03"
"1157365933","2025-10-31 15:22:03","1012042275","AEROUSDT","STOP_MARKET","BUY","BOTH","0E-8",,"0E-8","0E-8","0E-8","1.07420000","CANCELED","web_6pzHUQUbP4gPdGSgBLP7","GTE_GTC","0E-8","0E-8","markPrice","true","2025-10-31 15:22:45"
"1157365933","2025-10-31 15:22:45","1012044811","AEROUSDT","MARKET","BUY","BOTH","0E-8","1.08178507","4142.40000000","4142.40000000","4481.18646000","1.08170000","FILLED","web_nZZtzM5oIAptrymev5mc","GTE_GTC","0E-8","0E-8","markPrice","true","2025-10-31 15:24:52"
"1157365933","2025-11-01 00:05:00","13172456006","XMRUSDT","MARKET","BUY","BOTH","0E-8","335.32935033","70.37400000","70.37400000","23598.46770000","0E-8","FILLED","web_usdt_xjwjf9itoqs2w8j8gpkkszx","GTC","0E-8","0E-8","Contract Price","false","2025-11-01 00:05:00"
"1157365933","2025-11-01 00:05:19","13172457688","XMRUSDT","STOP_MARKET","SELL","BOTH","0E-8",,"0E-8","0E-8","0E-8","337.00000000","CANCELED","web_aSxKWJbeW5UcjVZP8qQ6","GTE_GTC","0E-8","0E-8","markPrice","true","2025-11-01 01:02:06"
"1157365933","2025-11-01 00:05:39","13172459373","XMRUSDT","STOP_MARKET","SELL","BOTH","0E-8",,"0E-8","0E-8","0E-8","332.98000000","CANCELED","web_F8bjrgnzpQmBgw2QyI1R","GTE_GTC","0E-8","0E-8","markPrice","true","2025-11-01 01:51:22"
"1157365933","2025-11-01 01:02:06","13172752796","XMRUSDT","STOP_MARKET","SELL","BOTH","0E-8",,"0E-8","0E-8","0E-8","337.67000000","CANCELED","ios_JFFHjpXhEorMYpkDL0cu","GTE_GTC","0E-8","0E-8","markPrice","true","2025-11-01 01:51:22"
"1157365933","2025-11-01 01:51:22","13173078691","XMRUSDT","MARKET","SELL","BOTH","0E-8","333.11062353","70.37400000","70.37400000","23442.32702000","334.00000000","FILLED","ios_oOMrLGgUz3QtPa4DAz1A","GTE_GTC","0E-8","0E-8","markPrice","true","2025-11-01 02:01:28"
"1157365933","2025-11-01 01:51:22","13173078692","XMRUSDT","STOP_MARKET","SELL","BOTH","0E-8",,"0E-8","0E-8","0E-8","337.00000000","EXPIRED","ios_XBKKaCvbHniAaK73UHj1","GTE_GTC","0E-8","0E-8","markPrice","true","2025-11-01 02:01:28"
"1157365933","2025-11-01 02:05:30","7417289136","ZENUSDT","MARKET","BUY","BOTH","0E-8","15.69189532","716.50000000","716.50000000","11243.24300000","0E-8","FILLED","ios_usdt_gopOeXBroAwKhD35endw","GTC","0E-8","0E-8","Contract Price","false","2025-11-01 02:05:30"
"1157365933","2025-11-01 02:06:44","7417327718","ZENUSDT","STOP_MARKET","SELL","BOTH","0E-8",,"0E-8","0E-8","0E-8","15.47200000","CANCELED","ios_5QXcBnd2dUgSP26bLwDQ","GTE_GTC","0E-8","0E-8","markPrice","true","2025-11-01 02:10:10"
"1157365933","2025-11-01 02:07:03","7417337841","ZENUSDT","STOP_MARKET","SELL","BOTH","0E-8",,"0E-8","0E-8","0E-8","16.20000000","EXPIRED","ios_mz2i1pDCurh9ZCC1syEj","GTE_GTC","0E-8","0E-8","markPrice","true","2025-11-01 02:12:09"
"1157365933","2025-11-01 02:10:10","7417417373","ZENUSDT","MARKET","SELL","BOTH","0E-8","15.16187132","716.50000000","716.50000000","10863.48080000","15.34100000","FILLED","ios_DBzWC4BFNqfKK8XzTXQi","GTE_GTC","0E-8","0E-8","markPrice","true","2025-11-01 02:12:09"
"1157365933","2025-11-01 02:55:28","467695189","GIGGLEUSDT","MARKET","SELL","BOTH","0E-8","102.09813942","97.98000000","97.98000000","10003.57570000","0E-8","FILLED","ios_usdt_Yw40bTrKRIQ3p2lO4UM3","GTC","0E-8","0E-8","Contract Price","false","2025-11-01 02:55:28"
"1157365933","2025-11-01 02:55:47","467699465","GIGGLEUSDT","STOP_MARKET","BUY","BOTH","0E-8",,"0E-8","0E-8","0E-8","103.11000000","CANCELED","ios_FePqOqXLZSD8Ymwk3ILF","GTE_GTC","0E-8","0E-8","markPrice","true","2025-11-01 03:00:39"
"1157365933","2025-11-01 02:56:24","467709176","GIGGLEUSDT","STOP_MARKET","BUY","BOTH","0E-8",,"97.98000000","0E-8","0E-8","99.64000000","EXPIRED","ios_bMLLjANhjmkwD0eCuAmh","GTE_GTC","0E-8","0E-8","markPrice","true","2025-11-01 03:03:06"
"1157365933","2025-11-01 02:57:29","467737396","GIGGLEUSDT","STOP_MARKET","BUY","BOTH","0E-8",,"0E-8","0E-8","0E-8","100.26000000","CANCELED","ios_U6Ag1zVm76gT0Yaumh2T","GTE_GTC","0E-8","0E-8","markPrice","true","2025-11-01 03:00:02"
"1157365933","2025-11-01 03:00:02","467787972","GIGGLEUSDT","STOP_MARKET","BUY","BOTH","0E-8",,"0E-8","0E-8","0E-8","98.01000000","CANCELED","ios_lAEewAX2BK5ySDAP58Ul","GTE_GTC","0E-8","0E-8","markPrice","true","2025-11-01 03:02:02"
"1157365933","2025-11-01 03:00:19","467798111","GIGGLEUSDT","MARKET","BUY","BOTH","0E-8","100.86100681","49.96000000","49.96000000","5039.01590000","0E-8","FILLED","ios_ekvVdFheDqbTkommj2Xc","GTC","0E-8","0E-8","Contract Price","false","2025-11-01 03:00:19"
"1157365933","2025-11-01 03:00:39","467820320","GIGGLEUSDT","STOP_MARKET","BUY","BOTH","0E-8",,"0E-8","0E-8","0E-8","102.50000000","CANCELED","ios_JIK09UklDhAxpAhyLlUa","GTE_GTC","0E-8","0E-8","markPrice","true","2025-11-01 03:02:44"
"1157365933","2025-11-01 03:02:02","467856146","GIGGLEUSDT","STOP_MARKET","BUY","BOTH","0E-8",,"0E-8","0E-8","0E-8","99.03000000","EXPIRED","ios_rIf8eYfr7kb5vgWuWnu1","GTE_GTC","0E-8","0E-8","markPrice","true","2025-11-01 03:03:06"
"1157365933","2025-11-01 03:02:44","467875550","GIGGLEUSDT","MARKET","BUY","BOTH","0E-8","102.41955643","48.02000000","48.02000000","4918.18710000","102.09000000","FILLED","ios_2Nvk5yKQZssqaqpFII1u","GTE_GTC","0E-8","0E-8","markPrice","true","2025-11-01 03:03:06"
"1157365933","2025-11-01 04:00:19","5248201696","VIRTUALUSDT","MARKET","BUY","BOTH","0E-8","1.76959472","3325.00000000","3325.00000000","5883.90244000","0E-8","FILLED","ios_usdt_7ICT5kCgAmpYP57laFUC","GTC","0E-8","0E-8","Contract Price","false","2025-11-01 04:00:19"
"1157365933","2025-11-01 04:00:30","5248214088","VIRTUALUSDT","STOP_MARKET","SELL","BOTH","0E-8",,"0E-8","0E-8","0E-8","1.79900000","CANCELED","ios_8iz734lMhmo2AexLPln5","GTE_GTC","0E-8","0E-8","markPrice","true","2025-11-01 04:03:07"
"1157365933","2025-11-01 04:03:07","5248392919","VIRTUALUSDT","STOP_MARKET","SELL","BOTH","0E-8",,"0E-8","0E-8","0E-8","1.81080000","CANCELED","ios_9Ge1LCKQUOvfxpP7ye3E","GTE_GTC","0E-8","0E-8","markPrice","true","2025-11-01 04:03:17"
"1157365933","2025-11-01 04:03:17","5248414638","VIRTUALUSDT","STOP_MARKET","SELL","BOTH","0E-8",,"0E-8","0E-8","0E-8","1.82260000","CANCELED","ios_PNHDobbDc5qCysLlktSN","GTE_GTC","0E-8","0E-8","markPrice","true","2025-11-01 04:04:57"
"1157365933","2025-11-01 04:04:57","5248522987","VIRTUALUSDT","STOP_MARKET","SELL","BOTH","0E-8",,"0E-8","0E-8","0E-8","1.79900000","CANCELED","ios_0GGt7l3Ye8DEInB05Ity","GTE_GTC","0E-8","0E-8","markPrice","true","2025-11-01 04:09:31"
"1157365933","2025-11-01 04:09:31","5248852767","VIRTUALUSDT","MARKET","SELL","BOTH","0E-8","1.81416353","3325.00000000","3325.00000000","6032.09373000","1.81080000","FILLED","ios_KQhwffzkVdTH6M9DjYU8","GTE_GTC","0E-8","0E-8","markPrice","true","2025-11-01 04:26:28"
"1157365933","2025-11-01 04:23:13","5249551317","VIRTUALUSDT","STOP_MARKET","SELL","BOTH","0E-8",,"0E-8","0E-8","0E-8","1.75180000","EXPIRED","ios_SXiKaIVVGktWtKV1kdXF","GTE_GTC","0E-8","0E-8","markPrice","true","2025-11-01 04:26:28"
"1157365933","2025-11-01 05:35:46","93473392","ZBTUSDT","MARKET","BUY","BOTH","0E-8","0.20571169","20454.00000000","20454.00000000","4207.62690000","0E-8","FILLED","web_usdt_csxi6duc7hvdycn5v19e9l9","GTC","0E-8","0E-8","Contract Price","false","2025-11-01 05:35:46"
"1157365933","2025-11-01 05:36:11","93475262","ZBTUSDT","STOP_MARKET","SELL","BOTH","0E-8",,"0E-8","0E-8","0E-8","0.21290000","CANCELED","web_lCba9qR84ByKCkghwEwB","GTE_GTC","0E-8","0E-8","markPrice","true","2025-11-01 08:22:46"
"1157365933","2025-11-01 05:51:10","93522895","ZBTUSDT","STOP_MARKET","SELL","BOTH","0E-8",,"0E-8","0E-8","0E-8","0.20050000","EXPIRED","web_A6hG4UyFpfT2Eb5lKiAj","GTE_GTC","0E-8","0E-8","markPrice","true","2025-11-01 11:59:41"
"1157365933","2025-11-01 08:22:46","93974283","ZBTUSDT","STOP_MARKET","SELL","BOTH","0E-8",,"0E-8","0E-8","0E-8","0.21070000","CANCELED","ios_mEhNnfC8YFOCIRF2NJyt","GTE_GTC","0E-8","0E-8","markPrice","true","2025-11-01 10:03:22"
"1157365933","2025-11-01 10:03:22","94314609","ZBTUSDT","STOP_MARKET","SELL","BOTH","0E-8",,"0E-8","0E-8","0E-8","0.21290000","CANCELED","ios_PzhXsAcxMJvgf97jiMbW","GTE_GTC","0E-8","0E-8","markPrice","true","2025-11-01 10:30:37"
"1157365933","2025-11-01 10:30:38","94395112","ZBTUSDT","STOP_MARKET","SELL","BOTH","0E-8",,"0E-8","0E-8","0E-8","0.21060000","CANCELED","ios_jfbPu8C0WusQ822YMpZ7","GTE_GTC","0E-8","0E-8","markPrice","true","2025-11-01 11:39:57"
"1157365933","2025-11-01 11:39:57","94623082","ZBTUSDT","STOP_MARKET","SELL","BOTH","0E-8",,"0E-8","0E-8","0E-8","0.20870000","EXPIRED","web_oo6PibxN0ZQpOIFlNO2f","GTE_GTC","0E-8","0E-8","markPrice","true","2025-11-01 11:59:41"
"1157365933","2025-11-01 11:58:26","3787155093","XVGUSDT","MARKET","BUY","BOTH","0E-8","0.00706266","371700.00000000","371700.00000000","2625.18923700","0E-8","FILLED","web_usdt_irjxcs2e0t8ndngdcyt8c6m","GTC","0E-8","0E-8","Contract Price","false","2025-11-01 11:58:26"
"1157365933","2025-11-01 11:59:21","3787161913","XVGUSDT","STOP_MARKET","SELL","BOTH","0E-8",,"0E-8","0E-8","0E-8","0.00720300","CANCELED","web_tkLcaeDEBq9SbNCPS3il","GTE_GTC","0E-8","0E-8","markPrice","true","2025-11-01 12:00:28"
"1157365933","2025-11-01 11:59:41","94660881","ZBTUSDT","MARKET","SELL","BOTH","0E-8","0.20539966","20454.00000000","20454.00000000","4201.24460000","0E-8","FILLED","web_wiptR1gSyKPFgpSyhVSC","GTC","0E-8","0E-8","Contract Price","false","2025-11-01 11:59:41"
"1157365933","2025-11-01 12:00:09","3787167318","XVGUSDT","MARKET","BUY","BOTH","0E-8","0.00711038","1199848.00000000","1199848.00000000","8531.37344750","0E-8","FILLED","web_usdt_hl9u9xumt1fjyohshzfpc29","GTC","0E-8","0E-8","Contract Price","false","2025-11-01 12:00:09"
"1157365933","2025-11-01 12:00:28","3787170542","XVGUSDT","MARKET","SELL","BOTH","0E-8","0.00716633","1571548.00000000","1571548.00000000","11262.22568800","0.00717000","FILLED","web_gubsvxgfoknRtpvwMUBe","GTE_GTC","0E-8","0E-8","markPrice","true","2025-11-01 12:00:47"
"1157365933","2025-11-01 12:09:31","602611979","LINEAUSDT","MARKET","BUY","BOTH","0E-8","0.01449523","1493492.00000000","1493492.00000000","21648.51542000","0E-8","FILLED","web_usdt_s48bfli5v9dvhv9y6basnmc","GTC","0E-8","0E-8","Contract Price","false","2025-11-01 12:09:31"
"1157365933","2025-11-01 12:09:49","602613049","LINEAUSDT","STOP_MARKET","SELL","BOTH","0E-8",,"0E-8","0E-8","0E-8","0.01458000","CANCELED","web_aSEMOyDbj5Gv6fkjKwdY","GTE_GTC","0E-8","0E-8","markPrice","true","2025-11-01 12:11:58"
"1157365933","2025-11-01 12:11:58","602622850","LINEAUSDT","MARKET","SELL","BOTH","0E-8","0.01458033","1493492.00000000","1493492.00000000","21775.60072000","0.01459000","FILLED","web_ORSxTsVcUwuiAuVAfLNF","GTE_GTC","0E-8","0E-8","markPrice","true","2025-11-01 12:16:09"
"1157365933","2025-11-01 12:22:46","602660686","LINEAUSDT","MARKET","BUY","BOTH","0E-8","0.01453744","1557259.00000000","1557259.00000000","22638.56542000","0E-8","FILLED","web_usdt_az8t3kze3fa6esns0kbikhz","GTC","0E-8","0E-8","Contract Price","false","2025-11-01 12:22:46"
"1157365933","2025-11-01 12:22:54","602661997","LINEAUSDT","MARKET","SELL","BOTH","0E-8","0.01460110","1557259.00000000","1557259.00000000","22737.69773000","0.01461000","FILLED","web_Ascy1inXXkd0TXWwQX76","GTE_GTC","0E-8","0E-8","markPrice","true","2025-11-01 12:29:12"
"1157365933","2025-11-01 14:06:21","671945316","UBUSDT","MARKET","SELL","BOTH","0E-8","0.06812897","173413.00000000","173413.00000000","11814.44912900","0E-8","FILLED","web_usdt_ore640vkkja2hxf7rb2a77d","GTC","0E-8","0E-8","Contract Price","false","2025-11-01 14:06:21"
"1157365933","2025-11-01 14:06:32","671947362","UBUSDT","MARKET","BUY","BOTH","0E-8","0.06751940","173413.00000000","173413.00000000","11708.74248000","0.06744000","FILLED","web_QcgPYxZZ1k59k8kuJPQW","GTE_GTC","0E-8","0E-8","markPrice","true","2025-11-01 14:07:55"
"1157365933","2025-11-01 21:27:09","79251352","COMMONUSDT","MARKET","BUY","BOTH","0E-8","0.01106310","1057199.00000000","1057199.00000000","11695.89417800","0E-8","FILLED","ios_usdt_ffCDCIb4rVnrkOFdaD4J","GTC","0E-8","0E-8","Contract Price","false","2025-11-01 21:27:09"
"1157365933","2025-11-01 21:27:19","79254157","COMMONUSDT","MARKET","SELL","BOTH","0E-8","0.01119098","1057199.00000000","1057199.00000000","11831.09559800","0.01121700","FILLED","ios_jBPPSopnVv7yCyHRT8Hs","GTE_GTC","0E-8","0E-8","markPrice","true","2025-11-01 21:29:02"
"1157365933","2025-11-02 05:43:20","59951770","42USDT","MARKET","SELL","BOTH","0E-8","0.11370959","108342.00000000","108342.00000000","12319.52463000","0E-8","FILLED","ios_usdt_yBB9uUOiGfs40LL6D9wQ","GTC","0E-8","0E-8","Contract Price","false","2025-11-02 05:43:20"
"1157365933","2025-11-02 05:43:29","59953192","42USDT","MARKET","BUY","BOTH","0E-8","0.11266844","108342.00000000","108342.00000000","12206.72439000","0.11257000","FILLED","ios_8oZsRvWq3MvmJNimQ7c7","GTE_GTC","0E-8","0E-8","markPrice","true","2025-11-02 05:48:21"
"1157365933","2025-11-02 05:45:21","59958879","42USDT","STOP_MARKET","BUY","BOTH","0E-8",,"0E-8","0E-8","0E-8","0.11257000","EXPIRED","ios_vwiGZkGu1Ds9bZXr1NQw","GTE_GTC","0E-8","0E-8","markPrice","true","2025-11-02 05:48:21"
"1157365933","2025-11-02 07:35:58","3794303978","XVGUSDT","MARKET","BUY","BOTH","0E-8","0.00794858","1593445.00000000","1593445.00000000","12665.62227860","0E-8","FILLED","web_usdt_udvrx9asadhfcdpyxfyllb9","GTC","0E-8","0E-8","Contract Price","false","2025-11-02 07:35:58"
"1157365933","2025-11-02 07:36:09","3794308144","XVGUSDT","STOP_MARKET","SELL","BOTH","0E-8",,"0E-8","0E-8","0E-8","0.00805900","CANCELED","web_wQSr0HYj1LGSGdOoKUVM","GTE_GTC","0E-8","0E-8","markPrice","true","2025-11-02 08:08:15"
"1157365933","2025-11-02 08:08:15","3794697341","XVGUSDT","STOP_MARKET","SELL","BOTH","0E-8",,"0E-8","0E-8","0E-8","0.00825000","CANCELED","web_TAiJixpvNhquMuj2auAf","GTE_GTC","0E-8","0E-8","markPrice","true","2025-11-02 08:08:56"
"1157365933","2025-11-02 08:08:56","3794707840","XVGUSDT","STOP_MARKET","SELL","BOTH","0E-8",,"0E-8","0E-8","0E-8","0.00842500","CANCELED","web_TfAiXtKWwLbLHZ8l6mSX","GTE_GTC","0E-8","0E-8","markPrice","true","2025-11-02 08:23:00"
"1157365933","2025-11-02 08:23:00","3794866144","XVGUSDT","STOP_MARKET","SELL","BOTH","0E-8",,"0E-8","0E-8","0E-8","0.00818700","CANCELED","web_SE0YuGxRWGvuXDmGWyiM","GTE_GTC","0E-8","0E-8","markPrice","true","2025-11-02 08:30:52"
"1157365933","2025-11-02 08:30:52","3794940122","XVGUSDT","STOP_MARKET","SELL","BOTH","0E-8",,"0E-8","0E-8","0E-8","0.00834600","EXPIRED","web_ERim9ZoDmOIdB05YvEk9","GTE_GTC","0E-8","0E-8","markPrice","true","2025-11-02 14:21:29"
"1157365933","2025-11-02 13:09:38","3796857979","XVGUSDT","MARKET","SELL","BOTH","0E-8","0.00713676","1593445.00000000","1593445.00000000","11372.04078000","0.00715300","FILLED","web_s6dQ08KU1E0JQjo3rZc1","GTE_GTC","0E-8","0E-8","markPrice","true","2025-11-02 14:21:29"
"1157365933","2025-11-02 23:09:16","7350878765","LPTUSDT","MARKET","BUY","BOTH","0E-8","5.61874463","1368.60000000","1368.60000000","7689.81390000","0E-8","FILLED","web_usdt_3lp7330vnz0ae9xyghr8u1p","GTC","0E-8","0E-8","Contract Price","false","2025-11-02 23:09:16"
"1157365933","2025-11-02 23:09:52","7350881834","LPTUSDT","MARKET","SELL","BOTH","0E-8","5.58578116","1368.60000000","1368.60000000","7644.70010000","5.58800000","FILLED","web_ENXJ5McKKVNWzcpjTRRY","GTE_GTC","0E-8","0E-8","Contract Price","true","2025-11-03 00:00:19"
"1157365933","2025-11-02 23:23:30","7350939954","LPTUSDT","STOP_MARKET","SELL","BOTH","0E-8",,"0E-8","0E-8","0E-8","5.70700000","EXPIRED","web_6HRMUDZI9pbHws2dvEfU","GTE_GTC","0E-8","0E-8","Contract Price","true","2025-11-03 00:00:19"
"1157365933","2025-11-03 01:16:03","176829424","ENSOUSDT","MARKET","SELL","BOTH","0E-8","1.19940316","12966.20000000","12966.20000000","15551.70130000","0E-8","FILLED","web_usdt_lj1uxazwcefebpk4igy5a64","GTC","0E-8","0E-8","Contract Price","false","2025-11-03 01:16:03"
"1157365933","2025-11-03 01:18:21","176841189","ENSOUSDT","STOP_MARKET","BUY","BOTH","0E-8",,"0E-8","0E-8","0E-8","1.18100000","CANCELED","web_AehgSSmbKrzsQtwOmOmv","GTE_GTC","0E-8","0E-8","Contract Price","true","2025-11-03 01:35:39"
"1157365933","2025-11-03 01:35:40","176915292","ENSOUSDT","STOP_MARKET","BUY","BOTH","0E-8",,"0E-8","0E-8","0E-8","1.18300000","CANCELED","web_CwjimRvnoacKjEtDN7Kj","GTE_GTC","0E-8","0E-8","Contract Price","true","2025-11-03 01:36:30"
"1157365933","2025-11-03 01:36:30","176921786","ENSOUSDT","MARKET","BUY","BOTH","0E-8","1.18319347","6483.10000000","6483.10000000","7670.76160000","1.17900000","FILLED","web_LdgjZ4aD18BafVZn6Aeu","GTE_GTC","0E-8","0E-8","Contract Price","true","2025-11-03 01:48:07"
"1157365933","2025-11-03 01:37:35","176926707","ENSOUSDT","LIMIT","BUY","BOTH","1.18500000",,"6483.10000000","0E-8","0E-8","0E-8","CANCELED","web_SBxTJg4dOX4uyEYTWlb7","GTC","0E-8","0E-8","Contract Price","false","2025-11-03 01:41:04"
"1157365933","2025-11-03 01:41:36","176944458","ENSOUSDT","LIMIT","BUY","BOTH","1.18800000","1.18800000","6483.10000000","6483.10000000","7701.92280000","0E-8","FILLED","web_s8RYhJzQQYlaXXCEju14","GTC","0E-8","0E-8","Contract Price","false","2025-11-03 01:47:50"
"1157365933","2025-11-03 02:06:14","588116301","FFUSDT","MARKET","SELL","BOTH","0E-8","0.11475769","146731.00000000","146731.00000000","16838.51111000","0E-8","FILLED","web_usdt_mptk7wo8vqsyq8q38z0n8mu","GTC","0E-8","0E-8","Contract Price","false","2025-11-03 02:06:14"
"1157365933","2025-11-03 02:06:42","588122544","FFUSDT","STOP_MARKET","BUY","BOTH","0E-8",,"0E-8","0E-8","0E-8","0.11303000","EXPIRED","web_g0Ae8yaEpbl0hFG7zXw9","GTE_GTC","0E-8","0E-8","Contract Price","true","2025-11-03 02:16:51"
"1157365933","2025-11-03 02:06:47","588123137","FFUSDT","LIMIT","BUY","BOTH","0.11395000",,"146731.00000000","0E-8","0E-8","0E-8","EXPIRED","web_AGeBXlQ13i9E3PLn5U00","GTC","0E-8","0E-8","Contract Price","false","2025-11-03 02:15:44"
"1157365933","2025-11-03 02:15:44","588177790","FFUSDT","LIMIT","BUY","BOTH","0.11431000",,"146731.00000000","0E-8","0E-8","0E-8","CANCELED","web_3QnYbLxbEsKCF8hnDwJP","GTC","0E-8","0E-8","Contract Price","false","2025-11-03 02:15:46"
"1157365933","2025-11-03 02:15:48","588178012","FFUSDT","LIMIT","BUY","BOTH","0.11431000","0.11431000","146731.00000000","146731.00000000","16772.82061000","0E-8","FILLED","web_OMAJXSGMWg6Y9R3VpvuM","GTC","0E-8","0E-8","Contract Price","false","2025-11-03 02:16:51"
"1157365933","2025-11-03 02:35:12","19926879332","XLMUSDT","MARKET","SELL","BOTH","0E-8","0.29640142","58204.00000000","58204.00000000","17251.74822000","0E-8","FILLED","web_usdt_q8ylhcflqd6iqkx81ijps0f","GTC","0E-8","0E-8","Contract Price","false","2025-11-03 02:35:12"
"1157365933","2025-11-03 02:35:31","19926884281","XLMUSDT","LIMIT","BUY","BOTH","0.29491000",,"58204.00000000","0E-8","0E-8","0E-8","CANCELED","web_o4vuTnn6Ekl0DhgQ2vNj","GTC","0E-8","0E-8","Contract Price","false","2025-11-03 02:36:41"
"1157365933","2025-11-03 02:36:27","19926894849","XLMUSDT","STOP_MARKET","BUY","BOTH","0E-8",,"0E-8","0E-8","0E-8","0.29195000","EXPIRED","web_dFBHdqcgjSE6f5pbaFcB","GTE_GTC","0E-8","0E-8","Contract Price","true","2025-11-03 03:10:11"
"1157365933","2025-11-03 02:36:45","19926897638","XLMUSDT","LIMIT","BUY","BOTH","0.29432000",,"58204.00000000","0E-8","0E-8","0E-8","CANCELED","web_1PCfua8Vycxbqi4VXcUm","GTC","0E-8","0E-8","Contract Price","false","2025-11-03 02:37:38"
"1157365933","2025-11-03 02:37:41","19926906277","XLMUSDT","LIMIT","BUY","BOTH","0.29491000","0.29491000","58204.00000000","58204.00000000","17164.94164000","0E-8","FILLED","web_7D9us6k2ZemjuFE48FUW","GTC","0E-8","0E-8","Contract Price","false","2025-11-03 03:10:11"
"1157365933","2025-11-03 04:52:51","609466687","LINEAUSDT","LIMIT","SELL","BOTH","0.01313000","0.01313000","1339739.00000000","1339739.00000000","17590.77307000","0E-8","FILLED","web_usdt_38d6bu8qq6l3ave2ie0jwbf","GTC","0E-8","0E-8","Contract Price","false","2025-11-03 04:56:38"
"1157365933","2025-11-03 04:57:00","609483674","LINEAUSDT","STOP_MARKET","BUY","BOTH","0E-8",,"0E-8","0E-8","0E-8","0.01295000","CANCELED","web_Sa9EwhUo24E1fR3fCMZJ","GTE_GTC","0E-8","0E-8","Contract Price","true","2025-11-03 05:36:14"
"1157365933","2025-11-03 04:58:47","609489565","LINEAUSDT","LIMIT","BUY","BOTH","0.01297000",,"279893.00000000","0E-8","0E-8","0E-8","CANCELED","web_f58ragyGwJJHmtAp9Vy5","GTC","0E-8","0E-8","Contract Price","false","2025-11-03 05:39:38"
"1157365933","2025-11-03 05:36:14","609586522","LINEAUSDT","STOP_MARKET","BUY","BOTH","0E-8",,"0E-8","0E-8","0E-8","0.01286000","CANCELED","web_6LotyfPKVxVSaBvMl8GZ","GTE_GTC","0E-8","0E-8","Contract Price","true","2025-11-03 05:39:33"
"1157365933","2025-11-03 05:39:34","609595404","LINEAUSDT","STOP_MARKET","BUY","BOTH","0E-8",,"0E-8","0E-8","0E-8","0.01284000","EXPIRED","web_0wO6BKSqj6DFl3RJRvfU","GTE_GTC","0E-8","0E-8","Contract Price","true","2025-11-03 08:22:53"
"1157365933","2025-11-03 05:46:24","609610229","LINEAUSDT","LIMIT","BUY","BOTH","0.01293000",,"279893.00000000","0E-8","0E-8","0E-8","CANCELED","web_dYv7VANIZ5CNgTuANhLk","GTC","0E-8","0E-8","Contract Price","false","2025-11-03 05:50:57"
"1157365933","2025-11-03 05:51:27","609621504","LINEAUSDT","LIMIT","BUY","BOTH","0.01286000",,"279893.00000000","0E-8","0E-8","0E-8","CANCELED","web_pVSK0TdOW6Ozrqvar3go","GTC","0E-8","0E-8","Contract Price","false","2025-11-03 06:31:36"
"1157365933","2025-11-03 06:31:41","609720835","LINEAUSDT","LIMIT","BUY","BOTH","0.01286000","0.01286000","279893.00000000","279893.00000000","3599.42398000","0E-8","FILLED","web_afs0hGCrdlCqVj8C4y8p","GTC","0E-8","0E-8","Contract Price","false","2025-11-03 06:46:43"
"1157365933","2025-11-03 06:50:08","609788560","LINEAUSDT","LIMIT","BUY","BOTH","0.01286000",,"279893.00000000","0E-8","0E-8","0E-8","CANCELED","web_RCUyCyf3yNmqfY4mjBKs","GTC","0E-8","0E-8","Contract Price","false","2025-11-03 06:50:27"
"1157365933","2025-11-03 06:50:59","609792184","LINEAUSDT","LIMIT","BUY","BOTH","0.01270000",,"279893.00000000","0E-8","0E-8","0E-8","CANCELED","web_G3t7rX2d3Al035LNjZfN","GTC","0E-8","0E-8","Contract Price","false","2025-11-03 06:55:44"
"1157365933","2025-11-03 06:55:48","609813317","LINEAUSDT","LIMIT","BUY","BOTH","0.01303000",,"1059846.00000000","0E-8","0E-8","0E-8","CANCELED","web_KUy0rSxeTkJu1sLC4VYy","GTC","0E-8","0E-8","Contract Price","false","2025-11-03 06:56:19"
"1157365933","2025-11-03 06:56:27","609815016","LINEAUSDT","LIMIT","BUY","BOTH","0.01302000",,"1059846.00000000","0E-8","0E-8","0E-8","CANCELED","web_VqjclMAMO4sOBtSh2Bp8","GTC","0E-8","0E-8","Contract Price","false","2025-11-03 07:47:05"
"1157365933","2025-11-03 07:47:07","609938948","LINEAUSDT","LIMIT","BUY","BOTH","0.01309000","0.01309000","1059846.00000000","1059846.00000000","13873.38414000","0E-8","FILLED","web_nhBOqhme5aDIBnU04EgZ","GTC","0E-8","0E-8","Contract Price","false","2025-11-03 08:22:53"
"1157365933","2025-11-03 10:14:50","729210714","KGENUSDT","MARKET","SELL","BOTH","0E-8","0.23468506","39179.00000000","39179.00000000","9194.72585000","0E-8","FILLED","web_usdt_z89av3swf4eqg2eeps4skgq","GTC","0E-8","0E-8","Contract Price","false","2025-11-03 10:14:50"
"1157365933","2025-11-03 10:15:26","729215087","KGENUSDT","LIMIT","BUY","BOTH","0.23082000",,"39179.00000000","0E-8","0E-8","0E-8","CANCELED","web_HMaxbLpPTEiObHV92YGV","GTC","0E-8","0E-8","Contract Price","false","2025-11-03 10:16:31"
"1157365933","2025-11-03 10:16:33","729221611","KGENUSDT","LIMIT","BUY","BOTH","0.23139000",,"39179.00000000","0E-8","0E-8","0E-8","CANCELED","web_0UO7yujOrknFtt1A7Wdn","GTC","0E-8","0E-8","Contract Price","false","2025-11-03 10:22:32"
"1157365933","2025-11-03 10:22:28","729261712","KGENUSDT","STOP_MARKET","BUY","BOTH","0E-8",,"0E-8","0E-8","0E-8","0.22529000","EXPIRED","web_bbZYRi60MbAlLOZ2PMuT","GTE_GTC","0E-8","0E-8","markPrice","true","2025-11-03 11:50:22"
"1157365933","2025-11-03 10:22:35","729262405","KGENUSDT","LIMIT","BUY","BOTH","0.23046000",,"39179.00000000","0E-8","0E-8","0E-8","CANCELED","web_ZvfrzOYPNHTt441mt5Ar","GTC","0E-8","0E-8","Contract Price","false","2025-11-03 10:23:03"
"1157365933","2025-11-03 10:23:06","729264487","KGENUSDT","LIMIT","BUY","BOTH","0.23139000",,"39179.00000000","0E-8","0E-8","0E-8","EXPIRED","web_CpV3QkHazKS19pZUnKcL","GTC","0E-8","0E-8","Contract Price","false","2025-11-03 11:50:22"
"1157365933","2025-11-03 11:37:20","729822288","KGENUSDT","MARKET","BUY","BOTH","0E-8","0.26015071","39179.00000000","39179.00000000","10192.44476000","0.25955000","FILLED","web_DORIeis6U2nSBqnQzmBk","GTE_GTC","0E-8","0E-8","markPrice","true","2025-11-03 11:50:22"
"1157365933","2025-11-03 11:55:43","123646403","KITEUSDT","MARKET","SELL","BOTH","0E-8","0.08764232","80621.00000000","80621.00000000","7065.81144000","0E-8","FILLED","web_usdt_6bdqdob64hl2d6y23nl8bjh","GTC","0E-8","0E-8","Contract Price","false","2025-11-03 11:55:43"
"1157365933","2025-11-03 11:56:31","123678752","KITEUSDT","STOP_MARKET","BUY","BOTH","0E-8",,"0E-8","0E-8","0E-8","0.09054000","EXPIRED","web_Era42IDHgDkSb86kSaOI","GTE_GTC","0E-8","0E-8","markPrice","true","2025-11-03 11:59:50"
"1157365933","2025-11-03 11:57:37","123737672","KITEUSDT","LIMIT","BUY","BOTH","0.08413000",,"80621.00000000","0E-8","0E-8","0E-8","CANCELED","web_IofSqCKPdDVahAA94lUI","GTC","0E-8","0E-8","Contract Price","false","2025-11-03 11:59:01"
"1157365933","2025-11-03 11:59:04","123805568","KITEUSDT","LIMIT","BUY","BOTH","0.08431000","0.08431000","80621.00000000","80621.00000000","6797.15651000","0E-8","FILLED","web_O0RGFioDiTodc3lsC37s","GTC","0E-8","0E-8","Contract Price","false","2025-11-03 11:59:50"
"1157365933","2025-11-03 12:20:11","954805255","JELLYJELLYUSDT","MARKET","BUY","BOTH","0E-8","0.11082377","57699.00000000","57699.00000000","6394.42091000","0E-8","FILLED","web_usdt_pzrd36whtd20xtpojt73v6n","GTC","0E-8","0E-8","Contract Price","false","2025-11-03 12:20:11"
"1157365933","2025-11-03 12:21:24","954891190","JELLYJELLYUSDT","LIMIT","SELL","BOTH","0.11403000",,"57699.00000000","0E-8","0E-8","0E-8","CANCELED","web_h4O9P8Mp5SnxchcQ7CXi","GTC","0E-8","0E-8","Contract Price","false","2025-11-03 12:25:13"
"1157365933","2025-11-03 12:25:14","955169532","JELLYJELLYUSDT","LIMIT","SELL","BOTH","0.11503000","0.11503000","57699.00000000","57699.00000000","6637.11597000","0E-8","FILLED","web_opOPETPdrmHOurXOfwuO","GTC","0E-8","0E-8","Contract Price","false","2025-11-03 12:36:25"
"1157365933","2025-11-04 00:10:31","2797721116","ARCUSDT","STOP_MARKET","SELL","BOTH","0E-8",,"789859.00000000","0E-8","0E-8","0.02332000","CANCELED","web_st_FSibDceYU6i22bz","GTE_GTC","0E-8","0E-8","Contract Price","true","2025-11-04 00:12:26"
"1157365933","2025-11-04 00:10:31","2797721053","ARCUSDT","MARKET","BUY","BOTH","0E-8","0.02353803","789859.00000000","789859.00000000","18591.72353000","0E-8","FILLED","web_usdt_st_38li4mtoieffrte3r4ba","GTC","0E-8","0E-8","Contract Price","false","2025-11-04 00:10:31"
"1157365933","2025-11-04 00:10:31","2797721105","ARCUSDT","STOP_MARKET","SELL","BOTH","0E-8",,"789859.00000000","0E-8","0E-8","0.02390000","CANCELED","web_st_ckURbIRU6qNvKpu","GTE_GTC","0E-8","0E-8","Contract Price","true","2025-11-04 00:12:26"
"1157365933","2025-11-04 00:11:01","2797726063","ARCUSDT","LIMIT","SELL","BOTH","0.02394000",,"789859.00000000","0E-8","0E-8","0E-8","CANCELED","web_4EbIKj81aZ5v1uNhjhBu","GTC","0E-8","0E-8","Contract Price","false","2025-11-04 00:12:29"
"1157365933","2025-11-04 00:12:51","2797739475","ARCUSDT","LIMIT","SELL","BOTH","0.02397000",,"789859.00000000","0E-8","0E-8","0E-8","CANCELED","web_HPunSC99FIAFI7GvGRHG","GTC","0E-8","0E-8","Contract Price","false","2025-11-04 00:14:05"
"1157365933","2025-11-04 00:14:07","2797746631","ARCUSDT","LIMIT","SELL","BOTH","0.02381000","0.02381000","789859.00000000","789859.00000000","18806.54279000","0E-8","FILLED","web_2Infq2qZz5n1j5lugxPF","GTC","0E-8","0E-8","Contract Price","false","2025-11-04 00:20:15"
"1157365933","2025-11-04 06:05:08","20298108852","GALAUSDT","MARKET","SELL","BOTH","0E-8","0.00869000","1710177.00000000","1710177.00000000","14861.43813000","0E-8","FILLED","web_usdt_z3iub9gaxvqchk1sqyz0sat","GTC","0E-8","0E-8","Contract Price","false","2025-11-04 06:05:08"
"1157365933","2025-11-04 06:06:07","20298117053","GALAUSDT","LIMIT","BUY","BOTH","0.00862000",,"1710177.00000000","0E-8","0E-8","0E-8","CANCELED","web_kDOs0xWjx8og5lpzjnGd","GTC","0E-8","0E-8","Contract Price","false","2025-11-04 06:06:37"
"1157365933","2025-11-04 06:08:25","20298133514","GALAUSDT","LIMIT","BUY","BOTH","0.00860000",,"1710177.00000000","0E-8","0E-8","0E-8","CANCELED","web_HKX9PJkH4f2S4zgeQAJe","GTC","0E-8","0E-8","Contract Price","false","2025-11-04 06:12:59"
"1157365933","2025-11-04 06:13:03","20298168707","GALAUSDT","LIMIT","BUY","BOTH","0.00865000",,"1710177.00000000","0E-8","0E-8","0E-8","CANCELED","web_IdcIWAejv5j2rGiL75ML","GTC","0E-8","0E-8","Contract Price","false","2025-11-04 06:19:36"
"1157365933","2025-11-04 06:52:36","20298385782","GALAUSDT","LIMIT","BUY","BOTH","0.00866000",,"1710177.00000000","0E-8","0E-8","0E-8","CANCELED","web_iNW5EVrrzXC8aCHHc7LR","GTC","0E-8","0E-8","Contract Price","false","2025-11-04 06:54:33"
"1157365933","2025-11-04 06:54:50","20298403392","GALAUSDT","LIMIT","BUY","BOTH","0.00860000",,"1710177.00000000","0E-8","0E-8","0E-8","CANCELED","web_RGTg1qJDymqL1RdRe9ph","GTC","0E-8","0E-8","Contract Price","false","2025-11-04 06:55:10"
"1157365933","2025-11-04 06:55:13","20298406976","GALAUSDT","LIMIT","BUY","BOTH","0.00851000",,"1710177.00000000","0E-8","0E-8","0E-8","CANCELED","web_ELF8jMHpIQdO9ijyK9ML","GTC","0E-8","0E-8","Contract Price","false","2025-11-04 06:55:59"
"1157365933","2025-11-04 06:56:16","20298410477","GALAUSDT","LIMIT","BUY","BOTH","0.00862000",,"1710177.00000000","0E-8","0E-8","0E-8","CANCELED","web_zncb6BDX5w9fvGIl836V","GTC","0E-8","0E-8","Contract Price","false","2025-11-04 06:57:33"
"1157365933","2025-11-04 06:57:43","20298414895","GALAUSDT","LIMIT","BUY","BOTH","0.00851000",,"1710177.00000000","0E-8","0E-8","0E-8","CANCELED","web_Rd5Pt1pX66gHfN3Mv7SI","GTC","0E-8","0E-8","Contract Price","false","2025-11-04 06:58:03"
"1157365933","2025-11-04 06:58:06","20298415681","GALAUSDT","LIMIT","BUY","BOTH","0.00859000",,"1710177.00000000","0E-8","0E-8","0E-8","CANCELED","web_VVQGiAzS6gveWTpIRUPf","GTC","0E-8","0E-8","Contract Price","false","2025-11-04 06:58:22"
"1157365933","2025-11-04 07:03:09","20298436197","GALAUSDT","LIMIT","BUY","BOTH","0.00862000",,"1710177.00000000","0E-8","0E-8","0E-8","CANCELED","web_Q3gLoSLiv8W50PXmFpwW","GTC","0E-8","0E-8","Contract Price","false","2025-11-04 07:03:21"
"1157365933","2025-11-04 07:03:31","20298439592","GALAUSDT","LIMIT","BUY","BOTH","0.00862000","0.00862000","1710177.00000000","1710177.00000000","14741.72574000","0E-8","FILLED","web_cJvTrdQ2RqLwrtlSkcko","GTC","0E-8","0E-8","Contract Price","false","2025-11-04 07:15:42"
"1157365933","2025-11-04 07:30:27","246340031","BDXNUSDT","MARKET","SELL","BOTH","0E-8","0.05427849","60281.00000000","60281.00000000","3271.96194000","0.05458000","FILLED","web_st_XtNTpBCz4Zhrrj8","GTE_GTC","0E-8","0E-8","Contract Price","true","2025-11-04 07:30:50"
"1157365933","2025-11-04 07:30:27","246339980","BDXNUSDT","MARKET","BUY","BOTH","0E-8","0.05588882","60281.00000000","60281.00000000","3369.03418000","0E-8","FILLED","web_usdt_st_lym61sgab4w91a9akn5x","GTC","0E-8","0E-8","Contract Price","false","2025-11-04 07:30:27"
"1157365933","2025-11-04 07:30:27","246340030","BDXNUSDT","STOP_MARKET","SELL","BOTH","0E-8",,"60281.00000000","0E-8","0E-8","0.06017000","EXPIRED","web_st_zDTd0VaaiuF9XLV","GTE_GTC","0E-8","0E-8","Contract Price","true","2025-11-04 07:30:50"
"1157365933","2025-11-04 07:31:31","246431136","BDXNUSDT","MARKET","BUY","BOTH","0E-8","0.05593783","58031.00000000","58031.00000000","3246.12827000","0E-8","FILLED","web_usdt_st_b4bjo2yco0gg2zmmg3g5","GTC","0E-8","0E-8","Contract Price","false","2025-11-04 07:31:31"
"1157365933","2025-11-04 07:31:31","246431177","BDXNUSDT","STOP_MARKET","SELL","BOTH","0E-8",,"58031.00000000","0E-8","0E-8","0.06136000","CANCELED","web_st_f9AaEi1lVRfZLQR","GTE_GTC","0E-8","0E-8","Contract Price","true","2025-11-04 07:31:56"
"1157365933","2025-11-04 07:31:31","246431178","BDXNUSDT","STOP_MARKET","SELL","BOTH","0E-8",,"58031.00000000","0E-8","0E-8","0.05439000","CANCELED","web_st_AG2kMKMmxWiipPx","GTE_GTC","0E-8","0E-8","Contract Price","true","2025-11-04 07:31:57"
"1157365933","2025-11-04 07:32:17","246491323","BDXNUSDT","LIMIT","SELL","BOTH","0.05502000","0.05601570","58031.00000000","58031.00000000","3250.64708000","0E-8","FILLED","web_7fLN71FQKgCdAFmHytf2","GTC","0E-8","0E-8","Contract Price","false","2025-11-04 07:32:17"
"1157365933","2025-11-04 07:34:53","246663152","BDXNUSDT","MARKET","BUY","BOTH","0E-8","0.05878662","54023.00000000","54023.00000000","3175.82976000","0E-8","FILLED","web_usdt_ari6nag549141dwqib55foo","GTC","0E-8","0E-8","Contract Price","false","2025-11-04 07:34:53"
"1157365933","2025-11-04 07:35:16","246691123","BDXNUSDT","LIMIT","SELL","BOTH","0.06442000",,"54023.00000000","0E-8","0E-8","0E-8","CANCELED","web_OxINzt94oOhMQCFSxD1n","GTC","0E-8","0E-8","Contract Price","false","2025-11-04 07:37:17"
"1157365933","2025-11-04 07:37:25","246792338","BDXNUSDT","LIMIT","SELL","BOTH","0.06152000","0.06152000","54023.00000000","54023.00000000","3323.49496000","0E-8","FILLED","web_p64ZN9M9PQGVHGWgLGuP","GTC","0E-8","0E-8","Contract Price","false","2025-11-04 07:37:25"
"1157365933","2025-11-04 08:16:51","3810549088","XVGUSDT","MARKET","BUY","BOTH","0E-8","0.00777397","1126300.00000000","1126300.00000000","8755.82559800","0E-8","FILLED","ios_usdt_XwSgT7pRahStsf9KoHrC","GTC","0E-8","0E-8","Contract Price","false","2025-11-04 08:16:51"
"1157365933","2025-11-04 08:17:12","3810552150","XVGUSDT","STOP_MARKET","SELL","BOTH","0E-8",,"0E-8","0E-8","0E-8","0.00761800","CANCELED","ios_TUrHlyK6WzLBM3lzmRXR","GTE_GTC","0E-8","0E-8","markPrice","true","2025-11-04 08:19:29"
"1157365933","2025-11-04 08:18:57","3810565556","XVGUSDT","STOP_MARKET","SELL","BOTH","0E-8",,"1126300.00000000","0E-8","0E-8","0.00788200","CANCELED","ios_FtE7yswbCyI2b5hAaZzT","GTE_GTC","0E-8","0E-8","markPrice","true","2025-11-04 08:19:29"
"1157365933","2025-11-04 08:19:42","3810572259","XVGUSDT","STOP_MARKET","SELL","BOTH","0E-8",,"0E-8","0E-8","0E-8","0.00761800","EXPIRED","ios_Gq9SWT1L5xISday9liWY","GTE_GTC","0E-8","0E-8","markPrice","true","2025-11-04 08:21:03"
"1157365933","2025-11-04 08:19:55","3810573915","XVGUSDT","LIMIT","SELL","BOTH","0.00785100","0.00785545","1126300.00000000","1126300.00000000","8847.59315900","0.00785100","FILLED","ios_ooT2dQgcPkdoaVXjqrIL","GTE_GTC","0E-8","0E-8","markPrice","true","2025-11-04 08:21:03"
"1157365933","2025-11-04 08:35:53","159804320","KITEUSDT","MARKET","SELL","BOTH","0E-8","0.06292027","143962.00000000","143962.00000000","9058.12822000","0E-8","FILLED","ios_usdt_IaMjXuCLGQlTLwSCdic0","GTC","0E-8","0E-8","Contract Price","false","2025-11-04 08:35:53"
"1157365933","2025-11-04 08:36:06","159808766","KITEUSDT","MARKET","BUY","BOTH","0E-8","0.06375086","143962.00000000","143962.00000000","9177.70069000","0.06354000","FILLED","ios_ngP1JNvok7qUSY2Ds1Cd","GTE_GTC","0E-8","0E-8","markPrice","true","2025-11-04 08:37:08"
"1157365933","2025-11-04 08:36:43","159816845","KITEUSDT","STOP","BUY","BOTH","0.06229000",,"143962.00000000","0E-8","0E-8","0.06229000","EXPIRED","ios_0bzuTuGXSfZDME5uPyFo","GTE_GTC","0E-8","0E-8","markPrice","true","2025-11-04 08:37:08"
"1157365933","2025-11-04 09:15:08","160528131","KITEUSDT","MARKET","SELL","BOTH","0E-8","0.06430045","133797.00000000","133797.00000000","8603.20667000","0E-8","FILLED","web_usdt_jzj4g21961dvykdhwth0uja","GTC","0E-8","0E-8","Contract Price","false","2025-11-04 09:15:08"
"1157365933","2025-11-04 09:15:29","160532579","KITEUSDT","STOP_MARKET","BUY","BOTH","0E-8",,"0E-8","0E-8","0E-8","0.06598000","CANCELED","web_1ZD9XsLOjRarhRRmvHyg","GTE_GTC","0E-8","0E-8","markPrice","true","2025-11-04 09:19:14"
"1157365933","2025-11-04 09:16:08","160539191","KITEUSDT","LIMIT","BUY","BOTH","0.06280000",,"133797.00000000","0E-8","0E-8","0E-8","EXPIRED","web_DDuPqxvrRRkalRWnwPuj","GTC","0E-8","0E-8","Contract Price","false","2025-11-04 09:24:48"
"1157365933","2025-11-04 09:19:14","160581214","KITEUSDT","MARKET","BUY","BOTH","0E-8","0.06690036","133797.00000000","133797.00000000","8951.06793000","0.06634000","FILLED","web_MrQYeExL6SkJnfvmEE10","GTE_GTC","0E-8","0E-8","markPrice","true","2025-11-04 09:24:48"
"1157365933","2025-11-04 10:10:27","542652466","GIGGLEUSDT","MARKET","SELL","BOTH","0E-8","54.00806198","175.85000000","175.85000000","9497.31770000","0E-8","FILLED","web_usdt_oflsdqdztnm5n071eypagr3","GTC","0E-8","0E-8","Contract Price","false","2025-11-04 10:10:27"
"1157365933","2025-11-04 10:10:43","542661566","GIGGLEUSDT","MARKET","BUY","BOTH","0E-8","56.51666989","175.85000000","175.85000000","9938.45640000","55.85000000","FILLED","web_SwnzeBrwKauaXeY9hryh","GTE_GTC","0E-8","0E-8","markPrice","true","2025-11-04 10:21:31"
"1157365933","2025-11-04 10:10:52","542666755","GIGGLEUSDT","LIMIT","BUY","BOTH","51.19000000",,"175.85000000","0E-8","0E-8","0E-8","CANCELED","web_3htG3TcmiXszYwOZ7nJT","GTC","0E-8","0E-8","Contract Price","false","2025-11-04 10:11:06"
"1157365933","2025-11-04 10:11:11","542673812","GIGGLEUSDT","LIMIT","BUY","BOTH","51.70000000",,"175.85000000","0E-8","0E-8","0E-8","EXPIRED","web_8GHLFqqG5qMZrECBtZ59","GTC","0E-8","0E-8","Contract Price","false","2025-11-04 10:21:31"
"1157365933","2025-11-04 10:26:08","543221026","GIGGLEUSDT","MARKET","SELL","BOTH","0E-8","56.07732958","131.44000000","131.44000000","7370.80420000","0E-8","FILLED","web_usdt_efqc3e68ipolyz78j1c7zpa","GTC","0E-8","0E-8","Contract Price","false","2025-11-04 10:26:08"
"1157365933","2025-11-04 10:26:25","543227007","GIGGLEUSDT","MARKET","BUY","BOTH","0E-8","58.90976035","131.44000000","131.44000000","7743.09890000","57.01000000","FILLED","web_MN1BH9lOaV0fPSOotad4","GTE_GTC","0E-8","0E-8","markPrice","true","2025-11-04 10:27:32"
"1157365933","2025-11-04 10:41:15","4672260199","EIGENUSDT","MARKET","SELL","BOTH","0E-8","0.75381487","14560.20000000","14560.20000000","10975.69531000","0E-8","FILLED","web_usdt_gfqmbtbjwv94nb5emxcvwc6","GTC","0E-8","0E-8","Contract Price","false","2025-11-04 10:41:15"
"1157365933","2025-11-04 10:41:35","4672262397","EIGENUSDT","STOP_MARKET","BUY","BOTH","0E-8",,"0E-8","0E-8","0E-8","0.75750000","CANCELED","web_AXlmlfduCw8WgPSAMK3Y","GTE_GTC","0E-8","0E-8","markPrice","true","2025-11-04 11:02:18"
"1157365933","2025-11-04 10:48:10","4672305297","EIGENUSDT","LIMIT","BUY","BOTH","0.73820000",,"14560.20000000","0E-8","0E-8","0E-8","EXPIRED","web_VqER7FEPyzB73lTTNksc","GTC","0E-8","0E-8","Contract Price","false","2025-11-04 11:02:49"
"1157365933","2025-11-04 11:02:19","4672399920","EIGENUSDT","MARKET","BUY","BOTH","0E-8","0.76024480","14560.20000000","14560.20000000","11069.31633000","0.76000000","FILLED","web_tMPyMi9eYoSl9MDYbpoK","GTE_GTC","0E-8","0E-8","markPrice","true","2025-11-04 11:02:49"
"1157365933","2025-11-04 17:56:30","1420455450","HUSDT","MARKET","BUY","BOTH","0E-8","0.25774013","28527.00000000","28527.00000000","7352.55265000","0E-8","FILLED","web_usdt_0owtajzjj60pyxgkt9w3yqm","GTC","0E-8","0E-8","Contract Price","false","2025-11-04 17:56:30"
"1157365933","2025-11-04 17:56:53","1420462161","HUSDT","MARKET","SELL","BOTH","0E-8","0.25318947","28527.00000000","28527.00000000","7222.73597000","0.25389000","FILLED","web_UgdRzvTrbvoQfTsNuzHl","GTE_GTC","0E-8","0E-8","markPrice","true","2025-11-04 18:40:47"
"1157365933","2025-11-04 18:44:20","1421098415","HUSDT","MARKET","BUY","BOTH","0E-8","0.25462771","49669.00000000","49669.00000000","12647.10367000","0E-8","FILLED","web_usdt_y84z4mps9qzlfxflk59dhpt","GTC","0E-8","0E-8","Contract Price","false","2025-11-04 18:44:20"
"1157365933","2025-11-04 18:53:23","1421249829","HUSDT","MARKET","SELL","BOTH","0E-8","0.24810027","49669.00000000","49669.00000000","12322.89222000","0E-8","FILLED","web_Kj2jbnd8TcIINb6ueCIF","GTC","0E-8","0E-8","Contract Price","false","2025-11-04 18:53:23"
"1157365933","2025-11-05 02:30:03","23198563571","AAVEUSDT","MARKET","BUY","BOTH","0E-8","195.16344828","37.70000000","37.70000000","7357.66200000","0E-8","FILLED","web_usdt_qtht5jpw75lypdaqmxvy3jg","GTC","0E-8","0E-8","Contract Price","false","2025-11-05 02:30:03"
"1157365933","2025-11-05 02:30:23","23198582284","AAVEUSDT","LIMIT","SELL","BOTH","195.61000000","195.61000000","37.70000000","37.70000000","7374.49700000","0E-8","FILLED","web_MX6KzW5F0xE9Txqn1EZA","GTC","0E-8","0E-8","Contract Price","false","2025-11-05 02:30:52"
"1157365933","2025-11-05 12:15:31","60003484340","ADAUSDT","MARKET","SELL","BOTH","0E-8","0.53390000","15247.00000000","15247.00000000","8140.37330000","0E-8","FILLED","web_usdt_xte8t2vefipw6u9ua9fp2q1","GTC","0E-8","0E-8","Contract Price","false","2025-11-05 12:15:31"
"1157365933","2025-11-05 12:15:50","60003489367","ADAUSDT","MARKET","BUY","BOTH","0E-8","0.53580000","15247.00000000","15247.00000000","8169.34260000","0.53590000","FILLED","web_l7EIn3wyjBaRY3GgRYw3","GTE_GTC","0E-8","0E-8","markPrice","true","2025-11-05 12:18:30"
"1157365933","2025-11-06 02:24:20","792926471682","ZECUSDT","MARKET","BUY","BOTH","0E-8","480.13459609","3.98600000","3.98600000","1913.81650000","0E-8","FILLED","web_usdt_gnc8h2ygvareqyxgeu2w0mu","GTC","0E-8","0E-8","Contract Price","false","2025-11-06 02:24:20"
"1157365933","2025-11-06 02:24:39","792926478163","ZECUSDT","MARKET","SELL","BOTH","0E-8","470.10284496","3.98600000","3.98600000","1873.82994000","470.78000000","FILLED","web_VqEyI6ChcedEQwVkypmq","GTE_GTC","0E-8","0E-8","Contract Price","true","2025-11-06 02:54:51"
"1157365933","2025-11-06 02:25:01","792926487791","ZECUSDT","STOP_MARKET","SELL","BOTH","0E-8",,"0E-8","0E-8","0E-8","499.33000000","EXPIRED","web_8qc3t7zi1fLWWTHSVXoK","GTE_GTC","0E-8","0E-8","Contract Price","true","2025-11-06 02:54:51"
"1157365933","2025-11-06 05:06:30","2914149785","ZKUSDT","MARKET","SELL","BOTH","0E-8","0.07186139","48407.00000000","48407.00000000","3478.59436000","0E-8","FILLED","ios_usdt_TeMWP3slUZd7daoFDj7i","GTC","0E-8","0E-8","Contract Price","false","2025-11-06 05:06:30"
"1157365933","2025-11-06 05:29:02","2914500759","ZKUSDT","STOP_MARKET","BUY","BOTH","0E-8",,"0E-8","0E-8","0E-8","0.07006000","EXPIRED","ios_O4hjIy2iHwHnyjn6whnG","GTE_GTC","0E-8","0E-8","markPrice","true","2025-11-06 06:30:44"
"1157365933","2025-11-06 05:34:26","2914582704","ZKUSDT","MARKET","BUY","BOTH","0E-8","0.07203926","48407.00000000","48407.00000000","3487.20463000","0.07200000","FILLED","ios_zL4uin7Hc3WeL3011B7X","GTE_GTC","0E-8","0E-8","markPrice","true","2025-11-06 06:30:44"
"1157365933","2025-11-06 06:52:40","7379179335","LPTUSDT","MARKET","BUY","BOTH","0E-8","5.12711940","1288.90000000","1288.90000000","6608.34420000","0E-8","FILLED","web_usdt_e4et6klh2r2wcshatkset7n","GTC","0E-8","0E-8","Contract Price","false","2025-11-06 06:52:40"
"1157365933","2025-11-06 07:08:18","7379248554","LPTUSDT","LIMIT","SELL","BOTH","5.17200000","5.17549445","1288.90000000","1288.90000000","6670.69480000","0E-8","FILLED","web_VrOSJMXJDYdyy6JI900q","GTC","0E-8","0E-8","Contract Price","false","2025-11-06 07:08:18"
"1157365933","2025-11-06 12:32:09","8051582707","TAOUSDT","MARKET","BUY","BOTH","0E-8","376.18818675","19.53400000","19.53400000","7348.46004000","0E-8","FILLED","web_usdt_n9vmjyahtsv25zhk00kcpd2","GTC","0E-8","0E-8","Contract Price","false","2025-11-06 12:32:09"
"1157365933","2025-11-06 12:33:01","8051596937","TAOUSDT","LIMIT","SELL","BOTH","376.73000000","376.75091891","19.53400000","19.53400000","7359.45245000","0E-8","FILLED","web_gGjFBQjQDq6WDJUDq6TX","GTC","0E-8","0E-8","Contract Price","false","2025-11-06 12:33:01"
"1157365933","2025-11-06 12:34:39","13208341770","XMRUSDT","MARKET","BUY","BOTH","0E-8","350.20702907","21.90900000","21.90900000","7672.68580000","0E-8","FILLED","web_usdt_oilpofd51gbq7uj4m48aj5p","GTC","0E-8","0E-8","Contract Price","false","2025-11-06 12:34:39"
"1157365933","2025-11-06 13:06:20","13208465416","XMRUSDT","MARKET","SELL","BOTH","0E-8","347.66833995","21.90900000","21.90900000","7617.06566000","0E-8","FILLED","web_BbEzb9EsvEQaatXgpDbM","GTC","0E-8","0E-8","Contract Price","false","2025-11-06 13:06:20"
"1157365933","2025-11-06 13:41:03","7846410381","SEIUSDT","MARKET","BUY","BOTH","0E-8","0.16370000","40149.00000000","40149.00000000","6572.39130000","0E-8","FILLED","web_usdt_19ouagzgujdj2xy0rpn5j2r","GTC","0E-8","0E-8","Contract Price","false","2025-11-06 13:41:03"
"1157365933","2025-11-06 13:44:43","7846423368","SEIUSDT","LIMIT","SELL","BOTH","0.16520000",,"40149.00000000","0E-8","0E-8","0E-8","CANCELED","web_S3AYjTOqJnzRvWzdhKQE","GTC","0E-8","0E-8","Contract Price","false","2025-11-06 13:49:11"
"1157365933","2025-11-06 13:57:48","7846506565","SEIUSDT","MARKET","SELL","BOTH","0E-8","0.17080000","40149.00000000","40149.00000000","6857.44920000","0E-8","FILLED","web_dmqIMme9eM4N7MFHg74w","GTC","0E-8","0E-8","Contract Price","false","2025-11-06 13:57:48"
"1157365933","2025-11-06 15:26:46","8031489525","ONDOUSDT","MARKET","SELL","BOTH","0E-8","0.59128385","18684.20000000","18684.20000000","11047.66576000","0E-8","FILLED","web_usdt_mxq2mc8ulu4mmp2awstq4e4","GTC","0E-8","0E-8","Contract Price","false","2025-11-06 15:26:46"
"1157365933","2025-11-06 15:28:50","8031521088","ONDOUSDT","LIMIT","BUY","BOTH","0.58480000",,"18684.20000000","0E-8","0E-8","0E-8","CANCELED","web_ADi7CF1Y0BSndsqXTjfs","GTC","0E-8","0E-8","Contract Price","false","2025-11-06 15:33:40"
"1157365933","2025-11-06 15:33:42","8031605117","ONDOUSDT","LIMIT","BUY","BOTH","0.58500000","0.58500000","18684.20000000","18684.20000000","10930.25700000","0E-8","FILLED","web_6KzBNvkDeMXSS2R4bp0u","GTC","0E-8","0E-8","Contract Price","false","2025-11-06 15:34:10"
"1157365933","2025-11-06 23:49:43","10115596291","FETUSDT","MARKET","SELL","BOTH","0E-8","0.23237693","53221.00000000","53221.00000000","12367.33240000","0E-8","FILLED","web_usdt_lv16bi7t4j859nq9btwd5op","GTC","0E-8","0E-8","Contract Price","false","2025-11-06 23:49:43"
"1157365933","2025-11-06 23:50:34","10115604603","FETUSDT","STOP_MARKET","BUY","BOTH","0E-8",,"0E-8","0E-8","0E-8","0.22860000","CANCELED","web_BJgRBEU82Jc88cA0MP2E","GTE_GTC","0E-8","0E-8","Contract Price","true","2025-11-06 23:53:28"
"1157365933","2025-11-06 23:53:21","10115618483","FETUSDT","LIMIT","BUY","BOTH","0.22960000",,"53221.00000000","0E-8","0E-8","0E-8","CANCELED","web_T5StFvAlTuWZ0VFVpNTX","GTC","0E-8","0E-8","Contract Price","false","2025-11-06 23:56:16"
"1157365933","2025-11-06 23:56:22","10115635852","FETUSDT","LIMIT","BUY","BOTH","0.23070000",,"53221.00000000","0E-8","0E-8","0E-8","CANCELED","web_VtBzlSwtQRPz0ysNv115","GTC","0E-8","0E-8","Contract Price","false","2025-11-06 23:56:43"
"1157365933","2025-11-06 23:56:46","10115637630","FETUSDT","LIMIT","BUY","BOTH","0.22930000",,"53221.00000000","0E-8","0E-8","0E-8","CANCELED","web_uptqgjKtGznoQ7WjDrr5","GTC","0E-8","0E-8","Contract Price","false","2025-11-06 23:58:58"
"1157365933","2025-11-06 23:59:00","10115649530","FETUSDT","LIMIT","BUY","BOTH","0.23000000",,"53221.00000000","0E-8","0E-8","0E-8","CANCELED","web_H4I6XwZMzPbA3ZqHsznr","GTC","0E-8","0E-8","Contract Price","false","2025-11-06 23:59:57"
"1157365933","2025-11-06 23:59:59","10115652939","FETUSDT","LIMIT","BUY","BOTH","0.23010000",,"53221.00000000","0E-8","0E-8","0E-8","EXPIRED","web_SvjP87JmwsGw9dYHiJfS","GTC","0E-8","0E-8","Contract Price","false","2025-11-07 00:02:21"
"1157365933","2025-11-07 00:02:21","10115678907","FETUSDT","MARKET","BUY","BOTH","0E-8","0.23376273","53221.00000000","53221.00000000","12441.08600000","0E-8","FILLED","web_qcetb39ovAqWQbN98rWW","GTC","0E-8","0E-8","Contract Price","false","2025-11-07 00:02:21"
"1157365933","2025-11-07 00:05:48","10115722373","FETUSDT","MARKET","SELL","BOTH","0E-8","0.23180821","49841.00000000","49841.00000000","11553.55310000","0E-8","FILLED","web_usdt_ol1wih0uss75bz3pc0jtdla","GTC","0E-8","0E-8","Contract Price","false","2025-11-07 00:05:48"
"1157365933","2025-11-07 00:11:06","10115784141","FETUSDT","MARKET","BUY","BOTH","0E-8","0.23593103","49841.00000000","49841.00000000","11759.03860000","0E-8","FILLED","web_SgJNt08ocIjTKxZH7fWq","GTC","0E-8","0E-8","Contract Price","false","2025-11-07 00:11:06"
"1157365933","2025-11-07 01:44:38","30657201747","NEARUSDT","MARKET","SELL","BOTH","0E-8","2.09100000","3824.00000000","3824.00000000","7995.98400000","0E-8","FILLED","web_usdt_4blzpy3h62eeenjdb2cn5s8","GTC","0E-8","0E-8","Contract Price","false","2025-11-07 01:44:38"
"1157365933","2025-11-07 01:45:30","30657210211","NEARUSDT","LIMIT","BUY","BOTH","2.05100000",,"3824.00000000","0E-8","0E-8","0E-8","CANCELED","web_tH34A6aeAfkpJtKB6AT7","GTC","0E-8","0E-8","Contract Price","false","2025-11-07 01:47:31"
"1157365933","2025-11-07 01:48:03","30657239859","NEARUSDT","LIMIT","BUY","BOTH","2.05700000",,"1912.00000000","0E-8","0E-8","0E-8","CANCELED","web_9aHSMRbw3jsZrSdWOAxf","GTC","0E-8","0E-8","Contract Price","false","2025-11-07 01:48:11"
"1157365933","2025-11-07 01:48:15","30657244357","NEARUSDT","LIMIT","BUY","BOTH","2.05700000",,"3824.00000000","0E-8","0E-8","0E-8","CANCELED","web_xmRjzNxcdmQFCGXAc1KI","GTC","0E-8","0E-8","Contract Price","false","2025-11-07 01:48:45"
"1157365933","2025-11-07 01:48:50","30657248706","NEARUSDT","LIMIT","BUY","BOTH","2.06700000",,"1912.00000000","0E-8","0E-8","0E-8","CANCELED","web_9fd4cWT8Yq4XeWxvKVkg","GTC","0E-8","0E-8","Contract Price","false","2025-11-07 01:51:23"
"1157365933","2025-11-07 01:49:53","30657257877","NEARUSDT","LIMIT","BUY","BOTH","2.07300000",,"1912.00000000","0E-8","0E-8","0E-8","CANCELED","web_fkOld4nNbuTedwoa3PcF","GTC","0E-8","0E-8","Contract Price","false","2025-11-07 01:51:19"
"1157365933","2025-11-07 01:52:37","30657284719","NEARUSDT","LIMIT","BUY","BOTH","2.07200000",,"1912.00000000","0E-8","0E-8","0E-8","CANCELED","web_ZHaGa6bldw2PCMsT38kq","GTC","0E-8","0E-8","Contract Price","false","2025-11-07 02:05:47"
"1157365933","2025-11-07 02:06:05","30657401836","NEARUSDT","LIMIT","BUY","BOTH","2.07900000",,"1912.00000000","0E-8","0E-8","0E-8","CANCELED","web_QTaKWXqGkINwqDKYW0fz","GTC","0E-8","0E-8","Contract Price","false","2025-11-07 02:14:23"
"1157365933","2025-11-07 02:14:31","30657476810","NEARUSDT","LIMIT","BUY","BOTH","2.07300000",,"1912.00000000","0E-8","0E-8","0E-8","CANCELED","web_GRlmghSjfycRCyu8hW9Z","GTC","0E-8","0E-8","Contract Price","false","2025-11-07 02:23:28"
"1157365933","2025-11-07 02:23:40","30657552084","NEARUSDT","LIMIT","BUY","BOTH","2.07600000",,"3824.00000000","0E-8","0E-8","0E-8","CANCELED","web_aKmrtNUfXUrCrT7J6VAI","GTC","0E-8","0E-8","Contract Price","false","2025-11-07 02:24:35"
"1157365933","2025-11-07 02:24:47","30657559711","NEARUSDT","LIMIT","BUY","BOTH","2.07600000",,"1912.00000000","0E-8","0E-8","0E-8","CANCELED","web_crwJHYEih7MNBiwm0CYt","GTC","0E-8","0E-8","Contract Price","false","2025-11-07 02:27:28"
"1157365933","2025-11-07 02:27:19","30657579925","NEARUSDT","LIMIT","BUY","BOTH","2.08100000","2.08100000","1912.00000000","1912.00000000","3978.87200000","0E-8","FILLED","web_kOGRdGJGqsY2mFWoEx7m","GTC","0E-8","0E-8","Contract Price","false","2025-11-07 02:29:37"
"1157365933","2025-11-07 02:29:27","30657592006","NEARUSDT","LIMIT","BUY","BOTH","2.08100000","2.08100000","1912.00000000","1912.00000000","3978.87200000","0E-8","FILLED","web_z4jbXL4aa2EJAZjIfYER","GTC","0E-8","0E-8","Contract Price","false","2025-11-07 02:29:37"
"1157365933","2025-11-07 05:46:01","30659294009","NEARUSDT","MARKET","SELL","BOTH","0E-8","2.20517375","5082.00000000","5082.00000000","11206.69300000","0E-8","FILLED","web_usdt_n1jiqs81zan2hqv9trtdngi","GTC","0E-8","0E-8","Contract Price","false","2025-11-07 05:46:01"
"1157365933","2025-11-07 05:51:54","30659419806","NEARUSDT","MARKET","BUY","BOTH","0E-8","2.24500000","5082.00000000","5082.00000000","11409.09000000","0E-8","FILLED","web_VTmz7iEPDltNhqVNSh3r","GTC","0E-8","0E-8","Contract Price","false","2025-11-07 05:51:54"
"1157365933","2025-11-07 05:56:28","327949205","YBUSDT","MARKET","BUY","BOTH","0E-8","0.51797152","13181.00000000","13181.00000000","6827.38260000","0E-8","FILLED","web_usdt_gzp9bcby4k3zx5gy8o2ozu9","GTC","0E-8","0E-8","Contract Price","false","2025-11-07 05:56:28"
"1157365933","2025-11-07 05:58:53","327970707","YBUSDT","LIMIT","SELL","BOTH","0.53240000",,"13181.00000000","0E-8","0E-8","0E-8","EXPIRED","web_9XH9zPqnvkM7F7XNku0l","GTC","0E-8","0E-8","Contract Price","false","2025-11-07 05:59:53"
"1157365933","2025-11-07 05:59:53","327979489","YBUSDT","MARKET","SELL","BOTH","0E-8","0.51274016","13181.00000000","13181.00000000","6758.42800000","0E-8","FILLED","web_IGvFgtY2KtvPu6BbM5qo","GTC","0E-8","0E-8","Contract Price","false","2025-11-07 05:59:53"
"1157365933","2025-11-07 11:20:48","1788051373","COAIUSDT","MARKET","SELL","BOTH","0E-8","1.06400000","132.00000000","132.00000000","140.44800000","0E-8","FILLED","web_usdt_20efon8aghcerflqga4s7zn","GTC","0E-8","0E-8","Contract Price","false","2025-11-07 11:20:48"
"1157365933","2025-11-07 12:22:34","1788533022","COAIUSDT","MARKET","BUY","BOTH","0E-8","1.11900000","132.00000000","132.00000000","147.70800000","1.11500000","FILLED","web_YoET1Z7ekXifdmEdMpHy","GTE_GTC","0E-8","0E-8","markPrice","true","2025-11-07 13:29:52"
"1157365933","2025-11-07 12:22:34","1788533021","COAIUSDT","STOP_MARKET","BUY","BOTH","0E-8",,"0E-8","0E-8","0E-8","0.85100000","EXPIRED","web_FgQ6jq1d2sIjsxK16HoE","GTE_GTC","0E-8","0E-8","markPrice","true","2025-11-07 13:29:52"
"1157365933","2025-11-08 05:36:20","18369538017","APTUSDT","MARKET","SELL","BOTH","0E-8","3.09600000","522.80000000","522.80000000","1618.58880000","0E-8","FILLED","web_usdt_cy5n4evenxzqyo2ipwhzow9","GTC","0E-8","0E-8","Contract Price","false","2025-11-08 05:36:20"
"1157365933","2025-11-08 05:58:01","18369797697","APTUSDT","STOP_MARKET","BUY","BOTH","0E-8",,"0E-8","0E-8","0E-8","3.04970000","EXPIRED","web_4OC7D8FoOTuvLSE1Lby7","GTE_GTC","0E-8","0E-8","markPrice","true","2025-11-08 06:03:56"
"1157365933","2025-11-08 06:03:01","18369857542","APTUSDT","LIMIT","BUY","BOTH","3.06440000","3.06440000","522.80000000","522.80000000","1602.06832000","0E-8","FILLED","web_5VvJFefkH0bbg4qmefgb","GTC","0E-8","0E-8","Contract Price","false","2025-11-08 06:03:56"
"1157365933","2025-11-08 06:30:28","1949261478","XPLUSDT","MARKET","BUY","BOTH","0E-8","0.32134840","18910.00000000","18910.00000000","6076.69830000","0E-8","FILLED","web_usdt_9m4nhnp5q3vhnqt72ontv7r","GTC","0E-8","0E-8","Contract Price","false","2025-11-08 06:30:28"
"1157365933","2025-11-08 06:37:41","1949303489","XPLUSDT","LIMIT","SELL","BOTH","0.32350000","0.32350000","18910.00000000","18910.00000000","6117.38500000","0E-8","FILLED","web_3szwZ0sqQye8vL02Ulxz","GTC","0E-8","0E-8","Contract Price","false","2025-11-08 06:37:44"
"1157365933","2025-11-08 06:47:28","1438856577","SOONUSDT","MARKET","BUY","BOTH","0E-8","2.03696484","2122.00000000","2122.00000000","4322.43940000","0E-8","FILLED","web_usdt_vv8my3pev2h7fndv650ox3e","GTC","0E-8","0E-8","Contract Price","false","2025-11-08 06:47:28"
"1157365933","2025-11-08 06:48:08","1438879301","SOONUSDT","LIMIT","SELL","BOTH","2.08980000",,"2122.00000000","0E-8","0E-8","0E-8","EXPIRED","web_QkngoMFF7AMa8R8RaBrM","GTC","0E-8","0E-8","Contract Price","false","2025-11-08 08:58:35"
"1157365933","2025-11-08 08:34:22","1441084762","SOONUSDT","STOP_MARKET","SELL","BOTH","0E-8",,"0E-8","0E-8","0E-8","1.96270000","EXPIRED","ios_ehpau2FoM3oNbVZ7Cq2U","GTE_GTC","0E-8","0E-8","markPrice","true","2025-11-08 08:58:35"
"1157365933","2025-11-08 08:58:35","1441649833","SOONUSDT","MARKET","SELL","BOTH","0E-8","2.06087370","2122.00000000","2122.00000000","4373.17400000","0E-8","FILLED","ios_WSPYxgNwvAIWSWTNz07g","GTC","0E-8","0E-8","Contract Price","false","2025-11-08 08:58:35"
"1157365933","2025-11-09 00:33:41","5501290194","VIRTUALUSDT","MARKET","SELL","BOTH","0E-8","1.34575488","3212.90000000","3212.90000000","4323.77586000","0E-8","FILLED","web_usdt_bfwuy0pmqdvo8rzvwkwpyov","GTC","0E-8","0E-8","Contract Price","false","2025-11-09 00:33:41"
"1157365933","2025-11-09 00:34:30","5501303326","VIRTUALUSDT","STOP_MARKET","BUY","BOTH","0E-8",,"0E-8","0E-8","0E-8","1.33450000","CANCELED","web_cvZ8PdcwHsqKtFYnURN7","GTE_GTC","0E-8","0E-8","markPrice","true","2025-11-09 00:43:40"
"1157365933","2025-11-09 00:34:30","5501303325","VIRTUALUSDT","STOP_MARKET","BUY","BOTH","0E-8",,"0E-8","0E-8","0E-8","1.35180000","EXPIRED","web_065MMimYVvTtyDCfEudW","GTE_GTC","0E-8","0E-8","markPrice","true","2025-11-09 00:50:52"
"1157365933","2025-11-09 00:43:47","5501399060","VIRTUALUSDT","LIMIT","BUY","BOTH","1.33500000","1.33500000","3212.90000000","3212.90000000","4289.22150000","0E-8","FILLED","web_OYHUTTi44vutpqEyqB44","GTC","0E-8","0E-8","Contract Price","false","2025-11-09 00:50:52"
"1157365933","2025-11-09 02:21:33","1958066311","XPLUSDT","MARKET","SELL","BOTH","0E-8","0.29607456","10665.00000000","10665.00000000","3157.63520000","0E-8","FILLED","web_usdt_x42ws1sxp3px10ynfwmmyzn","GTC","0E-8","0E-8","Contract Price","false","2025-11-09 02:21:33"
"1157365933","2025-11-09 02:21:57","1958068696","XPLUSDT","LIMIT","BUY","BOTH","0.29190000","0.29190000","10665.00000000","10665.00000000","3113.11350000","0E-8","FILLED","web_ucfO1Lo8zZQoBtq0XQUK","GTC","0E-8","0E-8","Contract Price","false","2025-11-09 02:45:36"
"1157365933","2025-11-09 05:17:59","1572177758","AIAUSDT","MARKET","BUY","BOTH","0E-8","5.12090805","671.00000000","671.00000000","3436.12930000","0E-8","FILLED","web_usdt_gcyt9tao345lt60juv3lxvc","GTC","0E-8","0E-8","Contract Price","false","2025-11-09 05:17:59"
"1157365933","2025-11-09 05:18:24","1572189467","AIAUSDT","LIMIT","SELL","BOTH","5.36090000",,"671.00000000","0E-8","0E-8","0E-8","EXPIRED","web_TKesu5shKcOyNf5dHUB3","GTC","0E-8","0E-8","Contract Price","false","2025-11-09 05:24:02"
"1157365933","2025-11-09 05:24:02","1572434736","AIAUSDT","LIMIT","SELL","BOTH","5.21760000","5.21760000","671.00000000","671.00000000","3501.00960000","0E-8","FILLED","web_Z1lDsR5ZFQaGcyAijQKa","GTC","0E-8","0E-8","Contract Price","false","2025-11-09 05:24:19"
"1157365933","2025-11-09 07:37:07","7692744126","ZENUSDT","MARKET","BUY","BOTH","0E-8","14.60004693","264.20000000","264.20000000","3857.33240000","0E-8","FILLED","web_usdt_jscco1c1khb0gi8b1sg0w33","GTC","0E-8","0E-8","Contract Price","false","2025-11-09 07:37:07"
"1157365933","2025-11-09 07:38:16","7692758224","ZENUSDT","LIMIT","SELL","BOTH","14.87700000",,"264.20000000","0E-8","0E-8","0E-8","EXPIRED","web_WcNPnWE9gw7dJBZqYorN","GTC","0E-8","0E-8","Contract Price","false","2025-11-09 07:44:57"
"1157365933","2025-11-09 07:44:57","7692850932","ZENUSDT","LIMIT","SELL","BOTH","14.83300000","14.83300000","264.20000000","264.20000000","3918.87860000","0E-8","FILLED","web_pUvbwv0WUOF3RulH1FbN","GTC","0E-8","0E-8","Contract Price","false","2025-11-09 07:45:00"
"1157365933","2025-11-09 09:34:24","80522810729","BNBUSDT","MARKET","BUY","BOTH","0E-8","992.49000000","4.34000000","4.34000000","4307.40660000","0E-8","FILLED","web_usdt_y68q1awkvu6kqfja1btf9vg","GTC","0E-8","0E-8","Contract Price","false","2025-11-09 09:34:24"
"1157365933","2025-11-09 09:35:25","80522854970","BNBUSDT","LIMIT","SELL","BOTH","995.13000000",,"4.34000000","0E-8","0E-8","0E-8","EXPIRED","web_k25t6AtjDPkxISqlhCZf","GTC","0E-8","0E-8","Contract Price","false","2025-11-09 09:45:24"
"1157365933","2025-11-09 09:45:24","80523285501","BNBUSDT","MARKET","SELL","BOTH","0E-8","990.39000000","4.34000000","4.34000000","4298.29260000","0E-8","FILLED","web_XSk1tslVFZotusKRbpzL","GTC","0E-8","0E-8","Contract Price","false","2025-11-09 09:45:24"
"1157365933","2025-11-09 23:14:22","60138649799","ADAUSDT","MARKET","BUY","BOTH","0E-8","0.57880000","14207.00000000","14207.00000000","8223.01160000","0E-8","FILLED","web_usdt_jlbgq372xf33304oajfju5x","GTC","0E-8","0E-8","Contract Price","false","2025-11-09 23:14:22"
"1157365933","2025-11-09 23:14:41","60138657009","ADAUSDT","LIMIT","SELL","BOTH","0.58220000",,"14207.00000000","0E-8","0E-8","0E-8","EXPIRED","web_ua2iqhEjzzjdWXfiCsvm","GTC","0E-8","0E-8","Contract Price","false","2025-11-09 23:20:09"
"1157365933","2025-11-09 23:20:09","60138767431","ADAUSDT","MARKET","SELL","BOTH","0E-8","0.57680000","14207.00000000","14207.00000000","8194.59760000","0E-8","FILLED","web_1GAmsfMG7JQ1RxtssNJC","GTC","0E-8","0E-8","Contract Price","false","2025-11-09 23:20:09"
"1157365933","2025-11-09 23:30:42","28938322633","UNIUSDT","MARKET","BUY","BOTH","0E-8","6.58036107","1346.00000000","1346.00000000","8857.16600000","0E-8","FILLED","web_usdt_0vklt8pbi9bytzq599es8kj","GTC","0E-8","0E-8","Contract Price","false","2025-11-09 23:30:42"
"1157365933","2025-11-09 23:31:41","28938335613","UNIUSDT","MARKET","SELL","BOTH","0E-8","6.56685513","1346.00000000","1346.00000000","8838.98700000","0E-8","FILLED","web_q9hWkFDhqmL4WJpHP7bz","GTC","0E-8","0E-8","Contract Price","false","2025-11-09 23:31:41"
"1157365933","2025-11-13 08:02:53","3617384015","HYPEUSDT","MARKET","BUY","BOTH","0E-8","39.20165753","97.03000000","97.03000000","3803.73683000","0E-8","FILLED","web_usdt_nxxtdw0ae46s0zxdc312d49","GTC","0E-8","0E-8","Contract Price","false","2025-11-13 08:02:53"
"1157365933","2025-11-13 08:08:08","3617491046","HYPEUSDT","MARKET","SELL","BOTH","0E-8","39.04653375","97.03000000","97.03000000","3788.68517000","39.05100000","FILLED","web_Fo59yXNK7s1EkwaEFcUq","GTE_GTC","0E-8","0E-8","Contract Price","true","2025-11-13 09:01:31"
"1157365933","2025-11-13 08:21:13","3617686273","HYPEUSDT","LIMIT","SELL","BOTH","39.70700000",,"97.03000000","0E-8","0E-8","0E-8","EXPIRED","web_0sBMv7W1A5gLS9Lnxbco","GTC","0E-8","0E-8","Contract Price","false","2025-11-13 09:01:31"
"1157365933","2025-11-14 00:07:24","1268280472","SOMIUSDT","MARKET","BUY","BOTH","0E-8","0.33698613","20900.00000000","20900.00000000","7043.01020000","0E-8","FILLED","web_usdt_64yfmbqv3e1ej0rzqaaccot","GTC","0E-8","0E-8","Contract Price","false","2025-11-14 00:07:24"
"1157365933","2025-11-14 00:08:42","1268285468","SOMIUSDT","MARKET","SELL","BOTH","0E-8","0.33423092","20900.00000000","20900.00000000","6985.42620000","0.33460000","FILLED","web_4wUd4oOvli34QgFXw3JV","GTE_GTC","0E-8","0E-8","Contract Price","true","2025-11-14 00:15:32"
"1157365933","2025-11-14 00:25:15","13295854148","XMRUSDT","MARKET","BUY","BOTH","0E-8","387.16994660","15.91900000","15.91900000","6163.35838000","0E-8","FILLED","web_usdt_0l6ie5pec0qn5djfsz8jjak","GTC","0E-8","0E-8","Contract Price","false","2025-11-14 00:25:15"
"1157365933","2025-11-14 00:25:49","13295857070","XMRUSDT","LIMIT","SELL","BOTH","390.92000000",,"15.91900000","0E-8","0E-8","0E-8","EXPIRED","web_WFtAwDJKMWQ9JlRmMFI1","GTC","0E-8","0E-8","Contract Price","false","2025-11-14 00:40:56"
"1157365933","2025-11-14 00:26:41","13295859826","XMRUSDT","MARKET","SELL","BOTH","0E-8","384.51278917","14.43800000","14.43800000","5551.59565000","384.62000000","FILLED","web_fYdPe0IcHk3dfThTsed2","GTE_GTC","0E-8","0E-8","Contract Price","true","2025-11-14 00:53:13"
"1157365933","2025-11-14 00:40:56","13295905463","XMRUSDT","LIMIT","SELL","BOTH","387.94000000","387.96532073","15.91900000","1.48100000","574.57664000","0E-8","CANCELED","web_QGySXyb4O1OZMa2ZJwgs","GTC","0E-8","0E-8","Contract Price","false","2025-11-14 00:41:00"
"1157365933","2025-11-14 00:41:12","13295906659","XMRUSDT","LIMIT","SELL","BOTH","390.87000000",,"14.43800000","0E-8","0E-8","0E-8","EXPIRED","web_JiC4sTRCERT5QxUOLJAg","GTC","0E-8","0E-8","Contract Price","false","2025-11-14 00:53:13"
"1157365933","2025-11-14 05:44:21","23399817141","AAVEUSDT","MARKET","SELL","BOTH","0E-8","190.09629386","45.60000000","45.60000000","8668.39100000","0E-8","FILLED","web_usdt_kly7v2atx0ry7bbm7q4nuqi","GTC","0E-8","0E-8","Contract Price","false","2025-11-14 05:44:21"
"1157365933","2025-11-14 06:06:02","23400167282","AAVEUSDT","LIMIT","BUY","BOTH","187.42000000",,"45.60000000","0E-8","0E-8","0E-8","EXPIRED","web_ssZyG5aa8VUmWrjLAWwD","GTC","0E-8","0E-8","Contract Price","false","2025-11-14 06:39:39"
"1157365933","2025-11-14 06:39:39","23400743822","AAVEUSDT","LIMIT","BUY","BOTH","188.02000000","188.02000000","45.60000000","25.90000000","4869.71800000","0E-8","EXPIRED","web_3lUX0bAqawJdcXkQktTK","GTC","0E-8","0E-8","Contract Price","false","2025-11-14 06:43:51"
"1157365933","2025-11-14 06:43:51","23400814196","AAVEUSDT","MARKET","BUY","BOTH","0E-8","188.45121827","19.70000000","19.70000000","3712.48900000","0E-8","FILLED","web_AomiYsetSwDdWVbSKoat","GTC","0E-8","0E-8","Contract Price","false","2025-11-14 06:43:51"
"1157365933","2025-11-14 12:41:32","29213312108","TRBUSDT","MARKET","BUY","BOTH","0E-8","27.30032226","189.60000000","189.60000000","5176.14110000","0E-8","FILLED","web_usdt_73e75iymzt4re4lk1wf7s29","GTC","0E-8","0E-8","Contract Price","false","2025-11-14 12:41:32"
"1157365933","2025-11-14 12:41:43","29213328306","TRBUSDT","LIMIT","SELL","BOTH","28.82900000",,"189.60000000","0E-8","0E-8","0E-8","EXPIRED","web_jXEAZUqMAt56qjttXOiL","GTC","0E-8","0E-8","Contract Price","false","2025-11-14 12:48:58"
"1157365933","2025-11-14 12:48:58","29213955540","TRBUSDT","LIMIT","SELL","BOTH","28.00000000","28.00165084","189.60000000","189.60000000","5309.11300000","0E-8","FILLED","web_FkyjgqNaBpvAz0ERTbIR","GTC","0E-8","0E-8","Contract Price","false","2025-11-14 12:48:58"
"1157365933","2025-11-15 00:45:07","5615978852","VIRTUALUSDT","MARKET","SELL","BOTH","0E-8","1.18442057","5661.30000000","5661.30000000","6705.36015000","0E-8","FILLED","web_usdt_gpufbp0yuone8ehnxiqdxin","GTC","0E-8","0E-8","Contract Price","false","2025-11-15 00:45:07"
"1157365933","2025-11-15 00:45:56","5615985307","VIRTUALUSDT","LIMIT","BUY","BOTH","1.16680000",,"5661.30000000","0E-8","0E-8","0E-8","EXPIRED","web_fBLNgNil6dc5XIUbFqnO","GTC","0E-8","0E-8","Contract Price","false","2025-11-15 01:19:28"
"1157365933","2025-11-15 01:19:28","5616299448","VIRTUALUSDT","MARKET","BUY","BOTH","0E-8","1.19475168","5661.30000000","5661.30000000","6763.84769000","0E-8","FILLED","web_jAcErw6fKvoFVnoasF8g","GTC","0E-8","0E-8","Contract Price","false","2025-11-15 01:19:28"
"1157365933","2025-11-15 02:20:57","5616832117","VIRTUALUSDT","MARKET","BUY","BOTH","0E-8","1.19461074","4856.80000000","4856.80000000","5801.98546000","0E-8","FILLED","web_usdt_npw3j21sy1djod0oe29qzgf","GTC","0E-8","0E-8","Contract Price","false","2025-11-15 02:20:57"
"1157365933","2025-11-15 02:33:09","5616930070","VIRTUALUSDT","MARKET","SELL","BOTH","0E-8","1.18928112","4856.80000000","4856.80000000","5776.10052000","0E-8","FILLED","web_f6mgnzJxw0DPboXF68hS","GTC","0E-8","0E-8","Contract Price","false","2025-11-15 02:33:09"
"1157365933","2025-11-15 02:37:24","34832174279","SUIUSDT","MARKET","SELL","BOTH","0E-8","1.77510000","2105.30000000","2105.30000000","3737.11803000","0E-8","FILLED","web_usdt_v4s353akkhllohbgwvca677","GTC","0E-8","0E-8","Contract Price","false","2025-11-15 02:37:24"
"1157365933","2025-11-15 02:41:20","34832280491","SUIUSDT","MARKET","BUY","BOTH","0E-8","1.78294560","2105.30000000","2105.30000000","3753.63537000","0E-8","FILLED","web_KkdOjn9h9J3j5knHFGD4","GTC","0E-8","0E-8","Contract Price","false","2025-11-15 02:41:20"
"1157365933","2025-11-15 02:43:06","367581678","BDXNUSDT","MARKET","SELL","BOTH","0E-8","0.05985405","100331.00000000","100331.00000000","6005.21688000","0E-8","FILLED","web_usdt_y9pp3hcvogsnrnvgokbfrqd","GTC","0E-8","0E-8","Contract Price","false","2025-11-15 02:43:06"
"1157365933","2025-11-15 02:43:26","367584034","BDXNUSDT","LIMIT","BUY","BOTH","0.05829000",,"100331.00000000","0E-8","0E-8","0E-8","EXPIRED","web_tcS7OJ9omkiJocF5c5rP","GTC","0E-8","0E-8","Contract Price","false","2025-11-15 03:04:46"
"1157365933","2025-11-15 03:04:46","367641009","BDXNUSDT","LIMIT","BUY","BOTH","0.05911000","0.05911000","100331.00000000","100331.00000000","5930.56541000","0E-8","FILLED","web_gOxDgoM9aeYC98qzAg0d","GTC","0E-8","0E-8","Contract Price","false","2025-11-15 03:05:03"
"1157365933","2025-11-15 08:36:09","8288227347","TAOUSDT","MARKET","BUY","BOTH","0E-8","341.10595597","22.48500000","22.48500000","7669.76742000","0E-8","FILLED","web_usdt_twh4kjtfcbn84po6dhggzu7","GTC","0E-8","0E-8","Contract Price","false","2025-11-15 08:36:09"
"1157365933","2025-11-15 08:37:17","8288252153","TAOUSDT","LIMIT","SELL","BOTH","344.61000000",,"22.48500000","0E-8","0E-8","0E-8","EXPIRED","web_wNDbTwZ7TsnjuOVAWSG6","GTC","0E-8","0E-8","Contract Price","false","2025-11-15 11:44:20"
"1157365933","2025-11-15 10:07:54","8289530840","TAOUSDT","MARKET","SELL","BOTH","0E-8","335.65783678","22.48500000","22.48500000","7547.26646000","335.73000000","FILLED","web_pxdRUCzaqgbf9czbNAGF","GTE_GTC","0E-8","0E-8","markPrice","true","2025-11-15 11:44:20"
"1157365933","2025-11-15 12:01:04","152361885","TACUSDT","MARKET","BUY","BOTH","0E-8","0.00582415","635411.00000000","635411.00000000","3700.72889400","0E-8","FILLED","web_usdt_psv0wph4k8zhpil14dt9vqf","GTC","0E-8","0E-8","Contract Price","false","2025-11-15 12:01:04"
"1157365933","2025-11-15 12:01:27","152362483","TACUSDT","LIMIT","SELL","BOTH","0.00593000",,"635411.00000000","0E-8","0E-8","0E-8","CANCELED","web_MnmrWMRAKP5UhUbKwU6e","GTC","0E-8","0E-8","Contract Price","false","2025-11-15 12:30:18"
"1157365933","2025-11-15 12:30:24","152403743","TACUSDT","LIMIT","SELL","BOTH","0.00598200",,"635411.00000000","0E-8","0E-8","0E-8","EXPIRED","web_qty4MLJbP1bX8x617tdL","GTC","0E-8","0E-8","Contract Price","false","2025-11-15 12:32:38"
"1157365933","2025-11-15 12:32:38","152410241","TACUSDT","LIMIT","SELL","BOTH","0.00592200",,"635411.00000000","0E-8","0E-8","0E-8","CANCELED","web_XMZkEPWQkNgnnCGkSwuh","GTC","0E-8","0E-8","Contract Price","false","2025-11-15 12:32:41"
"1157365933","2025-11-15 12:32:44","152410336","TACUSDT","LIMIT","SELL","BOTH","0.00592200",,"635411.00000000","0E-8","0E-8","0E-8","EXPIRED","web_nXOWBzvnb9RbbhCc2wcB","GTC","0E-8","0E-8","Contract Price","false","2025-11-15 12:34:30"
"1157365933","2025-11-15 12:34:30","152411710","TACUSDT","LIMIT","SELL","BOTH","0.00590000","0.00590000","635411.00000000","635411.00000000","3748.92490000","0E-8","FILLED","web_ctfYRANhT5RJqdCuAyDg","GTC","0E-8","0E-8","Contract Price","false","2025-11-15 12:36:09"
"1157365933","2025-11-15 14:05:40","793609521659","ZECUSDT","MARKET","BUY","BOTH","0E-8","676.92854329","9.74800000","9.74800000","6598.69944000","0E-8","FILLED","web_usdt_vbcg3n14zkr2f62uqwonv3b","GTC","0E-8","0E-8","Contract Price","false","2025-11-15 14:05:40"
"1157365933","2025-11-15 14:06:06","793609565670","ZECUSDT","LIMIT","SELL","BOTH","698.74000000",,"9.74800000","0E-8","0E-8","0E-8","EXPIRED","web_oXgdzwPKsq7OHWPVXGk5","GTC","0E-8","0E-8","Contract Price","false","2025-11-15 14:09:58"
"1157365933","2025-11-15 14:09:58","793609885619","ZECUSDT","LIMIT","SELL","BOTH","686.92000000","686.92000000","9.74800000","9.74800000","6696.09616000","0E-8","FILLED","web_7J9ejzCLVqFgPaaER6uE","GTC","0E-8","0E-8","Contract Price","false","2025-11-15 14:14:41"
"1157365933","2025-11-16 11:17:04","34881087793","SUIUSDT","MARKET","BUY","BOTH","0E-8","1.75707234","3440.10000000","3440.10000000","6044.50457000","0E-8","FILLED","web_usdt_qsg4qra7l9pb2anmxwcswcl","GTC","0E-8","0E-8","Contract Price","false","2025-11-16 11:17:04"
"1157365933","2025-11-16 11:17:36","34881104359","SUIUSDT","LIMIT","SELL","BOTH","1.77660000",,"3440.10000000","0E-8","0E-8","0E-8","EXPIRED","web_U9EakMItGu1yWJeAFAml","GTC","0E-8","0E-8","Contract Price","false","2025-11-16 11:21:18"
"1157365933","2025-11-16 11:21:18","34881239031","SUIUSDT","MARKET","SELL","BOTH","0E-8","1.74789719","3440.10000000","3440.10000000","6012.94111000","0E-8","FILLED","web_tYNQ1xMpllIeXi4bi7K6","GTC","0E-8","0E-8","Contract Price","false","2025-11-16 11:21:18"
"1157365933","2025-11-16 11:27:02","3693911509","HYPEUSDT","MARKET","BUY","BOTH","0E-8","39.51052748","142.28000000","142.28000000","5621.55785000","0E-8","FILLED","web_usdt_v4sm4qcd2esj47oge4bk9s3","GTC","0E-8","0E-8","Contract Price","false","2025-11-16 11:27:02"
"1157365933","2025-11-16 12:33:16","3695065938","HYPEUSDT","MARKET","SELL","BOTH","0E-8","39.06404147","142.28000000","142.28000000","5558.03182000","0E-8","FILLED","web_uULqrCy3bvCuwp4DCTBZ","GTC","0E-8","0E-8","Contract Price","false","2025-11-16 12:33:16"
"1157365933","2025-11-16 12:41:55","8535686","SENTUSDT","MARKET","BUY","BOTH","0E-8","0.06667680","67421.00000000","67421.00000000","4495.41660000","0E-8","FILLED","web_usdt_kwenxcirh028rqpiue2t3lf","GTC","0E-8","0E-8","Contract Price","false","2025-11-16 12:41:55"
"1157365933","2025-11-16 12:43:03","8539070","SENTUSDT","LIMIT","SELL","BOTH","0.06910000",,"67421.00000000","0E-8","0E-8","0E-8","EXPIRED","web_kVjxfXK9CKaEXFwHCR0e","GTC","0E-8","0E-8","Contract Price","false","2025-11-16 12:47:01"
"1157365933","2025-11-16 12:47:01","8547167","SENTUSDT","LIMIT","SELL","BOTH","0.06730000","0.06730000","67421.00000000","67421.00000000","4537.43330000","0E-8","FILLED","web_hBBk4gvrZFx8cbxPcQec","GTC","0E-8","0E-8","Contract Price","false","2025-11-16 12:47:14"
"1157365933","2025-11-16 13:31:23","1661581966","WCTUSDT","MARKET","SELL","BOTH","0E-8","0.13141292","40795.00000000","40795.00000000","5360.99020000","0E-8","FILLED","web_usdt_rcif2he0dghzsqup0t1s97g","GTC","0E-8","0E-8","Contract Price","false","2025-11-16 13:31:23"
"1157365933","2025-11-16 13:32:37","1661601119","WCTUSDT","LIMIT","BUY","BOTH","0.12980000",,"40795.00000000","0E-8","0E-8","0E-8","CANCELED","web_hVwNFuj1ksSgTOwYcEXd","GTC","0E-8","0E-8","Contract Price","false","2025-11-16 13:39:10"
"1157365933","2025-11-16 13:39:22","1661697037","WCTUSDT","LIMIT","BUY","BOTH","0.12800000",,"40795.00000000","0E-8","0E-8","0E-8","EXPIRED","web_YukduiI8bE0fUxn1rgdK","GTC","0E-8","0E-8","Contract Price","false","2025-11-16 14:03:15"
"1157365933","2025-11-16 14:03:15","1662093318","WCTUSDT","MARKET","BUY","BOTH","0E-8","0.13689555","40795.00000000","40795.00000000","5584.65380000","0E-8","FILLED","web_CHgrA4c5T3CLwW3IZO7A","GTC","0E-8","0E-8","Contract Price","false","2025-11-16 14:03:15"
"1157365933","2025-11-16 23:41:29","799171727","LAUSDT","MARKET","BUY","BOTH","0E-8","0.46559286","7932.70000000","7932.70000000","3693.40849000","0E-8","FILLED","web_usdt_vgl9vw2stz3fzohdrx413gy","GTC","0E-8","0E-8","Contract Price","false","2025-11-16 23:41:29"
"1157365933","2025-11-16 23:59:35","799295317","LAUSDT","MARKET","SELL","BOTH","0E-8","0.47245324","7932.70000000","7932.70000000","3747.82982000","0E-8","FILLED","ios_13bPU6SqOQrLtdUvDqzi","GTC","0E-8","0E-8","Contract Price","false","2025-11-16 23:59:35"
"1157365933","2025-11-17 03:55:14","3908176566","STRKUSDT","MARKET","BUY","BOTH","0E-8","0.21463518","15658.60000000","15658.60000000","3360.88639000","0E-8","FILLED","web_usdt_3xsh7a6ooxidsrehgtiajtt","GTC","0E-8","0E-8","Contract Price","false","2025-11-17 03:55:14"
"1157365933","2025-11-17 04:25:54","3908796290","STRKUSDT","LIMIT","SELL","BOTH","0.21940000",,"15658.60000000","0E-8","0E-8","0E-8","EXPIRED","web_X2UjIIGRqtKK2PLjpRCM","GTC","0E-8","0E-8","Contract Price","false","2025-11-17 04:29:32"
"1157365933","2025-11-17 04:29:32","3908875151","STRKUSDT","LIMIT","SELL","BOTH","0.21850000",,"15658.60000000","0E-8","0E-8","0E-8","EXPIRED","web_UyB9NbMw0dcmAj7zgDSA","GTC","0E-8","0E-8","Contract Price","false","2025-11-17 04:50:49"
"1157365933","2025-11-17 04:50:49","3909342748","STRKUSDT","MARKET","SELL","BOTH","0E-8","0.21040000","15658.60000000","15658.60000000","3294.56944000","0E-8","FILLED","web_B1FtP7ullKvEcJ9ZBTXC","GTC","0E-8","0E-8","Contract Price","false","2025-11-17 04:50:49"
"1157365933","2025-11-17 07:16:11","52963805732","1000PEPEUSDT","MARKET","BUY","BOTH","0E-8","0.00496017","524049.00000000","524049.00000000","2599.37310670","0E-8","FILLED","web_usdt_gbwhzg3m1zvuogt3q8vzxjr","GTC","0E-8","0E-8","Contract Price","false","2025-11-17 07:16:11"
"1157365933","2025-11-17 07:24:52","52964210145","1000PEPEUSDT","LIMIT","SELL","BOTH","0.00500280",,"524049.00000000","0E-8","0E-8","0E-8","EXPIRED","web_3BPz8iiqQmL2Y3b7F5az","GTC","0E-8","0E-8","Contract Price","false","2025-11-17 08:11:54"
"1157365933","2025-11-17 08:11:54","52965951778","1000PEPEUSDT","LIMIT","SELL","BOTH","0.00497210","0.00497210","524049.00000000","524049.00000000","2605.62403290","0E-8","FILLED","web_HZtUAPCzYpZunnn7xh2G","GTC","0E-8","0E-8","Contract Price","false","2025-11-17 08:12:50"
"1157365933","2025-11-18 02:03:10","6056992188","ICPUSDT","MARKET","BUY","BOTH","0E-8","5.73964194","310.00000000","310.00000000","1779.28900000","0E-8","FILLED","web_usdt_4d2r9pfyqwqb2fhsc4iby8f","GTC","0E-8","0E-8","Contract Price","false","2025-11-18 02:03:10"
"1157365933","2025-11-18 02:18:55","6057469926","ICPUSDT","MARKET","SELL","BOTH","0E-8","5.59800323","310.00000000","310.00000000","1735.38100000","5.60000000","FILLED","web_z6ecFIhLI6mc95I5ZMOg","GTE_GTC","0E-8","0E-8","Contract Price","true","2025-11-18 03:04:44"
"1157365933","2025-11-18 02:18:55","6057469925","ICPUSDT","STOP_MARKET","SELL","BOTH","0E-8",,"0E-8","0E-8","0E-8","6.10700000","EXPIRED","web_kuUNhCvuPJEKUKqPdYwT","GTE_GTC","0E-8","0E-8","Contract Price","true","2025-11-18 03:04:44"
"1157365933","2025-11-18 06:54:56","570817797","ERAUSDT","MARKET","BUY","BOTH","0E-8","0.24312738","5998.00000000","5998.00000000","1458.27800000","0E-8","FILLED","web_usdt_a51di8cayq93srvoc0508pf","GTC","0E-8","0E-8","Contract Price","false","2025-11-18 06:54:56"
"1157365933","2025-11-18 06:57:01","570822335","ERAUSDT","LIMIT","SELL","BOTH","0.24860000",,"5998.00000000","0E-8","0E-8","0E-8","CANCELED","web_xod1NEkWgWc3KHyPOjDb","GTC","0E-8","0E-8","Contract Price","false","2025-11-18 06:58:48"
"1157365933","2025-11-18 06:58:53","570824716","ERAUSDT","LIMIT","SELL","BOTH","0.25350000",,"5998.00000000","0E-8","0E-8","0E-8","EXPIRED","web_4fiavaj2bxwRBUCpKU8k","GTC","0E-8","0E-8","Contract Price","false","2025-11-18 07:22:14"
"1157365933","2025-11-18 07:00:08","570826214","ERAUSDT","MARKET","SELL","BOTH","0E-8","0.24066644","5998.00000000","5998.00000000","1443.51730000","0.24070000","FILLED","web_vyWOmoegtrVM8QOH0MXg","GTE_GTC","0E-8","0E-8","Contract Price","true","2025-11-18 07:22:14"
"1157365933","2025-11-18 08:43:28","29202849687","UNIUSDT","MARKET","BUY","BOTH","0E-8","7.40929602","402.00000000","402.00000000","2978.53700000","0E-8","FILLED","ios_usdt_Wiu77sVsYU5TLrG73CNv","GTC","0E-8","0E-8","Contract Price","false","2025-11-18 08:43:28"
"1157365933","2025-11-18 09:43:34","29203735201","UNIUSDT","MARKET","SELL","BOTH","0E-8","7.31564677","402.00000000","402.00000000","2940.89000000","0E-8","FILLED","ios_x85RN3W8kxzGRMVdc7NW","GTC","0E-8","0E-8","Contract Price","false","2025-11-18 09:43:34"
"1157365933","2025-11-19 00:12:59","81140288581","BNBUSDT","MARKET","BUY","BOTH","0E-8","930.98000000","1.10000000","1.10000000","1024.07800000","0E-8","FILLED","web_usdt_79si5she365ldn9601c0651","GTC","0E-8","0E-8","Contract Price","false","2025-11-19 00:12:59"
"1157365933","2025-11-19 00:14:20","81140340353","BNBUSDT","STOP_MARKET","SELL","BOTH","0E-8",,"0E-8","0E-8","0E-8","912.18000000","CANCELED","web_abmMtDy4xYCyPNTa6G1p","GTE_GTC","0E-8","0E-8","Contract Price","true","2025-11-19 10:59:49"
"1157365933","2025-11-19 10:59:49","81166813085","BNBUSDT","STOP_MARKET","SELL","BOTH","0E-8",,"0E-8","0E-8","0E-8","919.49000000","CANCELED","web_WfIDBHo5AXv3JIc0KTj4","GTE_GTC","0E-8","0E-8","Contract Price","true","2025-11-19 11:24:38"
"1157365933","2025-11-19 11:23:47","81167672315","BNBUSDT","STOP_MARKET","SELL","BOTH","0E-8",,"0E-8","0E-8","0E-8","939.69000000","EXPIRED","web_oxJSFiDUoz5JY0CcLvJT","GTE_GTC","0E-8","0E-8","markPrice","true","2025-11-19 11:55:01"
"1157365933","2025-11-19 11:24:38","81167691898","BNBUSDT","MARKET","SELL","BOTH","0E-8","921.87000000","1.10000000","1.10000000","1014.05700000","921.91000000","FILLED","web_5MZGZr7dxrtA22kdiz1y","GTE_GTC","0E-8","0E-8","Contract Price","true","2025-11-19 11:55:01"
"1157365933","2025-11-20 00:28:34","30869668080","NEARUSDT","MARKET","BUY","BOTH","0E-8","2.37700000","393.00000000","393.00000000","934.16100000","0E-8","FILLED","web_usdt_82wxlh8m6yriox4wpdfibjk","GTC","0E-8","0E-8","Contract Price","false","2025-11-20 00:28:34"
"1157365933","2025-11-20 00:29:19","30869674029","NEARUSDT","MARKET","SELL","BOTH","0E-8","2.34000000","393.00000000","393.00000000","919.62000000","2.34400000","FILLED","web_fs5vcqjnNAXonkijVBda","GTE_GTC","0E-8","0E-8","markPrice","true","2025-11-20 00:53:55"
"1157365933","2025-11-20 00:29:55","30869680113","NEARUSDT","STOP_MARKET","SELL","BOTH","0E-8",,"0E-8","0E-8","0E-8","2.51200000","EXPIRED","web_X5HlyvxjjdQpafZVvzKt","GTE_GTC","0E-8","0E-8","markPrice","true","2025-11-20 00:53:55"
"1157365933","2025-11-20 04:33:15","9006321677","DASHUSDT","MARKET","BUY","BOTH","0E-8","83.62597566","9.77800000","9.77800000","817.69479000","0E-8","FILLED","web_usdt_knj3c5qfzimz3jl3olyp2rp","GTC","0E-8","0E-8","Contract Price","false","2025-11-20 04:33:15"
"1157365933","2025-11-20 04:34:47","9006345100","DASHUSDT","STOP_MARKET","SELL","BOTH","0E-8",,"0E-8","0E-8","0E-8","87.62000000","EXPIRED","web_YHxYpC2F7y0taDwD5VJy","GTE_GTC","0E-8","0E-8","Contract Price","true","2025-11-20 05:32:55"
"1157365933","2025-11-20 04:57:35","9006618037","DASHUSDT","MARKET","SELL","BOTH","0E-8","81.68840867","9.77800000","9.77800000","798.74926000","81.70000000","FILLED","web_cogl4r1SU0vUktdt9BhO","GTE_GTC","0E-8","0E-8","Contract Price","true","2025-11-20 05:32:55"
"1157365933","2025-11-20 05:46:00","175489637655","SOLUSDT","MARKET","BUY","BOTH","0E-8","143.79000000","4.67000000","4.67000000","671.49930000","0E-8","FILLED","web_usdt_7jfyon3k71kq8zqktgygak4","GTC","0E-8","0E-8","Contract Price","false","2025-11-20 05:46:00"
"1157365933","2025-11-20 05:48:32","175490305635","SOLUSDT","MARKET","SELL","BOTH","0E-8","142.26000000","4.67000000","4.67000000","664.35420000","142.26000000","FILLED","web_Aqa1G01CjwAC4R6NSZzc","GTE_GTC","0E-8","0E-8","Contract Price","true","2025-11-20 06:51:55"
"1157365933","2025-11-20 05:48:53","175490384752","SOLUSDT","STOP_MARKET","SELL","BOTH","0E-8",,"0E-8","0E-8","0E-8","151.05000000","EXPIRED","web_VXyq9LUC1oJxjCihyt91","GTE_GTC","0E-8","0E-8","Contract Price","true","2025-11-20 06:51:55"
"1157365933","2025-11-20 06:57:43","2798849694","PUMPUSDT","MARKET","BUY","BOTH","0E-8","0.00328400","184311.00000000","184311.00000000","605.27732400","0E-8","FILLED","web_usdt_hf3dbsvoptomg0qevdigvj7","GTC","0E-8","0E-8","Contract Price","false","2025-11-20 06:57:43"
"1157365933","2025-11-20 06:58:47","2798862656","PUMPUSDT","MARKET","SELL","BOTH","0E-8","0.00324800","184311.00000000","184311.00000000","598.64212800","0.00324800","FILLED","web_ACzIzRzScRdpqxtJoEud","GTE_GTC","0E-8","0E-8","Contract Price","true","2025-11-20 07:17:21"
"1157365933","2025-11-20 06:59:13","2798867697","PUMPUSDT","STOP_MARKET","SELL","BOTH","0E-8",,"0E-8","0E-8","0E-8","0.00346200","EXPIRED","web_xb9jJOb6ceAQmVXLpUbf","GTE_GTC","0E-8","0E-8","Contract Price","true","2025-11-20 07:17:21"
"1157365933","2025-11-20 07:59:27","793995162382","ZECUSDT","MARKET","BUY","BOTH","0E-8","672.04000000","0.85500000","0.85500000","574.59420000","0E-8","FILLED","web_usdt_ypcwgpqucihjfh345bstskm","GTC","0E-8","0E-8","Contract Price","false","2025-11-20 07:59:27"
"1157365933","2025-11-20 09:58:03","793999213282","ZECUSDT","STOP_MARKET","SELL","BOTH","0E-8",,"0E-8","0E-8","0E-8","664.35000000","EXPIRED","web_cYc3tAv7qiQi13H9QW1d","GTE_GTC","0E-8","0E-8","markPrice","true","2025-11-20 13:12:39"
"1157365933","2025-11-20 09:58:03","793999213281","ZECUSDT","MARKET","SELL","BOTH","0E-8","698.26000000","0.85500000","0.85500000","597.01230000","697.97000000","FILLED","web_E2hplEeNN0PVYM50tLwP","GTE_GTC","0E-8","0E-8","markPrice","true","2025-11-20 13:12:39"
"1157365933","2025-11-21 01:13:31","16905113654","TRXUSDT","MARKET","BUY","BOTH","0E-8","0.28090000","7437.00000000","7437.00000000","2089.05330000","0E-8","FILLED","web_usdt_wir584lszmd95s6g8kl9jkw","GTC","0E-8","0E-8","Contract Price","false","2025-11-21 01:13:31"
"1157365933","2025-11-21 01:14:02","16905115993","TRXUSDT","STOP_MARKET","SELL","BOTH","0E-8",,"0E-8","0E-8","0E-8","0.28418000","CANCELED","web_9pIrmWcUnbHbmUld6b5d","GTE_GTC","0E-8","0E-8","Contract Price","true","2025-11-21 01:23:39"
"1157365933","2025-11-21 01:14:02","16905115994","TRXUSDT","MARKET","SELL","BOTH","0E-8","0.27953000","7437.00000000","7437.00000000","2078.86461000","0.27954000","FILLED","web_V7UmwLtU1HkcUuRSYrmb","GTE_GTC","0E-8","0E-8","Contract Price","true","2025-11-21 02:56:31"
"1157365933","2025-11-21 01:23:39","16905184561","TRXUSDT","STOP_MARKET","SELL","BOTH","0E-8",,"0E-8","0E-8","0E-8","0.28300000","EXPIRED","web_AHK6pmaMhmZF3e84lQaS","GTE_GTC","0E-8","0E-8","Contract Price","true","2025-11-21 02:56:31"
"1157365933","2025-12-24 03:00:02","795873414090","ZECUSDT","MARKET","SELL","BOTH","0E-8","409.17000000","0.73200000","0.73200000","299.51244000","0E-8","FILLED","web_usdt_vcwmyhjdzg7ip8o7h5jdxw6","GTC","0E-8","0E-8","Contract Price","false","2025-12-24 03:00:02"
"1157365933","2025-12-24 03:00:41","795873429326","ZECUSDT","STOP_MARKET","BUY","BOTH","0E-8",,"0E-8","0E-8","0E-8","420.54000000","CANCELED","web_ii4vv5yH0QCS7D11DiU7","GTE_GTC","0E-8","0E-8","Contract Price","true","2025-12-24 07:13:15"
"1157365933","2025-12-24 03:01:15","795873440620","ZECUSDT","STOP_MARKET","BUY","BOTH","0E-8",,"0E-8","0E-8","0E-8","372.75000000","CANCELED","web_WnQrLflHPSTITv6iXMjP","GTE_GTC","0E-8","0E-8","Contract Price","true","2025-12-24 05:33:30"
"1157365933","2025-12-24 03:15:39","795873735419","ZECUSDT","MARKET","SELL","BOTH","0E-8","407.19589315","2.45200000","2.45200000","998.44433000","0E-8","FILLED","web_usdt_dcafqud2xrd9n35h9i8lnhh","GTC","0E-8","0E-8","Contract Price","false","2025-12-24 03:15:39"
"1157365933","2025-12-24 03:21:46","795873924995","ZECUSDT","MARKET","SELL","BOTH","0E-8","408.45000000","1.22200000","1.22200000","499.12590000","0E-8","FILLED","web_usdt_ms5elhtsub8wt2ag9442f5w","GTC","0E-8","0E-8","Contract Price","false","2025-12-24 03:21:46"
"1157365933","2025-12-24 05:33:30","795876196855","ZECUSDT","STOP_MARKET","BUY","BOTH","0E-8",,"0E-8","0E-8","0E-8","393.59000000","CANCELED","web_8QiLwbBUq3NwZZOl7IuJ","GTE_GTC","0E-8","0E-8","Contract Price","true","2025-12-24 05:34:16"
"1157365933","2025-12-24 05:34:16","795876235349","ZECUSDT","STOP_MARKET","BUY","BOTH","0E-8",,"0E-8","0E-8","0E-8","396.00000000","CANCELED","web_JIwHXz3lz7JpOWAvEsAl","GTE_GTC","0E-8","0E-8","Contract Price","true","2025-12-24 08:18:24"
"1157365933","2025-12-24 06:12:16","29699537071","UNIUSDT","MARKET","SELL","BOTH","0E-8","5.64650218","229.00000000","229.00000000","1293.04900000","0E-8","FILLED","web_usdt_zkvt4i4qj3xpvrqxdwdj2ke","GTC","0E-8","0E-8","Contract Price","false","2025-12-24 06:12:16"
"1157365933","2025-12-24 06:12:44","29699540417","UNIUSDT","STOP_MARKET","BUY","BOTH","0E-8",,"0E-8","0E-8","0E-8","5.47700000","CANCELED","web_N7JZia4Cj9ZDSqXGXqgO","GTE_GTC","0E-8","0E-8","Contract Price","true","2025-12-24 08:17:21"
"1157365933","2025-12-24 06:12:44","29699540418","UNIUSDT","STOP_MARKET","BUY","BOTH","0E-8",,"0E-8","0E-8","0E-8","5.77600000","CANCELED","web_8kZ5z8GxBF4z9s2ZdpNa","GTE_GTC","0E-8","0E-8","Contract Price","true","2025-12-24 07:11:20"
"1157365933","2025-12-24 07:11:20","29699961711","UNIUSDT","STOP_MARKET","BUY","BOTH","0E-8",,"0E-8","0E-8","0E-8","5.69200000","CANCELED","web_Nm6b4d24yXF6XCOQ6IS2","GTE_GTC","0E-8","0E-8","Contract Price","true","2025-12-24 08:18:06"
"1157365933","2025-12-24 07:13:15","795877861075","ZECUSDT","STOP_MARKET","BUY","BOTH","0E-8",,"0E-8","0E-8","0E-8","412.66000000","CANCELED","web_amnHryLMm4Bc3CmpYzs3","GTE_GTC","0E-8","0E-8","Contract Price","true","2025-12-24 08:19:07"
"1157365933","2025-12-24 08:01:19","29700368024","UNIUSDT","MARKET","SELL","BOTH","0E-8","5.60600000","89.00000000","89.00000000","498.93400000","0E-8","FILLED","web_usdt_6wov0w6ls0nlsljcidlaeiw","GTC","0E-8","0E-8","Contract Price","false","2025-12-24 08:01:19"
"1157365933","2025-12-24 08:15:52","795878759589","ZECUSDT","LIMIT","BUY","BOTH","5.59000000",,"4.40600000","0E-8","0E-8","0E-8","EXPIRED","web_lSkPipPVfbVoych7jqMT","GTC","0E-8","0E-8","Contract Price","false","2025-12-24 08:16:58"
"1157365933","2025-12-24 08:16:58","795878780153","ZECUSDT","LIMIT","BUY","BOTH","405.72000000",,"4.40600000","0E-8","0E-8","0E-8","EXPIRED","web_qMXbEno5kHqfzIYRRrAP","GTC","0E-8","0E-8","Contract Price","false","2025-12-24 08:20:47"
"1157365933","2025-12-24 08:18:53","29700515687","UNIUSDT","LIMIT","BUY","BOTH","5.59400000","5.59400000","318.00000000","318.00000000","1778.89200000","0E-8","FILLED","web_WbvMOxYjvg3XS1pBPr1M","GTC","0E-8","0E-8","Contract Price","false","2025-12-24 08:34:11"
"1157365933","2025-12-24 08:20:04","29700525736","UNIUSDT","STOP_MARKET","BUY","BOTH","0E-8",,"0E-8","0E-8","0E-8","5.64600000","EXPIRED","web_7iwsFcf7iX6rWuOTzWGV","GTE_GTC","0E-8","0E-8","Contract Price","true","2025-12-24 08:34:11"
"1157365933","2025-12-24 08:20:38","795878813862","ZECUSDT","STOP_MARKET","BUY","BOTH","0E-8",,"0E-8","0E-8","0E-8","409.51000000","EXPIRED","web_FhIGWpkKtZGqTnPMC3Mh","GTE_GTC","0E-8","0E-8","Contract Price","true","2025-12-24 08:20:47"
"1157365933","2025-12-24 08:20:47","795878816121","ZECUSDT","LIMIT","BUY","BOTH","407.03000000","406.44271902","4.40600000","4.40600000","1790.78662000","0E-8","FILLED","web_ZSqi8PSSsBQj4AoCQERk","GTC","0E-8","0E-8","Contract Price","false","2025-12-24 08:20:47"
"1157365933","2025-12-24 08:24:40","1739057039","BEATUSDT","MARKET","BUY","BOTH","0E-8","2.72508094","997.00000000","997.00000000","2716.90570000","0E-8","FILLED","web_usdt_gx60ry7ffdr0u7an71766r2","GTC","0E-8","0E-8","Contract Price","false","2025-12-24 08:24:40"
"1157365933","2025-12-24 08:25:31","1739165862","BEATUSDT","STOP_MARKET","SELL","BOTH","0E-8",,"0E-8","0E-8","0E-8","2.93240000","CANCELED","web_N46pUe1B8UB7nk3dHXy0","GTE_GTC","0E-8","0E-8","Contract Price","true","2025-12-24 08:26:38"
"1157365933","2025-12-24 08:25:31","1739165861","BEATUSDT","STOP_MARKET","SELL","BOTH","0E-8",,"0E-8","0E-8","0E-8","2.67050000","CANCELED","web_mPrvJwInI3KcjS4QImXd","GTE_GTC","0E-8","0E-8","Contract Price","true","2025-12-24 08:32:04"
"1157365933","2025-12-24 08:26:38","1739293961","BEATUSDT","STOP_MARKET","SELL","BOTH","0E-8",,"0E-8","0E-8","0E-8","2.82860000","CANCELED","web_6jBsojt13wdk0VGFBEhy","GTE_GTC","0E-8","0E-8","Contract Price","true","2025-12-24 08:32:32"
"1157365933","2025-12-24 08:32:04","1740012058","BEATUSDT","STOP_MARKET","SELL","BOTH","0E-8",,"0E-8","0E-8","0E-8","2.62380000","CANCELED","web_2cEjHU5xuiolb9Ch6XD9","GTE_GTC","0E-8","0E-8","Contract Price","true","2025-12-24 08:32:23"
"1157365933","2025-12-24 08:32:23","1740053400","BEATUSDT","STOP_MARKET","SELL","BOTH","0E-8",,"0E-8","0E-8","0E-8","2.61060000","CANCELED","web_IObqqELxbNCBPMoUMelE","GTE_GTC","0E-8","0E-8","Contract Price","true","2025-12-24 08:33:41"
"1157365933","2025-12-24 08:32:32","1740074219","BEATUSDT","STOP_MARKET","SELL","BOTH","0E-8",,"0E-8","0E-8","0E-8","2.86130000","CANCELED","web_qF4Jb9cK23hj0j0DNNNs","GTE_GTC","0E-8","0E-8","Contract Price","true","2025-12-24 08:42:00"
"1157365933","2025-12-24 08:33:41","1740200053","BEATUSDT","STOP_MARKET","SELL","BOTH","0E-8",,"0E-8","0E-8","0E-8","2.54700000","CANCELED","web_SOrFRImzwOhAP9oP9A76","GTE_GTC","0E-8","0E-8","Contract Price","true","2025-12-24 08:35:02"
"1157365933","2025-12-24 08:35:03","1740348941","BEATUSDT","STOP_MARKET","SELL","BOTH","0E-8",,"0E-8","0E-8","0E-8","2.56900000","CANCELED","web_piXCR5rHPZolpFlGe1VP","GTE_GTC","0E-8","0E-8","Contract Price","true","2025-12-24 08:38:26"
"1157365933","2025-12-24 08:38:26","1740708217","BEATUSDT","STOP_MARKET","SELL","BOTH","0E-8",,"0E-8","0E-8","0E-8","2.43160000","EXPIRED","web_RCt2HajKnaWsGh4jlPwD","GTE_GTC","0E-8","0E-8","Contract Price","true","2025-12-24 09:20:28"
"1157365933","2025-12-24 08:42:00","1741014517","BEATUSDT","STOP_MARKET","SELL","BOTH","0E-8",,"0E-8","0E-8","0E-8","2.99750000","EXPIRED","web_oFDsQoLjKGb8OCfFEkBz","GTE_GTC","0E-8","0E-8","Contract Price","true","2025-12-24 09:20:28"
"1157365933","2025-12-24 09:20:28","1744544797","BEATUSDT","MARKET","SELL","BOTH","0E-8","2.84024975","997.00000000","997.00000000","2831.72900000","0E-8","FILLED","ios_FVljS7Nm7t29GUtoCwIv","GTC","0E-8","0E-8","Contract Price","false","2025-12-24 09:20:28"
"1157365933","2025-12-25 01:19:22","795903657699","ZECUSDT","LIMIT","SELL","BOTH","444.66000000",,"5.06000000","0E-8","0E-8","0E-8","CANCELED","web_im_uxcrjiy9i7w3pqof5b0gei95t","GTC","0E-8","0E-8","Contract Price","false","2025-12-25 01:20:47"
"1157365933","2025-12-25 01:20:29","795903710638","ZECUSDT","LIMIT","SELL","BOTH","444.66000000",,"5.06000000","0E-8","0E-8","0E-8","CANCELED","web_im_fzvhk52w15dww54fe063nh4nl","GTC","0E-8","0E-8","Contract Price","false","2025-12-25 01:20:45"
"1157365933","2025-12-25 01:21:47","795903753601","ZECUSDT","MARKET","SELL","BOTH","0E-8","443.54950661","5.06700000","5.06700000","2247.46535000","0E-8","FILLED","web_im_d45prq6oesrtiyk9iovxj9k9t","GTC","0E-8","0E-8","Contract Price","false","2025-12-25 01:21:47"
"1157365933","2025-12-25 01:22:39","795903772007","ZECUSDT","STOP_MARKET","BUY","BOTH","0E-8",,"0E-8","0E-8","0E-8","451.37000000","CANCELED","electron_MZ3EdnAifNqfLUbNgeA8","GTE_GTC","0E-8","0E-8","markPrice","true","2025-12-25 01:34:05"
"1157365933","2025-12-25 01:23:53","795903795002","ZECUSDT","STOP_MARKET","BUY","BOTH","0E-8",,"0E-8","0E-8","0E-8","434.82000000","EXPIRED","electron_bgpgPii2xjsRHSDz7GcE","GTE_GTC","0E-8","0E-8","markPrice","true","2025-12-25 02:45:04"
"1157365933","2025-12-25 01:33:03","795904009455","ZECUSDT","MARKET","SELL","BOTH","0E-8","440.32000000","1.13400000","1.13400000","499.32288000","0E-8","FILLED","web_im_s76stx3o1bp00escnffrrf5fr","GTC","0E-8","0E-8","Contract Price","false","2025-12-25 01:33:03"
"1157365933","2025-12-25 01:33:39","795904036713","ZECUSDT","MARKET","SELL","BOTH","0E-8","440.91000000","1.13300000","1.13300000","499.55103000","0E-8","FILLED","web_im_9c6swbpqun3hwpqqnhu1s4ka3","GTC","0E-8","0E-8","Contract Price","false","2025-12-25 01:33:39"
"1157365933","2025-12-25 01:34:05","795904048119","ZECUSDT","STOP_MARKET","BUY","BOTH","0E-8",,"0E-8","0E-8","0E-8","444.75000000","CANCELED","electron_KdEtOSz9fKUCdMVb17VR","GTE_GTC","0E-8","0E-8","markPrice","true","2025-12-25 02:27:01"
"1157365933","2025-12-25 01:38:32","795904184756","ZECUSDT","MARKET","SELL","BOTH","0E-8","441.23000000","1.13100000","1.13100000","499.03113000","0E-8","FILLED","web_im_ibder4fork4ovck93cxohaixh","GTC","0E-8","0E-8","Contract Price","false","2025-12-25 01:38:32"
"1157365933","2025-12-25 02:27:01","795904997737","ZECUSDT","STOP_MARKET","BUY","BOTH","0E-8",,"0E-8","0E-8","0E-8","446.40000000","CANCELED","electron_ORZOThNu6SmjF7K5By5M","GTE_GTC","0E-8","0E-8","markPrice","true","2025-12-25 02:39:33"
"1157365933","2025-12-25 02:39:33","795905241394","ZECUSDT","STOP_MARKET","BUY","BOTH","0E-8",,"0E-8","0E-8","0E-8","447.17000000","CANCELED","electron_PUL2zQtxwRnezniFss7w","GTE_GTC","0E-8","0E-8","markPrice","true","2025-12-25 02:44:39"
"1157365933","2025-12-25 02:44:39","795905407665","ZECUSDT","MARKET","BUY","BOTH","0E-8","448.13723568","8.46500000","8.46500000","3793.48170000","447.76000000","FILLED","electron_X4aO1Q5sfESpx7J08NZf","GTE_GTC","0E-8","0E-8","markPrice","true","2025-12-25 02:45:04"
"1157365933","2025-12-25 04:00:24","795907757662","ZECUSDT","MARKET","BUY","BOTH","0E-8","446.51000000","5.59900000","5.59900000","2500.00949000","0E-8","FILLED","ios_im_so1oxHg0CaOcSyEDmhC1","GTC","0E-8","0E-8","Contract Price","false","2025-12-25 04:00:24"
"1157365933","2025-12-25 04:01:11","795907772012","ZECUSDT","STOP_MARKET","SELL","BOTH","0E-8",,"0E-8","0E-8","0E-8","459.90000000","CANCELED","ios_a7sXabJc6TLN0dlgUG4A","GTE_GTC","0E-8","0E-8","markPrice","true","2025-12-25 04:07:07"
"1157365933","2025-12-25 04:01:11","795907772013","ZECUSDT","STOP_MARKET","SELL","BOTH","0E-8",,"0E-8","0E-8","0E-8","443.38000000","CANCELED","ios_uBvi9cBXQVu2OiIMS28h","GTE_GTC","0E-8","0E-8","markPrice","true","2025-12-25 04:17:50"
"1157365933","2025-12-25 04:07:07","795907957980","ZECUSDT","STOP_MARKET","SELL","BOTH","0E-8",,"0E-8","0E-8","0E-8","463.47000000","EXPIRED","ios_JyzPvtQVmASb52cixsDR","GTE_GTC","0E-8","0E-8","markPrice","true","2025-12-25 10:35:33"
"1157365933","2025-12-25 04:17:51","795908166147","ZECUSDT","STOP_MARKET","SELL","BOTH","0E-8",,"0E-8","0E-8","0E-8","442.04000000","CANCELED","ios_op8h71inbuBqj2Z1VWuU","GTE_GTC","0E-8","0E-8","markPrice","true","2025-12-25 08:20:26"
"1157365933","2025-12-25 08:20:26","795911895402","ZECUSDT","MARKET","SELL","BOTH","0E-8","441.38000000","5.59900000","5.59900000","2471.28662000","441.99000000","FILLED","electron_J7EqIjFTHXahC3eOATi6","GTE_GTC","0E-8","0E-8","markPrice","true","2025-12-25 10:35:33"
"1157365933","2025-12-26 00:52:35","795930244718","ZECUSDT","LIMIT","SELL","BOTH","438.18000000","438.60967968","22.82100000","22.82100000","10009.51150000","0E-8","FILLED","web_im_hj2j4clz74y5y8f31x8rw7s3e","GTC","0E-8","0E-8","Contract Price","false","2025-12-26 00:52:35"
"1157365933","2025-12-26 00:53:06","795930250812","ZECUSDT","STOP_MARKET","BUY","BOTH","0E-8",,"0E-8","0E-8","0E-8","440.26000000","CANCELED","electron_IW4erVmL9DqJk1YBGXvL","GTE_GTC","0E-8","0E-8","markPrice","true","2025-12-26 00:57:09"
"1157365933","2025-12-26 00:53:06","795930250811","ZECUSDT","STOP_MARKET","BUY","BOTH","0E-8",,"0E-8","0E-8","0E-8","435.98000000","EXPIRED","electron_pzYMt1eET9K4k5fkB0Nw","GTE_GTC","0E-8","0E-8","markPrice","true","2025-12-26 01:01:10"
"1157365933","2025-12-26 00:57:56","795930338706","ZECUSDT","MARKET","BUY","BOTH","0E-8","441.55805793","22.82100000","22.82100000","10076.79644000","441.31000000","FILLED","electron_DB6bQaeW2CuVMo5nKlkr","GTE_GTC","0E-8","0E-8","markPrice","true","2025-12-26 01:01:10"
"1157365933","2025-12-26 01:39:12","2807103304","PIPPINUSDT","LIMIT","BUY","BOTH","0.51712000","0.51622337","1547.00000000","1547.00000000","798.59756000","0E-8","FILLED","web_im_mwa6sz9s7nui6faowqq5xryz5","GTC","0E-8","0E-8","Contract Price","false","2025-12-26 01:39:12"
"1157365933","2025-12-26 01:40:11","2807125368","PIPPINUSDT","MARKET","SELL","BOTH","0E-8","0.48035534","1547.00000000","1547.00000000","743.10971000","0.48551000","FILLED","electron_l1gSFDy9kelMobyITcfT","GTE_GTC","0E-8","0E-8","markPrice","true","2025-12-26 04:16:47"
"1157365933","2025-12-26 01:46:42","2807297699","PIPPINUSDT","STOP_MARKET","SELL","BOTH","0E-8",,"1176.00000000","0E-8","0E-8","0.55078000","EXPIRED","electron_T1kks8Nl5V3ZkrXwbSjs","GTE_GTC","0E-8","0E-8","markPrice","true","2025-12-26 04:16:47"
"1157365933","2025-12-26 04:44:13","8389766061153713913","ETHUSDT","LIMIT","BUY","BOTH","2968.54000000","2968.51000000","0.67400000","0.67400000","2000.77574000","0E-8","FILLED","web_im_ixokq9m1ga9oeoix0h04dmco2","GTC","0E-8","0E-8","Contract Price","false","2025-12-26 04:45:23"
"1157365933","2025-12-26 04:45:54","8389766061154884149","ETHUSDT","STOP_MARKET","SELL","BOTH","0E-8",,"0E-8","0E-8","0E-8","2889.01000000","CANCELED","electron_liafL58h79muWcVp3Jtf","GTE_GTC","0E-8","0E-8","markPrice","true","2025-12-26 07:06:35"
"1157365933","2025-12-26 04:47:27","8389766061156102034","ETHUSDT","STOP","SELL","BOTH","3024.18000000",,"0.33700000","0E-8","0E-8","3024.18000000","EXPIRED","electron_09fkwimSgujBuNhBa6OM","GTE_GTC","0E-8","0E-8","markPrice","true","2025-12-26 07:36:52"
"1157365933","2025-12-26 04:47:27","8389766061156102098","ETHUSDT","STOP_MARKET","SELL","BOTH","0E-8",,"0.33700000","0E-8","0E-8","3064.85000000","EXPIRED","electron_6qPVQNOSric6lClPgl9v","GTE_GTC","0E-8","0E-8","markPrice","true","2025-12-26 07:36:52"
"1157365933","2025-12-26 05:25:14","1897109839","BEATUSDT","LIMIT","BUY","BOTH","1.92010000","1.90538462","52.00000000","52.00000000","99.08000000","0E-8","FILLED","web_im_ei6gxdkmeuu9mywonjpuce2n0","GTC","0E-8","0E-8","Contract Price","false","2025-12-26 05:25:14"
"1157365933","2025-12-26 05:26:34","1897363766","BEATUSDT","STOP_MARKET","SELL","BOTH","0E-8",,"52.00000000","0E-8","0E-8","1.52070000","CANCELED","electron_ZnI64CSQ3WOHKQ1uEU18","GTE_GTC","0E-8","0E-8","markPrice","true","2025-12-26 07:30:43"
"1157365933","2025-12-26 05:35:08","1898470829","BEATUSDT","STOP_MARKET","SELL","BOTH","0E-8",,"39.00000000","0E-8","0E-8","2.84080000","EXPIRED","electron_aOBegzmjqusyIuatbScA","GTE_GTC","0E-8","0E-8","markPrice","true","2025-12-26 11:32:41"
"1157365933","2025-12-26 05:35:31","1898504139","BEATUSDT","STOP_MARKET","SELL","BOTH","0E-8",,"13.00000000","0E-8","0E-8","2.84900000","CANCELED","electron_w24TLe1Vg1P5j2ThrSGg","GTE_GTC","0E-8","0E-8","markPrice","true","2025-12-26 07:32:18"
"1157365933","2025-12-26 07:06:07","1905097707","BEATUSDT","STOP_MARKET","SELL","BOTH","0E-8",,"0E-8","0E-8","0E-8","1.69380000","CANCELED","electron_ryiMiyHmw37pzOXceJhg","GTE_GTC","0E-8","0E-8","markPrice","true","2025-12-26 07:29:22"
"1157365933","2025-12-26 07:06:35","8389766061229295500","ETHUSDT","STOP_MARKET","SELL","BOTH","0E-8",,"0E-8","0E-8","0E-8","2948.78000000","CANCELED","electron_15yQny0sYzrS7nlBGNy0","GTE_GTC","0E-8","0E-8","markPrice","true","2025-12-26 07:30:09"
"1157365933","2025-12-26 07:29:22","1906894537","BEATUSDT","STOP_MARKET","SELL","BOTH","0E-8",,"0E-8","0E-8","0E-8","1.95000000","CANCELED","electron_No1RcWUeUWlA0qjj7Ltn","GTE_GTC","0E-8","0E-8","markPrice","true","2025-12-26 11:14:40"
"1157365933","2025-12-26 07:30:10","8389766061242467922","ETHUSDT","MARKET","SELL","BOTH","0E-8","2973.44000000","0.67400000","0.67400000","2004.09856000","2974.00000000","FILLED","electron_6Ac2dMtyAn4HQCcc0bSJ","GTE_GTC","0E-8","0E-8","markPrice","true","2025-12-26 07:36:52"
"1157365933","2025-12-26 07:32:37","1907139886","BEATUSDT","STOP_MARKET","SELL","BOTH","0E-8",,"13.00000000","0E-8","0E-8","3.33550000","EXPIRED","electron_tB1B3vbR5JUGGFAsKRm6","GTE_GTC","0E-8","0E-8","markPrice","true","2025-12-26 11:32:41"
"1157365933","2025-12-26 11:14:40","1920090405","BEATUSDT","MARKET","SELL","BOTH","0E-8","2.05300000","74.00000000","74.00000000","151.92200000","2.06400000","FILLED","electron_hkwwTBdeUxAmhkcy3z83","GTE_GTC","0E-8","0E-8","markPrice","true","2025-12-26 11:32:41"
"1157365933","2025-12-26 11:15:18","1920136021","BEATUSDT","MARKET","BUY","BOTH","0E-8","2.19160000","22.00000000","22.00000000","48.21520000","0E-8","FILLED","web_im_6dh2xpn8qznw3is6pwbnn44rl","GTC","0E-8","0E-8","Contract Price","false","2025-12-26 11:15:18"
"1157365933","2025-12-26 11:48:41","222596839","ZBTUSDT","MARKET","BUY","BOTH","0E-8","0.12960000","7245.00000000","7245.00000000","938.95200000","0E-8","FILLED","web_im_npv7ksvtxtqqilrxj08smy4mh","GTC","0E-8","0E-8","Contract Price","false","2025-12-26 11:48:41"
"1157365933","2025-12-26 11:49:15","222600350","ZBTUSDT","MARKET","SELL","BOTH","0E-8","0.12490000","7245.00000000","7245.00000000","904.90050000","0.12480000","FILLED","electron_MqkZltC202QiCQ56n2xC","GTE_GTC","0E-8","0E-8","markPrice","true","2025-12-26 12:03:18"
"1157365933","2025-12-26 11:51:19","222615540","ZBTUSDT","STOP_MARKET","SELL","BOTH","0E-8",,"5434.00000000","0E-8","0E-8","0.13440000","EXPIRED","electron_mvnrDfEfQphmNIBeRIPG","GTE_GTC","0E-8","0E-8","markPrice","true","2025-12-26 12:03:18"
"1157365933","2025-12-26 11:51:19","222615541","ZBTUSDT","STOP_MARKET","SELL","BOTH","0E-8",,"1811.00000000","0E-8","0E-8","0.13440000","EXPIRED","electron_wJ1eqNmvyQKeZjVAgDzK","GTE_GTC","0E-8","0E-8","markPrice","true","2025-12-26 12:03:18"
"1157365933","2025-12-26 13:13:13","1827803453","AVNTUSDT","MARKET","BUY","BOTH","0E-8","0.34176348","5350.00000000","5350.00000000","1828.43460000","0E-8","FILLED","web_im_qqec6a24vkbhql7xqvqsdpjrt","GTC","0E-8","0E-8","Contract Price","false","2025-12-26 13:13:13"
"1157365933","2025-12-26 13:14:34","1827809858","AVNTUSDT","STOP_MARKET","SELL","BOTH","0E-8",,"0E-8","0E-8","0E-8","0.33310000","CANCELED","electron_fsOCgTdnH3L0fa7MdZTi","GTE_GTC","0E-8","0E-8","markPrice","true","2025-12-26 13:19:26"
"1157365933","2025-12-26 13:15:40","1827816446","AVNTUSDT","STOP_MARKET","SELL","BOTH","0E-8",,"4013.00000000","0E-8","0E-8","0.35200000","CANCELED","electron_ZesJK5WQGHTKUvYWRc3E","GTE_GTC","0E-8","0E-8","markPrice","true","2025-12-26 13:18:29"
"1157365933","2025-12-26 13:15:40","1827816445","AVNTUSDT","STOP_MARKET","SELL","BOTH","0E-8",,"1337.00000000","0E-8","0E-8","0.37780000","CANCELED","electron_V8l0WYlWCpbLYTDJiFoD","GTE_GTC","0E-8","0E-8","markPrice","true","2025-12-26 13:18:29"
"1157365933","2025-12-26 13:19:00","1827850618","AVNTUSDT","STOP_MARKET","SELL","BOTH","0E-8",,"2675.00000000","0E-8","0E-8","0.35160000","CANCELED","electron_4y9X1mqPGdXqS60Xl1nm","GTE_GTC","0E-8","0E-8","markPrice","true","2025-12-26 13:19:43"
"1157365933","2025-12-26 13:19:00","1827850617","AVNTUSDT","STOP_MARKET","SELL","BOTH","0E-8",,"2675.00000000","0E-8","0E-8","0.36300000","CANCELED","electron_VgO41aQq3YSfaJXeF8oH","GTE_GTC","0E-8","0E-8","markPrice","true","2025-12-26 13:19:44"
"1157365933","2025-12-26 13:19:26","1827855226","AVNTUSDT","STOP_MARKET","SELL","BOTH","0E-8",,"0E-8","0E-8","0E-8","0.33780000","EXPIRED","electron_33uHb8RP2ZPCJacsh3QU","GTE_GTC","0E-8","0E-8","markPrice","true","2025-12-26 14:20:06"
"1157365933","2025-12-26 14:20:06","1828416229","AVNTUSDT","MARKET","SELL","BOTH","0E-8","0.36240000","5350.00000000","5350.00000000","1938.84000000","0E-8","FILLED","electron_FuEtYfr2ZSH6ypf6glJw","GTC","0E-8","0E-8","Contract Price","false","2025-12-26 14:20:06"
"1157365933","2025-12-26 23:35:15","4698735171","HYPEUSDT","MARKET","SELL","BOTH","0E-8","25.66602705","228.82000000","228.82000000","5872.90031000","0E-8","FILLED","web_im_grmw1z41a43xlplkkl88vv0sh","GTC","0E-8","0E-8","Contract Price","false","2025-12-26 23:35:15"
"1157365933","2025-12-26 23:36:23","4698750010","HYPEUSDT","STOP_MARKET","BUY","BOTH","0E-8",,"0E-8","0E-8","0E-8","25.87500000","CANCELED","electron_hlGQORDFZM2OuUV2DW5a","GTE_GTC","0E-8","0E-8","markPrice","true","2025-12-26 23:39:53"
"1157365933","2025-12-26 23:39:53","4698819594","HYPEUSDT","STOP_MARKET","BUY","BOTH","0E-8",,"0E-8","0E-8","0E-8","26.10300000","CANCELED","electron_FGOWqsXZmPux6noazdWy","GTE_GTC","0E-8","0E-8","markPrice","true","2025-12-27 00:59:26"
"1157365933","2025-12-26 23:43:01","4698868239","HYPEUSDT","STOP_MARKET","BUY","BOTH","0E-8",,"169.33000000","0E-8","0E-8","25.32800000","EXPIRED","electron_uCk9rkVHQQ3SawkGMQV4","GTE_GTC","0E-8","0E-8","markPrice","true","2025-12-27 01:52:56"
"1157365933","2025-12-26 23:43:44","4698873538","HYPEUSDT","STOP_MARKET","BUY","BOTH","0E-8",,"59.49000000","0E-8","0E-8","22.49600000","EXPIRED","electron_lH6ZYZflGXF5Ct0DXLXO","GTE_GTC","0E-8","0E-8","markPrice","true","2025-12-27 01:52:56"
"1157365933","2025-12-27 00:59:26","4699560558","HYPEUSDT","MARKET","BUY","BOTH","0E-8","25.90387873","228.82000000","228.82000000","5927.32553000","25.88400000","FILLED","electron_l8lPIHq2MjCNgtMhFzsp","GTE_GTC","0E-8","0E-8","markPrice","true","2025-12-27 01:52:56"
"1157365933","2025-12-27 04:10:40","4701314492","HYPEUSDT","LIMIT","BUY","BOTH","25.80300000","25.80300000","58.13000000","58.13000000","1499.92839000","0E-8","FILLED","web_im_bskqt7k5eh727wzb6aswuo6q1","GTC","0E-8","0E-8","Contract Price","false","2025-12-27 04:12:03"
"1157365933","2025-12-27 04:12:26","4701324615","HYPEUSDT","STOP_MARKET","SELL","BOTH","0E-8",,"0E-8","0E-8","0E-8","25.52000000","CANCELED","electron_AMantpnUscqNfM2cwM4s","GTE_GTC","0E-8","0E-8","markPrice","true","2025-12-27 04:55:01"
"1157365933","2025-12-27 04:13:14","4701327431","HYPEUSDT","STOP_MARKET","SELL","BOTH","0E-8",,"43.60000000","0E-8","0E-8","27.45100000","EXPIRED","electron_3yaSkVUuIW7CQk5TpwMf","GTE_GTC","0E-8","0E-8","markPrice","true","2025-12-27 13:21:20"
"1157365933","2025-12-27 04:13:31","4701328776","HYPEUSDT","STOP_MARKET","SELL","BOTH","0E-8",,"14.53000000","0E-8","0E-8","29.01700000","EXPIRED","electron_wMdGbI8bh5U5yCj7gs2k","GTE_GTC","0E-8","0E-8","markPrice","true","2025-12-27 13:21:20"
"1157365933","2025-12-27 04:55:01","4701556460","HYPEUSDT","MARKET","SELL","BOTH","0E-8","25.77200000","58.13000000","58.13000000","1498.12636000","25.80300000","FILLED","ios_vhAy58g1CS5nariai2VZ","GTE_GTC","0E-8","0E-8","markPrice","true","2025-12-27 13:21:20"
"1157365933","2025-12-28 01:29:54","185915736938","SOLUSDT","MARKET","SELL","BOTH","0E-8","124.09000000","48.30000000","48.30000000","5993.54700000","0E-8","FILLED","web_im_9f1mrwha3jqz741eduykkw4em","GTC","0E-8","0E-8","Contract Price","false","2025-12-28 01:29:54"
"1157365933","2025-12-28 01:30:26","185915789486","SOLUSDT","STOP_MARKET","BUY","BOTH","0E-8",,"0E-8","0E-8","0E-8","125.02000000","CANCELED","electron_7J8ulRAnD8PYLsGdj5Bn","GTE_GTC","0E-8","0E-8","markPrice","true","2025-12-28 05:27:29"
"1157365933","2025-12-28 05:27:29","185938028776","SOLUSDT","STOP_MARKET","BUY","BOTH","0E-8",,"0E-8","0E-8","0E-8","124.40000000","CANCELED","electron_hra4y2VMNriWxgSrv7rL","GTE_GTC","0E-8","0E-8","markPrice","true","2025-12-28 05:28:23"
"1157365933","2025-12-28 05:28:23","185938079637","SOLUSDT","MARKET","BUY","BOTH","0E-8","124.06000000","48.30000000","48.30000000","5992.09800000","124.06000000","FILLED","electron_DTZdQZMKib9NIx4uEEBz","GTE_GTC","0E-8","0E-8","markPrice","true","2025-12-28 06:35:07"
"1157365933","2025-12-28 10:19:43","83402834235","BNBUSDT","LIMIT","BUY","BOTH","848.74000000","848.74000000","4.71000000","4.71000000","3997.56540000","0E-8","FILLED","ios_im_26qfzEJMbJQvaHyaye5H","GTC","0E-8","0E-8","Contract Price","false","2025-12-28 10:20:45"
"1157365933","2025-12-28 10:33:14","83403274411","BNBUSDT","STOP_MARKET","SELL","BOTH","0E-8",,"0E-8","0E-8","0E-8","839.18000000","CANCELED","ios_JgJnmnoArXreWh5ZGhky","GTE_GTC","0E-8","0E-8","markPrice","true","2025-12-28 11:30:13"
"1157365933","2025-12-28 10:34:05","83403299938","BNBUSDT","STOP_MARKET","SELL","BOTH","0E-8",,"0E-8","0E-8","0E-8","871.03000000","CANCELED","ios_E35ebDm05v0qMlmiKaaZ","GTE_GTC","0E-8","0E-8","markPrice","true","2025-12-28 11:36:35"
"1157365933","2025-12-28 11:30:13","83405569087","BNBUSDT","STOP_MARKET","SELL","BOTH","0E-8",,"0E-8","0E-8","0E-8","848.74000000","CANCELED","ios_wlY5mqnqLc4VOlpiaeZd","GTE_GTC","0E-8","0E-8","markPrice","true","2025-12-28 11:36:35"
"1157365933","2025-12-28 11:36:35","83405829133","BNBUSDT","STOP_MARKET","SELL","BOTH","0E-8",,"0E-8","0E-8","0E-8","848.74000000","EXPIRED","electron_8du5Wb1WgPb4X1OJW3JT","GTE_GTC","0E-8","0E-8","markPrice","true","2025-12-28 20:06:02"
"1157365933","2025-12-28 11:36:35","83405829161","BNBUSDT","STOP_MARKET","SELL","BOTH","0E-8",,"0E-8","0E-8","0E-8","868.38000000","EXPIRED","electron_JQmIdHfkbtCAfsFSMPTp","GTE_GTC","0E-8","0E-8","markPrice","true","2025-12-28 20:06:02"
"1157365933","2025-12-28 20:06:02","83420653703","BNBUSDT","MARKET","SELL","BOTH","0E-8","859.54000000","4.71000000","4.71000000","4048.43340000","0E-8","FILLED","ios_BXnzfZyzWLCyIhY802jl","GTC","0E-8","0E-8","Contract Price","false","2025-12-28 20:06:02"
"1157365933","2025-12-28 23:44:44","796035860607","ZECUSDT","LIMIT","BUY","BOTH","530.89000000","530.89000000","5.65000000","5.65000000","2999.52850000","0E-8","FILLED","ios_im_OxuXPDXb2MjcV6otEB9L","GTC","0E-8","0E-8","Contract Price","false","2025-12-28 23:45:32"
"1157365933","2025-12-28 23:46:28","796035893425","ZECUSDT","STOP_MARKET","SELL","BOTH","0E-8",,"0E-8","0E-8","0E-8","522.04000000","CANCELED","ios_XzepE0GISmhTbtxSqfXq","GTE_GTC","0E-8","0E-8","markPrice","true","2025-12-29 00:44:51"
"1157365933","2025-12-29 00:16:39","796036574369","ZECUSDT","STOP_MARKET","SELL","BOTH","0E-8",,"4.23800000","0E-8","0E-8","544.05000000","CANCELED","electron_Ep8j5PuHuB7w1tj5L1qy","GTE_GTC","0E-8","0E-8","markPrice","true","2025-12-29 00:39:43"
"1157365933","2025-12-29 00:38:03","796037230453","ZECUSDT","STOP_MARKET","SELL","BOTH","0E-8",,"1.41200000","0E-8","0E-8","586.84000000","CANCELED","electron_EM2SxBU9LNbz4qRB7Bbg","GTE_GTC","0E-8","0E-8","markPrice","true","2025-12-29 01:50:31"
"1157365933","2025-12-29 00:40:16","796037302810","ZECUSDT","STOP_MARKET","SELL","BOTH","0E-8",,"4.23800000","0E-8","0E-8","543.29000000","CANCELED","electron_8VHwHFRmlUSaUrHP49JE","GTE_GTC","0E-8","0E-8","markPrice","true","2025-12-29 01:50:30"
"1157365933","2025-12-29 00:44:51","796037403674","ZECUSDT","STOP_MARKET","SELL","BOTH","0E-8",,"0E-8","0E-8","0E-8","527.13000000","CANCELED","electron_jTLTXoadgjmowidSVbni","GTE_GTC","0E-8","0E-8","markPrice","true","2025-12-29 00:58:43"
"1157365933","2025-12-29 00:58:43","796037908630","ZECUSDT","STOP_MARKET","SELL","BOTH","0E-8",,"0E-8","0E-8","0E-8","531.06000000","CANCELED","electron_oodpD4iotZf0E1bVMIwI","GTE_GTC","0E-8","0E-8","markPrice","true","2025-12-29 01:06:32"
"1157365933","2025-12-29 01:06:44","796038145526","ZECUSDT","STOP_MARKET","SELL","BOTH","0E-8",,"0E-8","0E-8","0E-8","527.21000000","CANCELED","electron_vXo3pF93C8JlwMyfqtCy","GTE_GTC","0E-8","0E-8","markPrice","true","2025-12-29 01:50:08"
"1157365933","2025-12-29 01:07:40","89890784145","DOGEUSDT","LIMIT","BUY","BOTH","0.12473000","0.12471000","40086.00000000","40086.00000000","4999.12506000","0E-8","FILLED","web_im_w73koyeor53il4vu0r9iw1ypj","GTC","0E-8","0E-8","Contract Price","false","2025-12-29 01:07:40"
"1157365933","2025-12-29 01:08:00","89890794266","DOGEUSDT","STOP_MARKET","SELL","BOTH","0E-8",,"0E-8","0E-8","0E-8","0.12389000","CANCELED","electron_LH50OGP3wHuI9F4ostEk","GTE_GTC","0E-8","0E-8","markPrice","true","2025-12-29 01:41:46"
"1157365933","2025-12-29 01:40:21","89892031509","DOGEUSDT","STOP_MARKET","SELL","BOTH","0E-8",,"30065.00000000","0E-8","0E-8","0.12761000","CANCELED","electron_wz70Nw0qTWLCWfx0DiIX","GTE_GTC","0E-8","0E-8","markPrice","true","2025-12-29 01:50:54"
"1157365933","2025-12-29 01:41:46","89892183763","DOGEUSDT","STOP_MARKET","SELL","BOTH","0E-8",,"0E-8","0E-8","0E-8","0.12473000","CANCELED","electron_mxPFUXBRkpv51XuuCHma","GTE_GTC","0E-8","0E-8","markPrice","true","2025-12-29 01:42:55"
"1157365933","2025-12-29 01:42:55","89892266406","DOGEUSDT","STOP_MARKET","SELL","BOTH","0E-8",,"0E-8","0E-8","0E-8","0.12446000","CANCELED","electron_rvzlOJV30dlJzFouTP5T","GTE_GTC","0E-8","0E-8","markPrice","true","2025-12-29 02:04:06"
"1157365933","2025-12-29 01:49:48","89892668833","DOGEUSDT","MARKET","SELL","BOTH","0E-8","0.12593000","30064.00000000","30064.00000000","3785.95952000","0E-8","FILLED","electron_m8iJot0rLja7vWevsObN","GTC","0E-8","0E-8","Contract Price","false","2025-12-29 01:49:48"
"1157365933","2025-12-29 01:50:08","796039269630","ZECUSDT","STOP_MARKET","SELL","BOTH","0E-8",,"0E-8","0E-8","0E-8","531.06000000","EXPIRED","electron_bTVkEJlNhYbvEhFL4fQO","GTE_GTC","0E-8","0E-8","markPrice","true","2025-12-29 02:08:05"
"1157365933","2025-12-29 01:51:18","89892759810","DOGEUSDT","STOP_MARKET","SELL","BOTH","0E-8",,"10022.00000000","0E-8","0E-8","0.12740000","EXPIRED","electron_iGLieKC3j0NAoipdIlM3","GTE_GTC","0E-8","0E-8","markPrice","true","2025-12-29 03:22:03"
"1157365933","2025-12-29 02:01:46","796039610330","ZECUSDT","STOP_MARKET","SELL","BOTH","0E-8",,"5.65000000","0E-8","0E-8","543.41000000","EXPIRED","electron_XYbG0hwZxsUHDocXpBJS","GTE_GTC","0E-8","0E-8","markPrice","true","2025-12-29 02:08:05"
"1157365933","2025-12-29 02:03:38","89893459018","DOGEUSDT","LIMIT","BUY","BOTH","0.12473000",,"8017.00000000","0E-8","0E-8","0E-8","CANCELED","web_im_z91jz99es8mcmsv6b9h7xzse6","GTC","0E-8","0E-8","Contract Price","false","2025-12-29 03:22:03"
"1157365933","2025-12-29 02:04:06","89893496547","DOGEUSDT","STOP_MARKET","SELL","BOTH","0E-8",,"0E-8","0E-8","0E-8","0.12480000","CANCELED","electron_qGYWcCA1hqBmTkdBZ0W6","GTE_GTC","0E-8","0E-8","markPrice","true","2025-12-29 03:21:58"
"1157365933","2025-12-29 02:05:58","89893654375","DOGEUSDT","LIMIT","BUY","BOTH","0.12473000",,"8017.00000000","0E-8","0E-8","0E-8","CANCELED","web_im_8l8k0kwdjz6tu52tkn4i5qwly","GTC","0E-8","0E-8","Contract Price","false","2025-12-29 03:21:56"
"1157365933","2025-12-29 02:07:29","89893869478","DOGEUSDT","MARKET","SELL","BOTH","0E-8","0.12680000","10022.00000000","10022.00000000","1270.78960000","0E-8","FILLED","electron_WilqNNGibfdjLL6b7owE","GTC","0E-8","0E-8","Contract Price","false","2025-12-29 02:07:29"
"1157365933","2025-12-29 02:08:05","796039923238","ZECUSDT","MARKET","SELL","BOTH","0E-8","538.91000000","5.65000000","5.65000000","3044.84150000","0E-8","FILLED","electron_JS0RhqMO2Yfwzhdkob8Y","GTC","0E-8","0E-8","Contract Price","false","2025-12-29 02:08:05"
"1157365933","2025-12-29 02:12:44","135495809625","XRPUSDT","MARKET","BUY","BOTH","0E-8","1.89280000","1847.20000000","1847.20000000","3496.38016000","0E-8","FILLED","web_im_jgxj26b4wd5t8s6lf8eml9byj","GTC","0E-8","0E-8","Contract Price","false","2025-12-29 02:12:44"
"1157365933","2025-12-29 02:13:01","135495830723","XRPUSDT","STOP_MARKET","SELL","BOTH","0E-8",,"0E-8","0E-8","0E-8","1.86570000","CANCELED","electron_Ji4nm33vKyXISK56daN1","GTE_GTC","0E-8","0E-8","markPrice","true","2025-12-29 03:23:00"
"1157365933","2025-12-29 02:14:41","135495982661","XRPUSDT","STOP_MARKET","SELL","BOTH","0E-8",,"1403.90000000","0E-8","0E-8","1.94200000","CANCELED","electron_h5hWtUeKjPJrEqPv7Yzm","GTE_GTC","0E-8","0E-8","markPrice","true","2025-12-29 04:00:01"
"1157365933","2025-12-29 03:21:11","135501799962","XRPUSDT","STOP_MARKET","SELL","BOTH","0E-8",,"0E-8","0E-8","0E-8","1.94300000","CANCELED","ios_JxWgORnQZeOWTOScKwzh","GTE_GTC","0E-8","0E-8","markPrice","true","2025-12-29 03:21:45"
"1157365933","2025-12-29 03:23:00","135501982588","XRPUSDT","STOP_MARKET","SELL","BOTH","0E-8",,"0E-8","0E-8","0E-8","1.88580000","CANCELED","ios_im_45K2hC3nC3iK65NpaHN8","GTE_GTC","0E-8","0E-8","markPrice","true","2025-12-29 03:41:40"
"1157365933","2025-12-29 03:41:40","135503738103","XRPUSDT","STOP_MARKET","SELL","BOTH","0E-8",,"0E-8","0E-8","0E-8","1.89330000","CANCELED","ios_Ck786GYMKPqzoTGzOS9S","GTE_GTC","0E-8","0E-8","markPrice","true","2025-12-29 04:00:50"
"1157365933","2025-12-29 03:45:59","135504120166","XRPUSDT","STOP_MARKET","SELL","BOTH","0E-8",,"0E-8","0E-8","0E-8","1.91930000","CANCELED","ios_GSKzZTwy8abcDlTnMokw","GTE_GTC","0E-8","0E-8","markPrice","true","2025-12-29 03:59:47"
"1157365933","2025-12-29 03:59:47","135505145164","XRPUSDT","STOP_MARKET","SELL","BOTH","0E-8",,"0E-8","0E-8","0E-8","1.93800000","EXPIRED","electron_U6hkS5MNPCIHC9BkHAou","GTE_GTC","0E-8","0E-8","markPrice","true","2025-12-29 09:32:15"
"1157365933","2025-12-29 04:00:50","135505260400","XRPUSDT","STOP_MARKET","SELL","BOTH","0E-8",,"0E-8","0E-8","0E-8","1.90390000","CANCELED","electron_k2G0kmvVWRN26e2b7mYS","GTE_GTC","0E-8","0E-8","markPrice","true","2025-12-29 05:22:24"
"1157365933","2025-12-29 04:01:27","135505335946","XRPUSDT","MARKET","BUY","BOTH","0E-8","1.91410000","521.90000000","521.90000000","998.96879000","0E-8","FILLED","web_im_env6g4v3155m2g5dr5171df23","GTC","0E-8","0E-8","Contract Price","false","2025-12-29 04:01:27"
"1157365933","2025-12-29 04:04:35","135505661584","XRPUSDT","MARKET","BUY","BOTH","0E-8","1.91370000","522.00000000","522.00000000","998.95140000","0E-8","FILLED","web_im_euu7q0m2265maqb0wcv61z2mj","GTC","0E-8","0E-8","Contract Price","false","2025-12-29 04:04:35"
"1157365933","2025-12-29 05:22:24","135511165203","XRPUSDT","STOP_MARKET","SELL","BOTH","0E-8",,"0E-8","0E-8","0E-8","1.90040000","CANCELED","electron_wELyBBjpHLjd88C57N6W","GTE_GTC","0E-8","0E-8","markPrice","true","2025-12-29 06:00:35"
"1157365933","2025-12-29 06:00:35","135513164410","XRPUSDT","STOP_MARKET","SELL","BOTH","0E-8",,"0E-8","0E-8","0E-8","1.89510000","CANCELED","electron_biNsalDbOF7Ar6QjKJMt","GTE_GTC","0E-8","0E-8","markPrice","true","2025-12-29 07:06:25"
"1157365933","2025-12-29 07:06:25","135516840510","XRPUSDT","STOP_MARKET","SELL","BOTH","0E-8",,"0E-8","0E-8","0E-8","1.89000000","CANCELED","electron_bia4LbbZFhJEYEbzTAtg","GTE_GTC","0E-8","0E-8","markPrice","true","2025-12-29 07:09:05"
"1157365933","2025-12-29 07:09:06","135517067269","XRPUSDT","STOP_MARKET","SELL","BOTH","0E-8",,"0E-8","0E-8","0E-8","1.88480000","CANCELED","electron_TGQneNSgdY5Xsm1bXxTR","GTE_GTC","0E-8","0E-8","markPrice","true","2025-12-29 07:55:22"
"1157365933","2025-12-29 07:55:23","135519890700","XRPUSDT","MARKET","SELL","BOTH","0E-8","1.88860000","2891.10000000","2891.10000000","5460.13146000","1.88910000","FILLED","electron_tC2uuZCzpM5JvlABg84G","GTE_GTC","0E-8","0E-8","markPrice","true","2025-12-29 09:32:15"
"1157365933","2025-12-29 11:27:07","29759126893","UNIUSDT","MARKET","BUY","BOTH","0E-8","6.12441309","489.00000000","489.00000000","2994.83800000","0E-8","FILLED","web_im_40effl6fshhxmlptxjjat19x0","GTC","0E-8","0E-8","Contract Price","false","2025-12-29 11:27:07"
"1157365933","2025-12-29 11:27:27","29759128919","UNIUSDT","STOP_MARKET","SELL","BOTH","0E-8",,"0E-8","0E-8","0E-8","6.02200000","CANCELED","electron_cKDuvocYjjOjmLl6JmE0","GTE_GTC","0E-8","0E-8","markPrice","true","2025-12-29 12:12:00"
"1157365933","2025-12-29 11:29:13","29759136019","UNIUSDT","STOP_MARKET","SELL","BOTH","0E-8",,"367.00000000","0E-8","0E-8","6.40500000","EXPIRED","electron_qf9HRA0dNyZcvUg3OG2v","GTE_GTC","0E-8","0E-8","markPrice","true","2025-12-29 13:55:16"
"1157365933","2025-12-29 11:29:13","29759136020","UNIUSDT","STOP_MARKET","SELL","BOTH","0E-8",,"122.00000000","0E-8","0E-8","6.84200000","EXPIRED","electron_zmRWXcSt5cOeWuOdzWOr","GTE_GTC","0E-8","0E-8","markPrice","true","2025-12-29 13:55:16"
"1157365933","2025-12-29 12:12:00","29759434614","UNIUSDT","MARKET","SELL","BOTH","0E-8","5.99966871","489.00000000","489.00000000","2933.83800000","6.00100000","FILLED","electron_EDPuUUJKX3XIft1ESSGz","GTE_GTC","0E-8","0E-8","markPrice","true","2025-12-29 13:55:16"
"1157365933","2025-12-29 13:59:36","796062317511","ZECUSDT","MARKET","SELL","BOTH","0E-8","523.28000000","7.63400000","7.63400000","3994.71952000","0E-8","FILLED","web_im_ibjo6jqmw447gn897jwn7o5vs","GTC","0E-8","0E-8","Contract Price","false","2025-12-29 13:59:36"
"1157365933","2025-12-29 13:59:58","796062322624","ZECUSDT","MARKET","BUY","BOTH","0E-8","531.36756746","7.63400000","7.63400000","4056.46001000","530.50000000","FILLED","electron_we9vzaOeGv917OLRbCbE","GTE_GTC","0E-8","0E-8","markPrice","true","2025-12-29 17:01:07"
"1157365933","2025-12-29 14:00:19","796062328281","ZECUSDT","STOP_MARKET","BUY","BOTH","0E-8",,"0E-8","0E-8","0E-8","477.50000000","CANCELED","electron_5JpiMzntBEO867Mp2qrp","GTE_GTC","0E-8","0E-8","markPrice","true","2025-12-29 14:20:32"
"1157365933","2025-12-29 14:20:32","796062754029","ZECUSDT","STOP_MARKET","BUY","BOTH","0E-8",,"0E-8","0E-8","0E-8","512.25000000","CANCELED","electron_QRwtxyjThK0ZDmmQkYjC","GTE_GTC","0E-8","0E-8","markPrice","true","2025-12-29 14:22:49"
"1157365933","2025-12-29 14:22:49","796062804840","ZECUSDT","STOP_MARKET","BUY","BOTH","0E-8",,"0E-8","0E-8","0E-8","473.19000000","EXPIRED","electron_UMSwsBzN8vWu4xjm5u9e","GTE_GTC","0E-8","0E-8","markPrice","true","2025-12-29 17:01:07"
"1157365933","2025-12-30 08:18:55","998492067","HYPERUSDT","MARKET","BUY","BOTH","0E-8","0.12128929","24752.00000000","24752.00000000","3002.15260000","0E-8","FILLED","ios_im_i6OGedOjQk7U835rDh65","GTC","0E-8","0E-8","Contract Price","false","2025-12-30 08:18:55"
"1157365933","2025-12-30 08:19:13","998492417","HYPERUSDT","STOP_MARKET","SELL","BOTH","0E-8",,"0E-8","0E-8","0E-8","0.12370000","CANCELED","ios_w56NRyYQgrrhaUvxNzcn","GTE_GTC","0E-8","0E-8","markPrice","true","2025-12-30 12:53:23"
"1157365933","2025-12-30 08:19:13","998492418","HYPERUSDT","STOP_MARKET","SELL","BOTH","0E-8",,"0E-8","0E-8","0E-8","0.11940000","CANCELED","ios_MuACkXloiGVheWxLun1c","GTE_GTC","0E-8","0E-8","markPrice","true","2025-12-30 11:55:55"
"1157365933","2025-12-30 11:55:55","998633101","HYPERUSDT","STOP_MARKET","SELL","BOTH","0E-8",,"0E-8","0E-8","0E-8","0.12120000","CANCELED","ios_AxSJoRS6KgsnzfS4QLgy","GTE_GTC","0E-8","0E-8","markPrice","true","2025-12-30 11:56:53"
"1157365933","2025-12-30 11:56:53","998633720","HYPERUSDT","STOP_MARKET","SELL","BOTH","0E-8",,"0E-8","0E-8","0E-8","0.12130000","EXPIRED","ios_cqDDn8DzrJ0aSvA4gnoM","GTE_GTC","0E-8","0E-8","markPrice","true","2025-12-31 00:20:38"
"1157365933","2025-12-30 12:53:11","998667138","HYPERUSDT","MARKET","SELL","BOTH","0E-8","0.12192301","18811.00000000","18811.00000000","2293.49380000","0E-8","FILLED","ios_JerQTthpNA3ctGpGUgXZ","GTC","0E-8","0E-8","Contract Price","false","2025-12-30 12:53:11"
"1157365933","2025-12-30 12:53:23","998667330","HYPERUSDT","STOP_MARKET","SELL","BOTH","0E-8",,"0E-8","0E-8","0E-8","0.13640000","EXPIRED","ios_1GIerVEikxYBcLoi6j4N","GTE_GTC","0E-8","0E-8","markPrice","true","2025-12-31 00:20:38"
"1157365933","2025-12-31 00:20:38","999132836","HYPERUSDT","MARKET","SELL","BOTH","0E-8","0.12533008","5941.00000000","5941.00000000","744.58600000","0E-8","FILLED","ios_zHPADSgT63y0wpzd9TRd","GTC","0E-8","0E-8","Contract Price","false","2025-12-31 00:20:38"
"1157365933","2025-12-31 02:45:35","3148471533","PUMPUSDT","MARKET","SELL","BOTH","0E-8","0.00188500","1591511.00000000","1591511.00000000","2999.99823500","0E-8","FILLED","ios_im_YABSK3S8OH7vltnrfaJJ","GTC","0E-8","0E-8","Contract Price","false","2025-12-31 02:45:35"
"1157365933","2025-12-31 02:46:33","3148477344","PUMPUSDT","STOP_MARKET","BUY","BOTH","0E-8",,"0E-8","0E-8","0E-8","0.00184700","EXPIRED","ios_UW6BJ8A8f9RCejgn2oYL","GTE_GTC","0E-8","0E-8","markPrice","true","2025-12-31 04:39:27"
"1157365933","2025-12-31 02:46:33","3148477345","PUMPUSDT","MARKET","BUY","BOTH","0E-8","0.00192000","1591511.00000000","1591511.00000000","3055.70112000","0.00191900","FILLED","ios_Cdq66s0gEZbHfFxBa3G8","GTE_GTC","0E-8","0E-8","markPrice","true","2025-12-31 04:39:27"
"1157365933","2025-12-31 06:02:17","3149500258","PUMPUSDT","MARKET","SELL","BOTH","0E-8","0.00188988","1586462.00000000","1586462.00000000","2998.22259100","0E-8","FILLED","ios_im_JuqSVUSdyX62cJ290x9p","GTC","0E-8","0E-8","Contract Price","false","2025-12-31 06:02:17"
"1157365933","2025-12-31 06:02:42","3149503782","PUMPUSDT","MARKET","BUY","BOTH","0E-8","0.00192900","1586462.00000000","1586462.00000000","3060.28519800","0.00192700","FILLED","ios_LlX5Ifsdwwwz6tPrNx89","GTE_GTC","0E-8","0E-8","markPrice","true","2025-12-31 11:55:10"
"1157365933","2025-12-31 06:02:42","3149503781","PUMPUSDT","STOP_MARKET","BUY","BOTH","0E-8",,"0E-8","0E-8","0E-8","0.00183900","EXPIRED","ios_308jzH76GpPJwXLXY6jQ","GTE_GTC","0E-8","0E-8","markPrice","true","2025-12-31 11:55:10"
"1157365933","2026-01-01 23:05:36","135901658253","XRPUSDT","MARKET","SELL","BOTH","0E-8","1.87160000","1602.80000000","1602.80000000","2999.80048000","0E-8","FILLED","ios_im_Q9lAE0hitCRBWZ2ubTDC","GTC","0E-8","0E-8","Contract Price","false","2026-01-01 23:05:36"
"1157365933","2026-01-01 23:05:48","135901671838","XRPUSDT","STOP_MARKET","BUY","BOTH","0E-8",,"0E-8","0E-8","0E-8","1.90270000","CANCELED","ios_1pdZDqFSnEaGw74MBvUB","GTE_GTC","0E-8","0E-8","markPrice","true","2026-01-02 03:42:35"
"1157365933","2026-01-01 23:05:57","135901678141","XRPUSDT","STOP_MARKET","BUY","BOTH","0E-8",,"0E-8","0E-8","0E-8","1.82790000","EXPIRED","ios_KJYJiJru4irHNALIu13c","GTE_GTC","0E-8","0E-8","markPrice","true","2026-01-02 03:49:28"
"1157365933","2026-01-02 03:22:41","13147928452","ENAUSDT","MARKET","BUY","BOTH","0E-8","0.21910000","13678.00000000","13678.00000000","2996.84980000","0E-8","FILLED","web_im_vbmjy8lgi5hamrjmr7l80fdt0","GTC","0E-8","0E-8","Contract Price","false","2026-01-02 03:22:41"
"1157365933","2026-01-02 03:23:03","13147932240","ENAUSDT","STOP_MARKET","SELL","BOTH","0E-8",,"0E-8","0E-8","0E-8","0.21490000","CANCELED","electron_ZQa4sAKr6iVqdfw1AxJ4","GTE_GTC","0E-8","0E-8","markPrice","true","2026-01-02 03:44:51"
"1157365933","2026-01-02 03:24:12","13147942034","ENAUSDT","STOP_MARKET","SELL","BOTH","0E-8",,"0E-8","0E-8","0E-8","0.26310000","CANCELED","electron_QRumoWcy7Bv1J6xxiFZU","GTE_GTC","0E-8","0E-8","markPrice","true","2026-01-02 03:46:15"
"1157365933","2026-01-02 03:42:35","135918740611","XRPUSDT","STOP_MARKET","BUY","BOTH","0E-8",,"0E-8","0E-8","0E-8","1.89650000","EXPIRED","electron_i9DroEnRaPAEEdsSpfBq","GTE_GTC","0E-8","0E-8","markPrice","true","2026-01-02 03:49:28"
"1157365933","2026-01-02 03:44:51","13148143901","ENAUSDT","STOP_MARKET","SELL","BOTH","0E-8",,"0E-8","0E-8","0E-8","0.21550000","CANCELED","electron_QNYydFDFNTOCq1lAMA4w","GTE_GTC","0E-8","0E-8","markPrice","true","2026-01-02 09:03:09"
"1157365933","2026-01-02 03:46:43","13148169085","ENAUSDT","STOP_MARKET","SELL","BOTH","0E-8",,"6839.00000000","0E-8","0E-8","0.22780000","CANCELED","electron_OoYu9GAijy7VlKBAapJP","GTE_GTC","0E-8","0E-8","markPrice","true","2026-01-02 04:01:52"
"1157365933","2026-01-02 03:46:57","13148170501","ENAUSDT","STOP_MARKET","SELL","BOTH","0E-8",,"6839.00000000","0E-8","0E-8","0.23660000","CANCELED","electron_aTU32lumevk32HKMuqM8","GTE_GTC","0E-8","0E-8","markPrice","true","2026-01-02 09:57:22"
"1157365933","2026-01-02 03:49:28","135919378892","XRPUSDT","MARKET","BUY","BOTH","0E-8","1.89100000","1602.80000000","1602.80000000","3030.89480000","0E-8","FILLED","tv_9zRUUkAMqqq7Sp5rMOsm","GTC","0E-8","0E-8","Contract Price","false","2026-01-02 03:49:28"
"1157365933","2026-01-02 04:02:05","13148279575","ENAUSDT","STOP_MARKET","SELL","BOTH","0E-8",,"6839.00000000","0E-8","0E-8","0.22580000","CANCELED","electron_WmetX72VC2y6yWw6ALor","GTE_GTC","0E-8","0E-8","markPrice","true","2026-01-02 09:57:16"
"1157365933","2026-01-02 04:11:36","135920869488","XRPUSDT","MARKET","BUY","BOTH","0E-8","1.88400000","1590.70000000","1590.70000000","2996.87880000","0E-8","FILLED","web_im_4fqirz57t85la6k1ykvd954vm","GTC","0E-8","0E-8","Contract Price","false","2026-01-02 04:11:36"
"1157365933","2026-01-02 04:11:54","135920888561","XRPUSDT","STOP_MARKET","SELL","BOTH","0E-8",,"0E-8","0E-8","0E-8","1.86740000","EXPIRED","electron_0Y6ByFsadkzp1ejUwsRs","GTE_GTC","0E-8","0E-8","markPrice","true","2026-01-02 09:56:09"
"1157365933","2026-01-02 04:12:21","135920907061","XRPUSDT","STOP_MARKET","SELL","BOTH","0E-8",,"779.40000000","0E-8","0E-8","1.94810000","EXPIRED","electron_tcWzD07rbJtNeLLWGuAt","GTE_GTC","0E-8","0E-8","markPrice","true","2026-01-02 09:56:09"
"1157365933","2026-01-02 04:12:21","135920907064","XRPUSDT","STOP_MARKET","SELL","BOTH","0E-8",,"811.30000000","0E-8","0E-8","1.99490000","CANCELED","electron_NpFPhzPiURBIJ9mfpYcH","GTE_GTC","0E-8","0E-8","markPrice","true","2026-01-02 04:13:54"
"1157365933","2026-01-02 04:14:05","135921011462","XRPUSDT","STOP_MARKET","SELL","BOTH","0E-8",,"811.30000000","0E-8","0E-8","1.91510000","EXPIRED","electron_x7v8smxIDJ4llo1kXCfK","GTE_GTC","0E-8","0E-8","markPrice","true","2026-01-02 09:56:09"
"1157365933","2026-01-02 09:03:09","13150304412","ENAUSDT","STOP_MARKET","SELL","BOTH","0E-8",,"0E-8","0E-8","0E-8","0.21920000","CANCELED","electron_HN6UssGkmKaD7EsZlxSy","GTE_GTC","0E-8","0E-8","markPrice","true","2026-01-02 09:58:29"
"1157365933","2026-01-02 09:56:09","135944002219","XRPUSDT","MARKET","SELL","BOTH","0E-8","1.89650000","1590.70000000","1590.70000000","3016.76255000","0E-8","FILLED","electron_qla8BK1YaYHwu6f9MoC8","GTC","0E-8","0E-8","Contract Price","false","2026-01-02 09:56:09"
"1157365933","2026-01-02 09:57:08","13150793295","ENAUSDT","MARKET","SELL","BOTH","0E-8","0.22450000","10258.00000000","10258.00000000","2302.92100000","0E-8","FILLED","electron_Z1kCUzvSNki7ERio4mgX","GTC","0E-8","0E-8","Contract Price","false","2026-01-02 09:57:08"
"1157365933","2026-01-02 09:58:30","13150805478","ENAUSDT","STOP_MARKET","SELL","BOTH","0E-8",,"0E-8","0E-8","0E-8","0.22160000","CANCELED","electron_wwlyNASce5Ny4vIDSVDK","GTE_GTC","0E-8","0E-8","markPrice","true","2026-01-02 10:49:55"
"1157365933","2026-01-02 10:00:09","13150816924","ENAUSDT","STOP_MARKET","SELL","BOTH","0E-8",,"3420.00000000","0E-8","0E-8","0.23660000","EXPIRED","electron_fOaK2RPO7ZmRZaIFtR4Q","GTE_GTC","0E-8","0E-8","markPrice","true","2026-01-02 11:18:01"
"1157365933","2026-01-02 10:30:39","4785789133","HYPEUSDT","MARKET","BUY","BOTH","0E-8","24.79104799","201.52000000","201.52000000","4995.89199000","0E-8","FILLED","web_im_coi1i4kihxxlvmrvt9c47u3xy","GTC","0E-8","0E-8","Contract Price","false","2026-01-02 10:30:39"
"1157365933","2026-01-02 10:30:59","4785793640","HYPEUSDT","MARKET","SELL","BOTH","0E-8","24.61244110","201.52000000","201.52000000","4959.89913000","24.61300000","FILLED","electron_XFqXfmrd9puCfTVsnQrb","GTE_GTC","0E-8","0E-8","markPrice","true","2026-01-02 11:08:10"
"1157365933","2026-01-02 10:31:26","4785798211","HYPEUSDT","STOP_MARKET","SELL","BOTH","0E-8",,"201.52000000","0E-8","0E-8","25.37500000","EXPIRED","electron_72Uw2ETzZRTVrU3nKonp","GTE_GTC","0E-8","0E-8","markPrice","true","2026-01-02 11:08:10"
"1157365933","2026-01-02 10:48:52","13151229265","ENAUSDT","MARKET","BUY","BOTH","0E-8","0.22620000","8832.00000000","8832.00000000","1997.79840000","0E-8","FILLED","web_im_zg4cmk88q5ubkulq09vrbndvc","GTC","0E-8","0E-8","Contract Price","false","2026-01-02 10:48:52"
"1157365933","2026-01-02 10:49:55","13151236998","ENAUSDT","MARKET","SELL","BOTH","0E-8","0.22410000","12252.00000000","12252.00000000","2745.67320000","0.22420000","FILLED","electron_6ETh16nr2IdfJAV6Ba0g","GTE_GTC","0E-8","0E-8","markPrice","true","2026-01-02 11:18:01"
"1157365933","2026-01-02 23:21:54","8389766066753039219","ETHUSDT","MARKET","SELL","BOTH","0E-8","3129.27000000","1.11700000","1.11700000","3495.39459000","0E-8","FILLED","web_im_fxtgs97c7bfovdjjqtdjubuq8","GTC","0E-8","0E-8","Contract Price","false","2026-01-02 23:21:54"
"1157365933","2026-01-02 23:22:25","8389766066753220564","ETHUSDT","STOP_MARKET","BUY","BOTH","0E-8",,"0E-8","0E-8","0E-8","3149.58000000","CANCELED","electron_3BGygu1d2FRgEFJkCoPc","GTE_GTC","0E-8","0E-8","markPrice","true","2026-01-03 05:06:45"
"1157365933","2026-01-03 05:06:45","8389766066908630818","ETHUSDT","STOP_MARKET","BUY","BOTH","0E-8",,"0E-8","0E-8","0E-8","3072.86000000","CANCELED","electron_lzJnzW40uTdDAKDUn4he","GTE_GTC","0E-8","0E-8","markPrice","true","2026-01-03 07:32:45"
"1157365933","2026-01-03 05:06:46","8389766066908631854","ETHUSDT","STOP_MARKET","BUY","BOTH","0E-8",,"0E-8","0E-8","0E-8","3128.37000000","CANCELED","electron_gfrqFsZtMKJVKdiH9qgv","GTE_GTC","0E-8","0E-8","markPrice","true","2026-01-03 07:37:04"
"1157365933","2026-01-03 05:36:03","8389766066920148544","ETHUSDT","MARKET","SELL","BOTH","0E-8","3105.72000000","0.16000000","0.16000000","496.91520000","0E-8","FILLED","web_im_hx34p2ywpx8ficq82rcuv9eyi","GTC","0E-8","0E-8","Contract Price","false","2026-01-03 05:36:03"
"1157365933","2026-01-03 05:36:16","8389766066920318586","ETHUSDT","MARKET","SELL","BOTH","0E-8","3105.31000000","0.16000000","0.16000000","496.84960000","0E-8","FILLED","web_im_8ygycj3v69b40uuo43wkurco7","GTC","0E-8","0E-8","Contract Price","false","2026-01-03 05:36:16"
"1157365933","2026-01-03 07:33:21","8389766066981305669","ETHUSDT","MARKET","BUY","BOTH","0E-8","3085.43000000","1.07700000","1.07700000","3323.00811000","0E-8","FILLED","ios_5jDK43y6oQN8O82NPWgO","GTC","0E-8","0E-8","Contract Price","false","2026-01-03 07:33:21"
"1157365933","2026-01-03 07:34:15","8389766066981961242","ETHUSDT","STOP_MARKET","BUY","BOTH","0E-8",,"0E-8","0E-8","0E-8","2968.28000000","EXPIRED","electron_BZjDl2SSA16Zj8e32PDW","GTE_GTC","0E-8","0E-8","markPrice","true","2026-01-03 18:43:57"
"1157365933","2026-01-03 07:37:05","8389766066983907450","ETHUSDT","STOP_MARKET","BUY","BOTH","0E-8",,"0E-8","0E-8","0E-8","3104.70000000","CANCELED","electron_zvPRwidqusVc1Ng2PdAS","GTE_GTC","0E-8","0E-8","markPrice","true","2026-01-03 07:40:16"
"1157365933","2026-01-03 07:40:16","8389766066986196548","ETHUSDT","STOP_MARKET","BUY","BOTH","0E-8",,"0E-8","0E-8","0E-8","3123.98000000","EXPIRED","electron_USZWcN5yzE0GAiruypvs","GTE_GTC","0E-8","0E-8","markPrice","true","2026-01-03 18:43:57"
"1157365933","2026-01-03 08:48:40","20553688560","XLMUSDT","MARKET","BUY","BOTH","0E-8","0.21951930","13653.00000000","13653.00000000","2997.09698000","0E-8","FILLED","web_im_c0l72ll190cdqyp2z5rki3lpy","GTC","0E-8","0E-8","Contract Price","false","2026-01-03 08:48:40"
"1157365933","2026-01-03 08:49:04","20553690987","XLMUSDT","STOP_MARKET","SELL","BOTH","0E-8",,"0E-8","0E-8","0E-8","0.21735000","CANCELED","electron_G46XIUiJsAHytTllT3zr","GTE_GTC","0E-8","0E-8","markPrice","true","2026-01-03 18:45:44"
"1157365933","2026-01-03 08:49:21","20553692720","XLMUSDT","STOP_MARKET","SELL","BOTH","0E-8",,"0E-8","0E-8","0E-8","0.22689000","CANCELED","electron_4AqBhnPVd5tgpcdWxkvZ","GTE_GTC","0E-8","0E-8","markPrice","true","2026-01-04 00:04:13"
"1157365933","2026-01-03 18:43:57","8389766067307993200","ETHUSDT","MARKET","BUY","BOTH","0E-8","3112.54000000","0.36000000","0.36000000","1120.51440000","0E-8","FILLED","ios_awH8nUSkwnsNs10q1gZI","GTC","0E-8","0E-8","Contract Price","false","2026-01-03 18:43:57"
"1157365933","2026-01-03 18:45:44","20556812992","XLMUSDT","STOP_MARKET","SELL","BOTH","0E-8",,"0E-8","0E-8","0E-8","0.21844000","CANCELED","ios_dfGB6gzSJ9N1IN06cawu","GTE_GTC","0E-8","0E-8","markPrice","true","2026-01-04 00:02:34"
"1157365933","2026-01-04 00:02:00","20558056762","XLMUSDT","MARKET","BUY","BOTH","0E-8","0.22187050","13509.00000000","13509.00000000","2997.24863000","0E-8","FILLED","web_im_y289r5u5ou4ugzl7ah3gvttlz","GTC","0E-8","0E-8","Contract Price","false","2026-01-04 00:02:00"
"1157365933","2026-01-04 00:02:34","20558060992","XLMUSDT","STOP_MARKET","SELL","BOTH","0E-8",,"0E-8","0E-8","0E-8","0.22068000","EXPIRED","electron_0MYEvHtWfQE4IUIxnyh0","GTE_GTC","0E-8","0E-8","markPrice","true","2026-01-04 00:13:25"
"1157365933","2026-01-04 00:04:13","20558075451","XLMUSDT","STOP_MARKET","SELL","BOTH","0E-8",,"0E-8","0E-8","0E-8","0.22486000","EXPIRED","electron_QvWYRMwHqTWcygMZueVh","GTE_GTC","0E-8","0E-8","markPrice","true","2026-01-04 00:13:25"
"1157365933","2026-01-04 00:05:37","20558096779","XLMUSDT","LIMIT","SELL","BOTH","0.22279000","0.22340957","20371.00000000","20371.00000000","4551.07627000","0E-8","FILLED","electron_M2piGcDpdg0nOWGU5tWO","GTC","0E-8","0E-8","Contract Price","false","2026-01-04 00:05:37"
"1157365933","2026-01-04 00:13:25","20558219944","XLMUSDT","MARKET","SELL","BOTH","0E-8","0.22440018","6791.00000000","6791.00000000","1523.90162000","0E-8","FILLED","electron_bfLGtK73xCDFtoqQyUE1","GTC","0E-8","0E-8","Contract Price","false","2026-01-04 00:13:25"
"1157365933","2026-01-04 01:13:09","936389196","RIVERUSDT","MARKET","SELL","BOTH","0E-8","13.81709375","28.80000000","28.80000000","397.93230000","0E-8","FILLED","web_im_v0byzmlx66qeq57amy0wp6qef","GTC","0E-8","0E-8","Contract Price","false","2026-01-04 01:13:09"
"1157365933","2026-01-04 01:13:25","936400308","RIVERUSDT","STOP_MARKET","BUY","BOTH","0E-8",,"0E-8","0E-8","0E-8","15.24800000","CANCELED","electron_jL7zBTsOpuVc2EbSZZoA","GTE_GTC","0E-8","0E-8","markPrice","true","2026-01-04 04:30:29"
"1157365933","2026-01-04 01:14:13","936441426","RIVERUSDT","STOP_MARKET","BUY","BOTH","0E-8",,"21.90000000","0E-8","0E-8","11.80000000","EXPIRED","electron_16VTVpHaSqh1Pts9x80L","GTE_GTC","0E-8","0E-8","markPrice","true","2026-01-04 06:15:12"
"1157365933","2026-01-04 01:14:13","936441428","RIVERUSDT","STOP_MARKET","BUY","BOTH","0E-8",,"6.90000000","0E-8","0E-8","9.98400000","EXPIRED","electron_Klm7MuNdTc7FCBRElPZQ","GTE_GTC","0E-8","0E-8","markPrice","true","2026-01-04 06:15:12"
"1157365933","2026-01-04 04:30:29","942063768","RIVERUSDT","MARKET","BUY","BOTH","0E-8","14.26000000","28.80000000","28.80000000","410.68800000","14.19000000","FILLED","electron_waR5GnCQGmqlbksF0xFh","GTE_GTC","0E-8","0E-8","markPrice","true","2026-01-04 06:15:12"
"1157365933","2026-01-04 06:36:52","8389766067660216062","ETHUSDT","MARKET","SELL","BOTH","0E-8","3147.99000000","3.01400000","3.01400000","9488.04186000","0E-8","FILLED","web_im_p1cgcp3rul0yh1nqtxpgiy9gl","GTC","0E-8","0E-8","Contract Price","false","2026-01-04 06:36:52"
"1157365933","2026-01-04 06:37:33","8389766067660503992","ETHUSDT","STOP_MARKET","BUY","BOTH","0E-8",,"0E-8","0E-8","0E-8","3161.46000000","EXPIRED","electron_dzGGd2gZYId0vwIlsr11","GTE_GTC","0E-8","0E-8","markPrice","true","2026-01-04 08:02:09"
"1157365933","2026-01-04 06:40:53","8389766067662332347","ETHUSDT","STOP_MARKET","BUY","BOTH","0E-8",,"0E-8","0E-8","0E-8","3135.86000000","CANCELED","electron_Rtm5YUuQRL9BFAvW0oz3","GTE_GTC","0E-8","0E-8","markPrice","true","2026-01-04 06:49:26"
"1157365933","2026-01-04 06:49:26","8389766067667091431","ETHUSDT","MARKET","BUY","BOTH","0E-8","3126.47000000","3.01400000","3.01400000","9423.18058000","3125.90000000","FILLED","electron_72LpIrgEP5O0oP4jRLtO","GTE_GTC","0E-8","0E-8","markPrice","true","2026-01-04 08:02:09"
"1157365933","2026-01-04 12:57:17","37376862326","BCHUSDT","MARKET","SELL","BOTH","0E-8","638.75862227","14.38600000","14.38600000","9189.18154000","0E-8","FILLED","web_im_gpcgvemg5vuslwmy7yhrbm800","GTC","0E-8","0E-8","Contract Price","false","2026-01-04 12:57:17"
"1157365933","2026-01-04 12:57:52","37376875250","BCHUSDT","MARKET","BUY","BOTH","0E-8","645.20376755","14.38600000","14.38600000","9281.90140000","644.88000000","FILLED","electron_aQxCDPB25nSN7GZgBs1o","GTE_GTC","0E-8","0E-8","markPrice","true","2026-01-04 14:56:14"
"1157365933","2026-01-04 13:01:47","37376925877","BCHUSDT","STOP_MARKET","BUY","BOTH","0E-8",,"0E-8","0E-8","0E-8","630.86000000","CANCELED","electron_zzzNnGZvaXIgwCkaFH9B","GTE_GTC","0E-8","0E-8","markPrice","true","2026-01-04 14:41:46"
"1157365933","2026-01-04 14:41:46","37378311104","BCHUSDT","STOP_MARKET","BUY","BOTH","0E-8",,"0E-8","0E-8","0E-8","628.33000000","EXPIRED","electron_t4hcuVlf4q4IHBGGaMBf","GTE_GTC","0E-8","0E-8","markPrice","true","2026-01-04 14:56:14"
"1157365933","2026-01-04 15:03:30","37379042483","BCHUSDT","MARKET","SELL","BOTH","0E-8","642.21169567","14.30700000","14.30700000","9188.12273000","0E-8","FILLED","web_im_ub2chxbb023677iyc1bxlglnb","GTC","0E-8","0E-8","Contract Price","false","2026-01-04 15:03:30"
"1157365933","2026-01-04 15:04:02","37379057780","BCHUSDT","STOP_MARKET","BUY","BOTH","0E-8",,"0E-8","0E-8","0E-8","648.50000000","CANCELED","electron_AVxspZ5rqxr7JNBkvhbd","GTE_GTC","0E-8","0E-8","markPrice","true","2026-01-04 21:06:05"
"1157365933","2026-01-04 15:04:47","37379066627","BCHUSDT","STOP_MARKET","BUY","BOTH","0E-8",,"0E-8","0E-8","0E-8","631.72000000","CANCELED","electron_K9aYkVOuKm7Pbktn7NO4","GTE_GTC","0E-8","0E-8","markPrice","true","2026-01-04 15:30:55"
"1157365933","2026-01-04 15:30:55","37379422855","BCHUSDT","STOP_MARKET","BUY","BOTH","0E-8",,"0E-8","0E-8","0E-8","624.23000000","EXPIRED","electron_ChTu8m3EaUYlbQnUmSZl","GTE_GTC","0E-8","0E-8","markPrice","true","2026-01-04 22:32:37"
"1157365933","2026-01-04 21:06:05","37381838890","BCHUSDT","STOP_MARKET","BUY","BOTH","0E-8",,"0E-8","0E-8","0E-8","642.21000000","CANCELED","ios_Uwy4dDzrosvutH8VPt4A","GTE_GTC","0E-8","0E-8","markPrice","true","2026-01-04 21:07:21"
"1157365933","2026-01-04 21:07:21","37381849619","BCHUSDT","STOP_MARKET","BUY","BOTH","0E-8",,"0E-8","0E-8","0E-8","645.97000000","CANCELED","ios_G0RFPfNvwvRpR8ZDquLK","GTE_GTC","0E-8","0E-8","markPrice","true","2026-01-04 21:08:15"
"1157365933","2026-01-04 21:08:16","37381854377","BCHUSDT","MARKET","BUY","BOTH","0E-8","642.29940938","14.30700000","14.30700000","9189.37765000","642.21000000","FILLED","ios_YkmXr1chlC3npzicKCVl","GTE_GTC","0E-8","0E-8","markPrice","true","2026-01-04 22:32:37"
"1157365933","2026-01-04 22:53:19","4822222081","HYPEUSDT","MARKET","BUY","BOTH","0E-8","26.42477204","113.53000000","113.53000000","3000.00437000","0E-8","FILLED","ios_im_TrIsrI3jWNYM5HQ73hNA","GTC","0E-8","0E-8","Contract Price","false","2026-01-04 22:53:19"
"1157365933","2026-01-04 22:53:41","4822225632","HYPEUSDT","STOP_MARKET","SELL","BOTH","0E-8",,"0E-8","0E-8","0E-8","25.98400000","CANCELED","ios_6NXF65mgr8h9kCeUcUju","GTE_GTC","0E-8","0E-8","markPrice","true","2026-01-04 23:04:28"
"1157365933","2026-01-04 23:04:28","4822350506","HYPEUSDT","MARKET","SELL","BOTH","0E-8","26.41542271","113.53000000","113.53000000","2998.94294000","26.42400000","FILLED","ios_j6AvBWRudURDp5LGDOX0","GTE_GTC","0E-8","0E-8","markPrice","true","2026-01-04 23:08:17"
"1157365933","2026-01-05 00:49:58","90286341236","DOGEUSDT","MARKET","SELL","BOTH","0E-8","0.15101000","19846.00000000","19846.00000000","2996.94446000","0E-8","FILLED","web_im_p4jxx4bmsjge4zatkof5dz71e","GTC","0E-8","0E-8","Contract Price","false","2026-01-05 00:49:58"
"1157365933","2026-01-05 00:51:25","90286476327","DOGEUSDT","STOP_MARKET","BUY","BOTH","0E-8",,"0E-8","0E-8","0E-8","0.15282000","CANCELED","electron_v1wkj2QLOtcTJem0NKo0","GTE_GTC","0E-8","0E-8","markPrice","true","2026-01-05 04:36:43"
"1157365933","2026-01-05 00:52:55","90286607448","DOGEUSDT","STOP_MARKET","BUY","BOTH","0E-8",,"0E-8","0E-8","0E-8","0.14790000","CANCELED","electron_9f6IFnu968qCrOWotbY0","GTE_GTC","0E-8","0E-8","markPrice","true","2026-01-05 04:36:43"
"1157365933","2026-01-05 04:36:43","90299161113","DOGEUSDT","STOP_MARKET","BUY","BOTH","0E-8",,"0E-8","0E-8","0E-8","0.15282000","CANCELED","web_MRt0iZ6L3UOL0BQFu5XW","GTE_GTC","0E-8","0E-8","markPrice","true","2026-01-05 07:26:54"
"1157365933","2026-01-05 04:36:43","90299161114","DOGEUSDT","STOP_MARKET","BUY","BOTH","0E-8",,"0E-8","0E-8","0E-8","0.14468000","CANCELED","web_WysG8BKVRFoqfPhCzbdM","GTE_GTC","0E-8","0E-8","markPrice","true","2026-01-05 07:26:54"
"1157365933","2026-01-05 07:26:54","90306920453","DOGEUSDT","MARKET","BUY","BOTH","0E-8","0.14950000","19846.00000000","19846.00000000","2966.97700000","0.14954000","FILLED","web_zspXo6vqIXwbK3Abgznc","GTE_GTC","0E-8","0E-8","markPrice","true","2026-01-05 08:38:04"
"1157365933","2026-01-05 07:26:54","90306920452","DOGEUSDT","STOP_MARKET","BUY","BOTH","0E-8",,"0E-8","0E-8","0E-8","0.15282000","EXPIRED","web_KZVcCBmcZDrrAChMEvZX","GTE_GTC","0E-8","0E-8","markPrice","true","2026-01-05 08:38:04"
"1157365933","2026-01-05 11:32:06","187379820759","SOLUSDT","MARKET","BUY","BOTH","0E-8","135.40000000","73.78000000","73.78000000","9989.81200000","0E-8","FILLED","web_im_c4e0bnn2t5df9nyip5906n99o","GTC","0E-8","0E-8","Contract Price","false","2026-01-05 11:32:06"
"1157365933","2026-01-05 11:32:27","187379875312","SOLUSDT","STOP_MARKET","SELL","BOTH","0E-8",,"0E-8","0E-8","0E-8","134.41000000","CANCELED","electron_8ARGxWawpsLxUH6LZAoC","GTE_GTC","0E-8","0E-8","markPrice","true","2026-01-05 11:34:08"
"1157365933","2026-01-05 11:34:08","187380094237","SOLUSDT","STOP_MARKET","SELL","BOTH","0E-8",,"0E-8","0E-8","0E-8","134.57000000","CANCELED","electron_UhIn7rsnidYdhDTIof0V","GTE_GTC","0E-8","0E-8","markPrice","true","2026-01-05 13:19:48"
"1157365933","2026-01-05 13:19:48","187394681289","SOLUSDT","MARKET","SELL","BOTH","0E-8","134.42000000","73.78000000","73.78000000","9917.50760000","134.45000000","FILLED","ios_I8BWJ2nV4QxEdvQPZvMJ","GTE_GTC","0E-8","0E-8","markPrice","true","2026-01-05 13:20:29"
"1157365933","2026-01-06 05:49:58","875816772571","BTCUSDT","MARKET","BUY","BOTH","0E-8","93619.80000000","0.09600000","0.09600000","8987.50080000","0E-8","FILLED","web_im_ekuufhc286ptv31y7jsra2c5j","GTC","0E-8","0E-8","Contract Price","false","2026-01-06 05:49:58"
"1157365933","2026-01-06 05:50:26","875816960676","BTCUSDT","STOP_MARKET","SELL","BOTH","0E-8",,"0E-8","0E-8","0E-8","93185.40000000","CANCELED","electron_dnR25ddFQNTJAsI4trnc","GTE_GTC","0E-8","0E-8","markPrice","true","2026-01-06 07:14:55"
"1157365933","2026-01-06 07:04:11","136421034900","XRPUSDT","MARKET","SELL","BOTH","0E-8","2.37560000","1261.50000000","1261.50000000","2996.81940000","0E-8","FILLED","web_im_19jee59ulllpdh3nzonj7y2i2","GTC","0E-8","0E-8","Contract Price","false","2026-01-06 07:04:11"
"1157365933","2026-01-06 07:04:24","136421056650","XRPUSDT","STOP_MARKET","BUY","BOTH","0E-8",,"0E-8","0E-8","0E-8","2.42740000","CANCELED","electron_ZqWUuJZNKs22EpOqZIFt","GTE_GTC","0E-8","0E-8","markPrice","true","2026-01-06 07:40:41"
"1157365933","2026-01-06 07:14:55","875859103558","BTCUSDT","STOP_MARKET","SELL","BOTH","0E-8",,"0E-8","0E-8","0E-8","95525.40000000","EXPIRED","electron_ONfrX6laiNnVJilJWbrT","GTE_GTC","0E-8","0E-8","markPrice","true","2026-01-06 15:41:46"
"1157365933","2026-01-06 07:14:55","875859103824","BTCUSDT","STOP_MARKET","SELL","BOTH","0E-8",,"0E-8","0E-8","0E-8","93185.40000000","CANCELED","electron_Qodgd3g8ftqHhEDouQeq","GTE_GTC","0E-8","0E-8","markPrice","true","2026-01-06 07:26:45"
"1157365933","2026-01-06 07:15:06","136422059743","XRPUSDT","STOP_MARKET","BUY","BOTH","0E-8",,"0E-8","0E-8","0E-8","2.26910000","CANCELED","electron_B6KgOKLarzWjEzZ3rVky","GTE_GTC","0E-8","0E-8","markPrice","true","2026-01-06 07:31:36"
"1157365933","2026-01-06 07:26:45","875866089614","BTCUSDT","STOP_MARKET","SELL","BOTH","0E-8",,"0E-8","0E-8","0E-8","92987.50000000","CANCELED","electron_SuGDH8PNY2Lp2lh3w0C8","GTE_GTC","0E-8","0E-8","markPrice","true","2026-01-06 13:21:46"
"1157365933","2026-01-06 07:31:36","136423752819","XRPUSDT","STOP_MARKET","BUY","BOTH","0E-8",,"0E-8","0E-8","0E-8","2.21010000","EXPIRED","electron_2QufU3s6hIL7rpXsgVnY","GTE_GTC","0E-8","0E-8","markPrice","true","2026-01-06 11:46:07"
"1157365933","2026-01-06 07:40:41","136424735609","XRPUSDT","STOP_MARKET","BUY","BOTH","0E-8",,"0E-8","0E-8","0E-8","2.40740000","CANCELED","electron_5RZW8HMEalkeboa6yP3F","GTE_GTC","0E-8","0E-8","markPrice","true","2026-01-06 07:51:58"
"1157365933","2026-01-06 07:51:58","136426055776","XRPUSDT","MARKET","BUY","BOTH","0E-8","2.37600000","1261.50000000","1261.50000000","2997.32400000","2.37560000","FILLED","electron_3eeTcY2Xsik3kjf0FuWs","GTE_GTC","0E-8","0E-8","markPrice","true","2026-01-06 11:46:07"
"1157365933","2026-01-06 13:21:46","876042636003","BTCUSDT","MARKET","SELL","BOTH","0E-8","93421.20000000","0.09600000","0.09600000","8968.43520000","93453.00000000","FILLED","ios_jQ4xMqW76skDzXfRuxq3","GTE_GTC","0E-8","0E-8","markPrice","true","2026-01-06 15:41:46"
"1157365933","2026-01-07 00:06:19","13207295582","ENAUSDT","MARKET","SELL","BOTH","0E-8","0.25570000","9767.00000000","9767.00000000","2497.42190000","0E-8","FILLED","web_im_6k3dq51h6ia93vpg28am035v7","GTC","0E-8","0E-8","Contract Price","false","2026-01-07 00:06:19"
"1157365933","2026-01-07 00:06:58","13207301514","ENAUSDT","STOP_MARKET","BUY","BOTH","0E-8",,"0E-8","0E-8","0E-8","0.26060000","CANCELED","electron_i00cheYQr6KVjPJ0Qinn","GTE_GTC","0E-8","0E-8","markPrice","true","2026-01-07 02:03:25"
"1157365933","2026-01-07 00:06:58","13207301515","ENAUSDT","STOP_MARKET","BUY","BOTH","0E-8",,"0E-8","0E-8","0E-8","0.24680000","CANCELED","electron_x3lQmFNLlEHtbo31pQx5","GTE_GTC","0E-8","0E-8","markPrice","true","2026-01-07 01:16:36"
"1157365933","2026-01-07 00:33:19","23892745912","ATOMUSDT","MARKET","SELL","BOTH","0E-8","2.50893726","1194.50000000","1194.50000000","2996.92556000","0E-8","FILLED","web_im_a1pt7lrks6dummc42up4t98il","GTC","0E-8","0E-8","Contract Price","false","2026-01-07 00:33:19"
"1157365933","2026-01-07 00:34:29","23892751645","ATOMUSDT","STOP_MARKET","BUY","BOTH","0E-8",,"0E-8","0E-8","0E-8","2.55600000","CANCELED","electron_d1WcNDv0lJYvQmVnQAHo","GTE_GTC","0E-8","0E-8","markPrice","true","2026-01-07 00:43:52"
"1157365933","2026-01-07 00:43:52","23892799302","ATOMUSDT","STOP_MARKET","BUY","BOTH","0E-8",,"0E-8","0E-8","0E-8","2.41600000","EXPIRED","electron_x5cNK32qS1s4FRZWPwm7","GTE_GTC","0E-8","0E-8","markPrice","true","2026-01-07 02:08:53"
"1157365933","2026-01-07 00:43:53","23892799306","ATOMUSDT","STOP_MARKET","BUY","BOTH","0E-8",,"0E-8","0E-8","0E-8","2.52500000","CANCELED","electron_rtJhfwV05KTpophQo0ds","GTE_GTC","0E-8","0E-8","markPrice","true","2026-01-07 01:13:01"
"1157365933","2026-01-07 01:13:01","23892917360","ATOMUSDT","STOP_MARKET","BUY","BOTH","0E-8",,"0E-8","0E-8","0E-8","2.55000000","EXPIRED","electron_L6yNc9d3v5PFyMTrGw0D","GTE_GTC","0E-8","0E-8","markPrice","true","2026-01-07 02:08:53"
"1157365933","2026-01-07 02:01:31","13208312793","ENAUSDT","LIMIT","BUY","BOTH","0.24930000","0.24930000","7325.00000000","7325.00000000","1826.12250000","0E-8","FILLED","electron_Kf87c7vSxaRH9DULghk2","GTC","0E-8","0E-8","Contract Price","false","2026-01-07 02:02:14"
"1157365933","2026-01-07 02:03:25","13208337684","ENAUSDT","STOP_MARKET","BUY","BOTH","0E-8",,"0E-8","0E-8","0E-8","0.25570000","CANCELED","electron_Edx0hJ4wB1rHr4ipx6UY","GTE_GTC","0E-8","0E-8","markPrice","true","2026-01-07 04:43:18"
"1157365933","2026-01-07 02:03:25","13208337670","ENAUSDT","STOP_MARKET","BUY","BOTH","0E-8",,"0E-8","0E-8","0E-8","0.20100000","CANCELED","electron_3aNayvDK3EVaUyEbZ5T8","GTE_GTC","0E-8","0E-8","markPrice","true","2026-01-07 07:58:20"
"1157365933","2026-01-07 02:08:53","23893194806","ATOMUSDT","MARKET","BUY","BOTH","0E-8","2.46841330","1194.50000000","1194.50000000","2948.51969000","0E-8","FILLED","electron_maey8lmyCZKLhDVdonRh","GTC","0E-8","0E-8","Contract Price","false","2026-01-07 02:08:53"
"1157365933","2026-01-07 03:20:47","298427685","ZBTUSDT","MARKET","BUY","BOTH","0E-8","0.12610000","19825.00000000","19825.00000000","2499.93250000","0E-8","FILLED","ios_im_Hx8zyrsvAXHhZIHDWmla","GTC","0E-8","0E-8","Contract Price","false","2026-01-07 03:20:47"
"1157365933","2026-01-07 03:21:21","298427962","ZBTUSDT","STOP_MARKET","SELL","BOTH","0E-8",,"0E-8","0E-8","0E-8","0.12350000","EXPIRED","ios_4dRBOr3edclYjw1QAcCK","GTE_GTC","0E-8","0E-8","markPrice","true","2026-01-07 07:53:58"
"1157365933","2026-01-07 04:41:47","13209683387","ENAUSDT","MARKET","SELL","BOTH","0E-8","0.25040000","7984.00000000","7984.00000000","1999.19360000","0E-8","FILLED","ios_im_BtlhQJfQKbdO4Afq3Zx2","GTC","0E-8","0E-8","Contract Price","false","2026-01-07 04:41:47"
"1157365933","2026-01-07 04:43:18","13209690788","ENAUSDT","MARKET","BUY","BOTH","0E-8","0.25450000","10426.00000000","10426.00000000","2653.41700000","0.25440000","FILLED","ios_pLPl76ZNiSqzTevStoii","GTE_GTC","0E-8","0E-8","markPrice","true","2026-01-07 08:21:46"
"1157365933","2026-01-07 07:53:58","298640436","ZBTUSDT","MARKET","SELL","BOTH","0E-8","0.12730000","19825.00000000","19825.00000000","2523.72250000","0E-8","FILLED","ios_x7VBjH016hfb6D5gLoOw","GTC","0E-8","0E-8","Contract Price","false","2026-01-07 07:53:58"
"1157365933","2026-01-07 07:58:20","13210900443","ENAUSDT","STOP_MARKET","BUY","BOTH","0E-8",,"0E-8","0E-8","0E-8","0.24300000","EXPIRED","ios_VjnH2FqRS3PvPrqhRY7x","GTE_GTC","0E-8","0E-8","markPrice","true","2026-01-07 08:21:46"
"1157365933","2026-01-07 10:32:11","876852832180","BTCUSDT","MARKET","BUY","BOTH","0E-8","91836.40000000","0.07600000","0.07600000","6979.56640000","0E-8","FILLED","web_im_1nwfrmohjovcd28jchb5xmrue","GTC","0E-8","0E-8","Contract Price","false","2026-01-07 10:32:11"
"1157365933","2026-01-07 10:34:20","876853632518","BTCUSDT","STOP_MARKET","SELL","BOTH","0E-8",,"0E-8","0E-8","0E-8","91175.10000000","CANCELED","electron_McoBhNkvP6XRhhyPZDxG","GTE_GTC","0E-8","0E-8","markPrice","true","2026-01-07 12:35:13"
"1157365933","2026-01-07 10:34:20","876853632519","BTCUSDT","STOP_MARKET","SELL","BOTH","0E-8",,"0E-8","0E-8","0E-8","92848.50000000","EXPIRED","electron_wYUVK9csXJffiBUVJkFx","GTE_GTC","0E-8","0E-8","markPrice","true","2026-01-07 13:09:26"
"1157365933","2026-01-07 12:35:13","876911503987","BTCUSDT","STOP_MARKET","SELL","BOTH","0E-8",,"0E-8","0E-8","0E-8","91836.40000000","EXPIRED","electron_oRSEATVs1gsEOog0y5xT","GTE_GTC","0E-8","0E-8","markPrice","true","2026-01-07 13:09:26"
"1157365933","2026-01-07 13:09:26","876926170899","BTCUSDT","MARKET","SELL","BOTH","0E-8","91877.90000000","0.07600000","0.07600000","6982.72040000","0E-8","FILLED","electron_UJcFgewecTqZxc2cKYZM","GTC","0E-8","0E-8","Contract Price","false","2026-01-07 13:09:26"
"1157365933","2026-01-07 13:34:34","777488672","BROCCOLI714USDT","MARKET","BUY","BOTH","0E-8","0.03400000","22036.00000000","22036.00000000","749.22400000","0E-8","FILLED","web_im_76v7sv91xnyglf6uxitj19axw","GTC","0E-8","0E-8","Contract Price","false","2026-01-07 13:34:34"
"1157365933","2026-01-07 13:36:23","777507811","BROCCOLI714USDT","MARKET","SELL","BOTH","0E-8","0.03148669","22036.00000000","22036.00000000","693.84078000","0.03194000","FILLED","electron_HU9q8kgCrOzjCJUWsdqS","GTE_GTC","0E-8","0E-8","markPrice","true","2026-01-07 15:33:02"
"1157365933","2026-01-07 13:36:23","777507810","BROCCOLI714USDT","STOP_MARKET","SELL","BOTH","0E-8",,"0E-8","0E-8","0E-8","0.03808000","EXPIRED","electron_XfZ4UOdjWoyHj0pDOMr2","GTE_GTC","0E-8","0E-8","markPrice","true","2026-01-07 15:33:02"
"1157365933","2026-01-08 01:06:27","1256003692","RIVERUSDT","MARKET","BUY","BOTH","0E-8","16.51900000","34.70000000","34.70000000","573.20930000","0E-8","FILLED","web_im_ahbmmh6bvl3omti90fixgfoxt","GTC","0E-8","0E-8","Contract Price","false","2026-01-08 01:06:27"
"1157365933","2026-01-08 01:06:57","1256008697","RIVERUSDT","STOP_MARKET","SELL","BOTH","0E-8",,"0E-8","0E-8","0E-8","18.64500000","CANCELED","electron_A767BKPaizCnTQ7ninrH","GTE_GTC","0E-8","0E-8","markPrice","true","2026-01-08 01:26:16"
"1157365933","2026-01-08 01:06:57","1256008698","RIVERUSDT","STOP_MARKET","SELL","BOTH","0E-8",,"0E-8","0E-8","0E-8","15.03900000","CANCELED","electron_kL6Pd8EQTCF3etqyMp6I","GTE_GTC","0E-8","0E-8","markPrice","true","2026-01-08 03:23:51"
"1157365933","2026-01-08 01:30:07","1256508393","RIVERUSDT","LIMIT","SELL","BOTH","20.39000000",,"26.00000000","0E-8","0E-8","0E-8","EXPIRED","electron_RA5q0QQ6vz0zknadqR9K","GTC","0E-8","0E-8","Contract Price","false","2026-01-08 12:49:34"
"1157365933","2026-01-08 03:23:51","1258804536","RIVERUSDT","STOP_MARKET","SELL","BOTH","0E-8",,"0E-8","0E-8","0E-8","16.09400000","CANCELED","ios_tu6BYPrvoM7n7lWtO2zm","GTE_GTC","0E-8","0E-8","markPrice","true","2026-01-08 03:25:18"
"1157365933","2026-01-08 03:25:19","1258828189","RIVERUSDT","STOP_MARKET","SELL","BOTH","0E-8",,"0E-8","0E-8","0E-8","16.05700000","CANCELED","ios_DrTKHTc9eofQwNS1Sx8e","GTE_GTC","0E-8","0E-8","markPrice","true","2026-01-08 05:05:44"
"1157365933","2026-01-08 05:05:45","1261782674","RIVERUSDT","MARKET","SELL","BOTH","0E-8","14.92140346","34.70000000","34.70000000","517.77270000","14.97700000","FILLED","electron_WHFFqu94grIcwGaJvmnU","GTE_GTC","0E-8","0E-8","markPrice","true","2026-01-08 20:47:38"
"1157365933","2026-01-08 12:49:34","1272131050","RIVERUSDT","LIMIT","SELL","BOTH","16.01300000",,"34.70000000","0E-8","0E-8","0E-8","CANCELED","electron_RvjOItuIMjMo8mxlx1uI","GTC","0E-8","0E-8","Contract Price","false","2026-01-08 12:49:43"
"1157365933","2026-01-08 12:49:59","1272134886","RIVERUSDT","LIMIT","SELL","BOTH","19.23900000",,"34.70000000","0E-8","0E-8","0E-8","EXPIRED","electron_LGWPJCoqNeax87LUn6Gv","GTC","0E-8","0E-8","Contract Price","false","2026-01-08 20:47:38"
"1157365933","2026-01-08 22:51:42","136755219346","XRPUSDT","MARKET","BUY","BOTH","0E-8","2.13130000","1874.90000000","1874.90000000","3995.97437000","0E-8","FILLED","web_im_0a8p4gcw4k1xw4cfb8wcn2r4u","GTC","0E-8","0E-8","Contract Price","false","2026-01-08 22:51:42"
"1157365933","2026-01-08 22:51:58","136755235449","XRPUSDT","STOP_MARKET","SELL","BOTH","0E-8",,"0E-8","0E-8","0E-8","2.08010000","EXPIRED","electron_8hMEgWtxwwpLKE7mLxJa","GTE_GTC","0E-8","0E-8","markPrice","true","2026-01-09 08:29:53"
"1157365933","2026-01-08 22:53:13","136755380548","XRPUSDT","STOP_MARKET","SELL","BOTH","0E-8",,"0E-8","0E-8","0E-8","2.18410000","CANCELED","electron_btZtIDnsnZezr2AutBSE","GTE_GTC","0E-8","0E-8","markPrice","true","2026-01-09 01:31:38"
"1157365933","2026-01-09 01:31:20","136774377194","XRPUSDT","LIMIT","SELL","BOTH","2.18740000",,"1406.10000000","0E-8","0E-8","0E-8","EXPIRED","electron_AjImXBuosSd5chHHaBbP","GTC","0E-8","0E-8","Contract Price","false","2026-01-09 08:29:43"
"1157365933","2026-01-09 04:22:03","188260940766","SOLUSDT","MARKET","SELL","BOTH","0E-8","140.34000000","56.94000000","56.94000000","7990.95960000","0E-8","FILLED","web_im_f6wg7ys6usflp0gqa78jm8rpv","GTC","0E-8","0E-8","Contract Price","false","2026-01-09 04:22:03"
"1157365933","2026-01-09 04:22:32","188260981418","SOLUSDT","STOP_MARKET","BUY","BOTH","0E-8",,"0E-8","0E-8","0E-8","142.05000000","CANCELED","electron_w0bz2B2pJnok1DMJeOn9","GTE_GTC","0E-8","0E-8","markPrice","true","2026-01-09 08:25:07"
"1157365933","2026-01-09 08:11:15","188288519387","SOLUSDT","STOP_MARKET","BUY","BOTH","0E-8",,"0E-8","0E-8","0E-8","136.66000000","CANCELED","electron_pqmm6wDF2OIKh3K4Gu63","GTE_GTC","0E-8","0E-8","markPrice","true","2026-01-09 08:24:11"
"1157365933","2026-01-09 08:24:42","188290215080","SOLUSDT","STOP_MARKET","BUY","BOTH","0E-8",,"42.14000000","0E-8","0E-8","136.70000000","EXPIRED","electron_J6FhRds3GqUsQzme5ODG","GTE_GTC","0E-8","0E-8","markPrice","true","2026-01-09 08:45:13"
"1157365933","2026-01-09 08:24:42","188290215087","SOLUSDT","STOP_MARKET","BUY","BOTH","0E-8",,"14.80000000","0E-8","0E-8","133.13000000","EXPIRED","electron_GTNdbSqzD50Cg2L0tgpv","GTE_GTC","0E-8","0E-8","markPrice","true","2026-01-09 08:45:13"
"1157365933","2026-01-09 08:25:08","188290285949","SOLUSDT","STOP_MARKET","BUY","BOTH","0E-8",,"0E-8","0E-8","0E-8","141.21000000","CANCELED","electron_ssHtQwjEzXLn66D2aOib","GTE_GTC","0E-8","0E-8","markPrice","true","2026-01-09 08:30:18"
"1157365933","2026-01-09 08:29:43","136822610354","XRPUSDT","MARKET","SELL","BOTH","0E-8","2.11500000","1406.10000000","1406.10000000","2973.90150000","0E-8","FILLED","electron_kVT7AdEhKrJT4xK7NFZe","GTC","0E-8","0E-8","Contract Price","false","2026-01-09 08:29:43"
"1157365933","2026-01-09 08:29:53","136822628031","XRPUSDT","MARKET","SELL","BOTH","0E-8","2.11530000","468.80000000","468.80000000","991.65264000","0E-8","FILLED","electron_Z4mtvwpN8wbpSXkwW4KI","GTC","0E-8","0E-8","Contract Price","false","2026-01-09 08:29:53"
"1157365933","2026-01-09 08:30:18","188290867831","SOLUSDT","STOP_MARKET","BUY","BOTH","0E-8",,"0E-8","0E-8","0E-8","140.34000000","EXPIRED","electron_A9IOTn8n28Jsv1HEaC3p","GTE_GTC","0E-8","0E-8","markPrice","true","2026-01-09 08:45:13"
"1157365933","2026-01-09 08:45:13","188293164013","SOLUSDT","MARKET","BUY","BOTH","0E-8","138.22000000","56.94000000","56.94000000","7870.24680000","0E-8","FILLED","ios_tPIaitDVfZvmP3XzvwES","GTC","0E-8","0E-8","Contract Price","false","2026-01-09 08:45:13"
"1157365933","2026-01-09 10:44:42","407980960","CLOUSDT","MARKET","SELL","BOTH","0E-8","0.79283545","1261.00000000","1261.00000000","999.76550000","0E-8","FILLED","ios_im_AzBZmQsCLdV2ymkmvob7","GTC","0E-8","0E-8","Contract Price","false","2026-01-09 10:44:42"
"1157365933","2026-01-09 10:45:41","408001674","CLOUSDT","STOP_MARKET","BUY","BOTH","0E-8",,"0E-8","0E-8","0E-8","0.84360000","CANCELED","electron_HleM591NBWBqqs5JwLPl","GTE_GTC","0E-8","0E-8","Contract Price","true","2026-01-09 10:48:14"
"1157365933","2026-01-09 10:48:15","408057000","CLOUSDT","STOP_MARKET","BUY","BOTH","0E-8",,"0E-8","0E-8","0E-8","0.85410000","EXPIRED","electron_IsHzcYRJbQu5xIOL4otw","GTE_GTC","0E-8","0E-8","Contract Price","true","2026-01-09 13:20:26"
"1157365933","2026-01-09 11:27:58","3259872332","PIPPINUSDT","MARKET","SELL","BOTH","0E-8","0.42712299","2340.00000000","2340.00000000","999.46780000","0E-8","FILLED","web_im_ycdno1guonzflno5mmg4ffwhm","GTC","0E-8","0E-8","Contract Price","false","2026-01-09 11:27:58"
"1157365933","2026-01-09 11:28:19","3259895615","PIPPINUSDT","STOP_MARKET","BUY","BOTH","0E-8",,"0E-8","0E-8","0E-8","0.44630000","CANCELED","electron_y0y9jaXDJQPVX9zdluFy","GTE_GTC","0E-8","0E-8","Contract Price","true","2026-01-09 11:29:28"
"1157365933","2026-01-09 11:29:28","3259944773","PIPPINUSDT","STOP_MARKET","BUY","BOTH","0E-8",,"0E-8","0E-8","0E-8","0.45057000","EXPIRED","electron_XcR6DClgspIk060yzoRb","GTE_GTC","0E-8","0E-8","Contract Price","true","2026-01-09 14:11:32"
"1157365933","2026-01-09 13:20:26","411809936","CLOUSDT","MARKET","BUY","BOTH","0E-8","0.77033410","1261.00000000","1261.00000000","971.39130000","0E-8","FILLED","electron_cmHDcdOmyjWZdlJEpNiO","GTC","0E-8","0E-8","Contract Price","false","2026-01-09 13:20:26"
"1157365933","2026-01-09 14:11:32","3267371825","PIPPINUSDT","MARKET","BUY","BOTH","0E-8","0.41474598","2340.00000000","2340.00000000","970.50560000","0E-8","FILLED","electron_cAef9yC4jPHwfaU9IlIn","GTC","0E-8","0E-8","Contract Price","false","2026-01-09 14:11:32"
"1157365933","2026-01-09 14:49:21","188347281750","SOLUSDT","MARKET","SELL","BOTH","0E-8","136.71000000","21.92000000","21.92000000","2996.68320000","0E-8","FILLED","web_im_zp41dif0db8aix97tli3kqky2","GTC","0E-8","0E-8","Contract Price","false","2026-01-09 14:49:21"
"1157365933","2026-01-09 14:49:43","188347376811","SOLUSDT","STOP_MARKET","BUY","BOTH","0E-8",,"0E-8","0E-8","0E-8","141.11000000","CANCELED","electron_MPV0tzZwRL2P4RvtERvh","GTE_GTC","0E-8","0E-8","Contract Price","true","2026-01-09 14:54:47"
"1157365933","2026-01-09 14:50:30","188347535475","SOLUSDT","STOP_MARKET","BUY","BOTH","0E-8",,"0E-8","0E-8","0E-8","123.49000000","CANCELED","electron_sNAeQYXhaaBpV2agCPJr","GTE_GTC","0E-8","0E-8","Contract Price","true","2026-01-09 14:53:48"
"1157365933","2026-01-09 14:53:48","188348339992","SOLUSDT","STOP_MARKET","BUY","BOTH","0E-8",,"0E-8","0E-8","0E-8","132.71000000","CANCELED","electron_fv00g3RQcUPXieKI9wuV","GTE_GTC","0E-8","0E-8","Contract Price","true","2026-01-09 14:54:47"
"1157365933","2026-01-09 14:54:47","188348570699","SOLUSDT","STOP_MARKET","BUY","BOTH","0E-8",,"0E-8","0E-8","0E-8","142.11000000","EXPIRED","electron_a9ade0y0ggHon2OHra5s","GTE_GTC","0E-8","0E-8","Contract Price","true","2026-01-09 21:45:32"
"1157365933","2026-01-09 14:54:47","188348570710","SOLUSDT","STOP_MARKET","BUY","BOTH","0E-8",,"0E-8","0E-8","0E-8","129.86000000","CANCELED","electron_8J2qmysmJ5aUpUWZPf9j","GTE_GTC","0E-8","0E-8","Contract Price","true","2026-01-09 21:37:12"
"1157365933","2026-01-09 21:37:12","188422893165","SOLUSDT","STOP_MARKET","BUY","BOTH","0E-8",,"0E-8","0E-8","0E-8","132.71000000","CANCELED","electron_3zJ93kANHMwMxdSMXjiM","GTE_GTC","0E-8","0E-8","Contract Price","true","2026-01-09 21:45:04"
"1157365933","2026-01-09 21:45:32","188423793601","SOLUSDT","LIMIT","BUY","BOTH","136.65000000","135.88000000","21.92000000","21.92000000","2978.48960000","0E-8","FILLED","electron_jO4gpl3fOoU2B64lLkjm","GTC","0E-8","0E-8","Contract Price","false","2026-01-09 21:45:32"
"1157365933","2026-01-09 21:55:50","421173805","CLOUSDT","MARKET","SELL","BOTH","0E-8","0.74230885","1345.00000000","1345.00000000","998.40540000","0E-8","FILLED","web_im_hlfkyan5fooslwu3bez9vowra","GTC","0E-8","0E-8","Contract Price","false","2026-01-09 21:55:50"
"1157365933","2026-01-09 21:56:15","421176042","CLOUSDT","STOP_MARKET","BUY","BOTH","0E-8",,"0E-8","0E-8","0E-8","0.85900000","CANCELED","electron_O7dpi4qFIVkFC5v7cPX5","GTE_GTC","0E-8","0E-8","Contract Price","true","2026-01-10 02:52:54"
"1157365933","2026-01-09 23:04:05","421882349","CLOUSDT","STOP_MARKET","BUY","BOTH","0E-8",,"659.00000000","0E-8","0E-8","0.32890000","CANCELED","electron_sykc5oXuDgC8Ht58jsLt","GTE_GTC","0E-8","0E-8","markPrice","true","2026-01-10 04:29:09"
"1157365933","2026-01-09 23:04:05","421882350","CLOUSDT","STOP_MARKET","BUY","BOTH","0E-8",,"686.00000000","0E-8","0E-8","0.51060000","CANCELED","electron_s0QZ8sUVoRr47Epkpn89","GTE_GTC","0E-8","0E-8","Contract Price","true","2026-01-09 23:04:46"
"1157365933","2026-01-09 23:04:55","421889215","CLOUSDT","STOP_MARKET","BUY","BOTH","0E-8",,"686.00000000","0E-8","0E-8","0.56090000","CANCELED","electron_tYXPbFjZCCxY8FwjLC9J","GTE_GTC","0E-8","0E-8","Contract Price","true","2026-01-10 03:07:51"
"1157365933","2026-01-10 01:44:49","3292438984","PIPPINUSDT","MARKET","SELL","BOTH","0E-8","0.42081971","2374.00000000","2374.00000000","999.02599000","0E-8","FILLED","web_im_5izmipznrta7q4x21eail0rk0","GTC","0E-8","0E-8","Contract Price","false","2026-01-10 01:44:49"
"1157365933","2026-01-10 01:45:16","3292451143","PIPPINUSDT","STOP_MARKET","BUY","BOTH","0E-8",,"0E-8","0E-8","0E-8","0.45416000","EXPIRED","electron_alG2OJGRnr0vmeSVVgEc","GTE_GTC","0E-8","0E-8","Contract Price","true","2026-01-10 13:02:38"
"1157365933","2026-01-10 01:47:05","3292491329","PIPPINUSDT","STOP_MARKET","BUY","BOTH","0E-8",,"1187.00000000","0E-8","0E-8","0.24787000","EXPIRED","electron_yuOquwaq8OMjWXYbE61w","GTE_GTC","0E-8","0E-8","markPrice","true","2026-01-10 13:02:38"
"1157365933","2026-01-10 01:47:05","3292491328","PIPPINUSDT","STOP_MARKET","BUY","BOTH","0E-8",,"1187.00000000","0E-8","0E-8","0.37535000","EXPIRED","electron_XJe3jxFoXCUuwzQdzeRt","GTE_GTC","0E-8","0E-8","Contract Price","true","2026-01-10 13:02:38"
"1157365933","2026-01-10 02:51:45","424884872","CLOUSDT","MARKET","SELL","BOTH","0E-8","0.67730393","737.00000000","737.00000000","499.17300000","0E-8","FILLED","web_im_j7uld402zgcnne9y17ymnq9vh","GTC","0E-8","0E-8","Contract Price","false","2026-01-10 02:51:45"
"1157365933","2026-01-10 02:52:54","424898182","CLOUSDT","STOP_MARKET","BUY","BOTH","0E-8",,"0E-8","0E-8","0E-8","0.71920000","EXPIRED","electron_x692Z0W38yxODwk1tzMo","GTE_GTC","0E-8","0E-8","Contract Price","true","2026-01-10 13:03:57"
"1157365933","2026-01-10 03:07:04","425199900","CLOUSDT","STOP_MARKET","BUY","BOTH","0E-8",,"737.00000000","0E-8","0E-8","0.60250000","CANCELED","electron_YDfJofXX92IfcNCxHyHv","GTE_GTC","0E-8","0E-8","Contract Price","true","2026-01-10 03:07:54"
"1157365933","2026-01-10 03:08:09","425232342","CLOUSDT","STOP_MARKET","BUY","BOTH","0E-8",,"1423.00000000","0E-8","0E-8","0.56540000","CANCELED","electron_CjHIVjdXtX1Ud78tA7j2","GTE_GTC","0E-8","0E-8","Contract Price","true","2026-01-10 03:30:20"
"1157365933","2026-01-10 03:30:35","425905656","CLOUSDT","STOP_MARKET","BUY","BOTH","0E-8",,"1423.00000000","0E-8","0E-8","0.58670000","CANCELED","electron_A1P5kfPDBbNMBtLE5g7A","GTE_GTC","0E-8","0E-8","Contract Price","true","2026-01-10 04:29:09"
"1157365933","2026-01-10 04:29:20","427076032","CLOUSDT","STOP_MARKET","BUY","BOTH","0E-8",,"2082.00000000","0E-8","0E-8","0.58670000","CANCELED","electron_HRqt3H9wBWlgZB6Q03Wb","GTE_GTC","0E-8","0E-8","Contract Price","true","2026-01-10 08:00:10"
"1157365933","2026-01-10 08:00:19","429490731","CLOUSDT","STOP_MARKET","BUY","BOTH","0E-8",,"2082.00000000","0E-8","0E-8","0.51810000","EXPIRED","electron_MceHNEFVt8wGjoWngnAE","GTE_GTC","0E-8","0E-8","Contract Price","true","2026-01-10 13:03:57"
"1157365933","2026-01-10 13:02:38","3307939050","PIPPINUSDT","LIMIT","BUY","BOTH","0.42078000","0.41652000","2374.00000000","2374.00000000","988.81848000","0E-8","FILLED","electron_bDrBYrhgkjO88xeUuOSs","GTC","0E-8","0E-8","Contract Price","false","2026-01-10 13:02:38"
"1157365933","2026-01-10 13:03:57","432761175","CLOUSDT","LIMIT","BUY","BOTH","0.59420000","0.59290202","2082.00000000","2082.00000000","1234.42200000","0E-8","FILLED","electron_1Hx8m2AbnOnGPXRjFiRs","GTC","0E-8","0E-8","Contract Price","false","2026-01-10 13:03:57"
"1157365933","2026-01-10 13:24:48","3314187968","ASTERUSDT","MARKET","BUY","BOTH","0E-8","0.71939989","5555.00000000","5555.00000000","3996.26640000","0E-8","FILLED","web_im_0lmmdhx3gbg2elkbhyglgc2oc","GTC","0E-8","0E-8","Contract Price","false","2026-01-10 13:24:48"
"1157365933","2026-01-10 13:25:07","3314189169","ASTERUSDT","STOP_MARKET","SELL","BOTH","0E-8",,"0E-8","0E-8","0E-8","0.70520000","EXPIRED","electron_oESwhSUjqWwUBCpIdrEA","GTE_GTC","0E-8","0E-8","Contract Price","true","2026-01-11 07:02:59"
"1157365933","2026-01-10 21:01:23","3316622684","ASTERUSDT","STOP_MARKET","SELL","BOTH","0E-8",,"0E-8","0E-8","0E-8","0.73740000","EXPIRED","ios_ZyHV7boEQUFYuMYmPOJt","GTE_GTC","0E-8","0E-8","markPrice","true","2026-01-11 07:02:59"
"1157365933","2026-01-10 21:19:29","3319549926","PIPPINUSDT","MARKET","SELL","BOTH","0E-8","0.41186739","2425.00000000","2425.00000000","998.77843000","0E-8","FILLED","web_im_4w9dkjf77c0f97dea4eqtmtg5","GTC","0E-8","0E-8","Contract Price","false","2026-01-10 21:19:29"
"1157365933","2026-01-10 21:20:12","3319569554","PIPPINUSDT","STOP_MARKET","BUY","BOTH","0E-8",,"0E-8","0E-8","0E-8","0.44221000","EXPIRED","electron_mrdmwCeLnSv43k8HVyya","GTE_GTC","0E-8","0E-8","Contract Price","true","2026-01-11 00:53:19"
"1157365933","2026-01-10 21:20:59","3319585043","PIPPINUSDT","STOP_MARKET","BUY","BOTH","0E-8",,"2425.00000000","0E-8","0E-8","0.34407000","EXPIRED","electron_xgq9Ng9pG4RFUlzoIJGT","GTE_GTC","0E-8","0E-8","Contract Price","true","2026-01-11 00:53:19"
"1157365933","2026-01-10 21:36:55","3316791513","ASTERUSDT","MARKET","BUY","BOTH","0E-8","0.72590000","1376.00000000","1376.00000000","998.83840000","0E-8","FILLED","web_im_63lt26r5qybtidmo8xgsalnth","GTC","0E-8","0E-8","Contract Price","false","2026-01-10 21:36:55"
"1157365933","2026-01-11 00:53:19","3324040939","PIPPINUSDT","MARKET","BUY","BOTH","0E-8","0.37602604","2425.00000000","2425.00000000","911.86315000","0E-8","FILLED","electron_uTgfXngAa7E5fsQ08oZG","GTC","0E-8","0E-8","Contract Price","false","2026-01-11 00:53:19"
"1157365933","2026-01-11 06:19:14","3732977627","POLUSDT","MARKET","SELL","BOTH","0E-8","0.17662084","8483.00000000","8483.00000000","1498.27461000","0E-8","FILLED","web_im_zqpvebo6bdgvjz2fa6ffy4ehq","GTC","0E-8","0E-8","Contract Price","false","2026-01-11 06:19:14"
"1157365933","2026-01-11 06:19:38","3732984766","POLUSDT","STOP_MARKET","BUY","BOTH","0E-8",,"0E-8","0E-8","0E-8","0.18639000","EXPIRED","electron_rnBdHrXc1WIqWKEmFMgh","GTE_GTC","0E-8","0E-8","Contract Price","true","2026-01-11 09:25:03"
"1157365933","2026-01-11 06:46:29","3318858506","ASTERUSDT","LIMIT","SELL","BOTH","0.72150000",,"6931.00000000","0E-8","0E-8","0E-8","CANCELED","electron_HJwo5Zgi5G2ym39v1Byb","GTC","0E-8","0E-8","Contract Price","false","2026-01-11 06:55:07"
"1157365933","2026-01-11 06:55:21","3318888458","ASTERUSDT","LIMIT","SELL","BOTH","0.72250000","0.72250000","6931.00000000","6931.00000000","5007.64750000","0E-8","FILLED","electron_LWCto6oF2ayfFacJFPhA","GTC","0E-8","0E-8","Contract Price","false","2026-01-11 07:02:59"
"1157365933","2026-01-11 09:24:51","3736468060","POLUSDT","LIMIT","BUY","BOTH","0.17197000","0.17197000","8483.00000000","8483.00000000","1458.82151000","0E-8","FILLED","electron_LTg5gnsohN8FpghqBvLo","GTC","0E-8","0E-8","Contract Price","false","2026-01-11 09:25:03"
"1157365933","2026-01-12 02:43:38","796531714451","ZECUSDT","LIMIT","BUY","BOTH","400.17000000",,"3.74800000","0E-8","0E-8","0E-8","CANCELED","web_im_8tw4wt3zxeea2b6e7z0wr8qx7","GTC","0E-8","0E-8","Contract Price","false","2026-01-12 02:44:25"
"1157365933","2026-01-12 03:55:22","1001244860","PIEVERSEUSDT","LIMIT","BUY","BOTH","0.47490000",,"2347.00000000","0E-8","0E-8","0E-8","CANCELED","web_im_5newfn5v4eg0o7jsyg73p9jbt","GTC","0E-8","0E-8","Contract Price","false","2026-01-12 03:55:29"
"1157365933","2026-01-12 03:55:49","1001246881","PIEVERSEUSDT","MARKET","BUY","BOTH","0E-8","0.47975739","2394.00000000","2394.00000000","1148.53920000","0E-8","FILLED","web_im_s4s42fid2i3wa01mhvplph904","GTC","0E-8","0E-8","Contract Price","false","2026-01-12 03:55:49"
"1157365933","2026-01-12 03:56:01","1001247872","PIEVERSEUSDT","MARKET","SELL","BOTH","0E-8","0.43617001","2394.00000000","2394.00000000","1044.19100000","0.43720000","FILLED","electron_A0wX6HpDPzJpYHI34HaP","GTE_GTC","0E-8","0E-8","Contract Price","true","2026-01-12 19:38:57"
"1157365933","2026-01-12 03:56:36","1001252781","PIEVERSEUSDT","STOP_MARKET","SELL","BOTH","0E-8",,"2394.00000000","0E-8","0E-8","0.53130000","EXPIRED","electron_hVqztDIaA4I9QB3lSU9d","GTE_GTC","0E-8","0E-8","Contract Price","true","2026-01-12 19:38:57"
"1157365933","2026-01-12 08:04:09","796542070691","ZECUSDT","MARKET","BUY","BOTH","0E-8","403.89190296","3.71000000","3.71000000","1498.43896000","0E-8","FILLED","web_im_m1vr1al3brwr4iod8ipyo9gxg","GTC","0E-8","0E-8","Contract Price","false","2026-01-12 08:04:09"
"1157365933","2026-01-12 08:04:39","796542081626","ZECUSDT","STOP_MARKET","SELL","BOTH","0E-8",,"0E-8","0E-8","0E-8","375.68000000","CANCELED","electron_ih9Y8PxBxlU1ZytXmHbh","GTE_GTC","0E-8","0E-8","Contract Price","true","2026-01-13 02:37:48"
"1157365933","2026-01-12 08:08:17","796542208018","ZECUSDT","STOP_MARKET","SELL","BOTH","0E-8",,"3.71000000","0E-8","0E-8","447.71000000","CANCELED","electron_NfU368WBS0FmBslKxxRe","GTE_GTC","0E-8","0E-8","Contract Price","true","2026-01-12 23:21:23"
"1157365933","2026-01-12 21:36:23","13709694878","XMRUSDT","MARKET","SELL","BOTH","0E-8","601.27207858","3.15600000","3.15600000","1897.61468000","0E-8","FILLED","web_im_ad85m9gqqyd05cauane4yqbcj","GTC","0E-8","0E-8","Contract Price","false","2026-01-12 21:36:23"
"1157365933","2026-01-12 21:37:59","3661759360","IPUSDT","MARKET","SELL","BOTH","0E-8","2.92800000","682.30000000","682.30000000","1997.77440000","0E-8","FILLED","web_im_nurpu3iaz96xsoeug7s2mzbio","GTC","0E-8","0E-8","Contract Price","false","2026-01-12 21:37:59"
"1157365933","2026-01-12 21:39:01","3661767051","IPUSDT","STOP_MARKET","BUY","BOTH","0E-8",,"0E-8","0E-8","0E-8","2.70800000","CANCELED","electron_ZUG1Ec3s4O5pW6jVHctS","GTE_GTC","0E-8","0E-8","Contract Price","true","2026-01-12 23:17:50"
"1157365933","2026-01-12 21:39:01","3661767052","IPUSDT","MARKET","BUY","BOTH","0E-8","3.08702418","682.30000000","682.30000000","2106.27660000","3.08700000","FILLED","electron_b6CdSz6CbPGdoPo6zDKO","GTE_GTC","0E-8","0E-8","Contract Price","true","2026-01-13 01:22:31"
"1157365933","2026-01-12 21:39:42","13709768174","XMRUSDT","MARKET","BUY","BOTH","0E-8","619.76913498","3.15600000","3.15600000","1955.99139000","619.75000000","FILLED","electron_QTaH3cKBThnBUWgDcKmI","GTE_GTC","0E-8","0E-8","Contract Price","true","2026-01-12 23:16:40"
"1157365933","2026-01-12 21:39:42","13709768175","XMRUSDT","STOP_MARKET","BUY","BOTH","0E-8",,"0E-8","0E-8","0E-8","563.24000000","EXPIRED","electron_6OJ7VthHQ5fgZGw7b6Rq","GTE_GTC","0E-8","0E-8","Contract Price","true","2026-01-12 23:16:40"
"1157365933","2026-01-12 23:17:51","3662634004","IPUSDT","STOP_MARKET","BUY","BOTH","0E-8",,"0E-8","0E-8","0E-8","2.66100000","CANCELED","electron_Q2P9lvd1kOQxgRncHsxb","GTE_GTC","0E-8","0E-8","Contract Price","true","2026-01-12 23:39:25"
"1157365933","2026-01-12 23:21:30","796568302717","ZECUSDT","STOP_MARKET","SELL","BOTH","0E-8",,"0E-8","0E-8","0E-8","445.86000000","EXPIRED","electron_aIa5IKYR4ZceON99gtFQ","GTE_GTC","0E-8","0E-8","Contract Price","true","2026-01-13 15:00:07"
"1157365933","2026-01-12 23:39:25","3662807974","IPUSDT","STOP_MARKET","BUY","BOTH","0E-8",,"0E-8","0E-8","0E-8","2.47100000","EXPIRED","electron_kFidTclYyWwzap8yMM0m","GTE_GTC","0E-8","0E-8","Contract Price","true","2026-01-13 01:22:31"
"1157365933","2026-01-13 02:37:49","796572800088","ZECUSDT","MARKET","SELL","BOTH","0E-8","391.47000000","3.71000000","3.71000000","1452.35370000","391.52000000","FILLED","ios_y43YjbhIiKXnTm8xKgYw","GTE_GTC","0E-8","0E-8","Contract Price","true","2026-01-13 15:00:07"
"1157365933","2026-01-13 03:41:27","3666137409","IPUSDT","MARKET","SELL","BOTH","0E-8","2.90500000","515.80000000","515.80000000","1498.39900000","0E-8","FILLED","web_im_zlxv7syy7lha6uzi9bttfynmw","GTC","0E-8","0E-8","Contract Price","false","2026-01-13 03:41:27"
"1157365933","2026-01-13 03:42:03","3666143798","IPUSDT","STOP_MARKET","BUY","BOTH","0E-8",,"0E-8","0E-8","0E-8","3.11100000","CANCELED","electron_UVaYJzlyErkNwQA2PLkv","GTE_GTC","0E-8","0E-8","Contract Price","true","2026-01-13 04:18:52"
"1157365933","2026-01-13 04:18:53","3666622278","IPUSDT","MARKET","BUY","BOTH","0E-8","3.15432551","515.80000000","515.80000000","1627.00110000","3.15500000","FILLED","electron_woMhkSOKXzroy8Cp2bkg","GTE_GTC","0E-8","0E-8","Contract Price","true","2026-01-13 06:01:41"
"1157365933","2026-01-13 04:57:49","9093553470","TAOUSDT","MARKET","SELL","BOTH","0E-8","283.39925102","8.81200000","8.81200000","2497.31420000","0E-8","FILLED","web_im_gxtvngsicg279smsn8g8w27uf","GTC","0E-8","0E-8","Contract Price","false","2026-01-13 04:57:49"
"1157365933","2026-01-13 04:58:18","9093556515","TAOUSDT","STOP_MARKET","BUY","BOTH","0E-8",,"0E-8","0E-8","0E-8","290.40000000","EXPIRED","electron_Wbmg7mGbst0P12Xy4vjb","GTE_GTC","0E-8","0E-8","Contract Price","true","2026-01-13 13:53:18"
"1157365933","2026-01-13 07:17:54","9094785365","TAOUSDT","STOP_MARKET","BUY","BOTH","0E-8",,"0E-8","0E-8","0E-8","279.76000000","CANCELED","ios_rPvcbEi1YypmMIPh1QjO","GTE_GTC","0E-8","0E-8","Contract Price","true","2026-01-13 07:18:22"
"1157365933","2026-01-13 07:18:22","9094787888","TAOUSDT","STOP_MARKET","BUY","BOTH","0E-8",,"0E-8","0E-8","0E-8","277.60000000","EXPIRED","ios_ZSHtk6iHkKSSMTefDLyd","GTE_GTC","0E-8","0E-8","Contract Price","true","2026-01-13 13:53:18"
"1157365933","2026-01-13 13:53:18","9097651185","TAOUSDT","MARKET","BUY","BOTH","0E-8","287.25526101","8.81200000","8.81200000","2531.29336000","0E-8","FILLED","electron_PxhwltZa0ANiJWVAv13T","GTC","0E-8","0E-8","Contract Price","false","2026-01-13 13:53:18"
"1157365933","2026-01-13 23:56:25","41020223614","LTCUSDT","MARKET","BUY","BOTH","0E-8","78.01000000","76.83600000","76.83600000","5993.97636000","0E-8","FILLED","web_im_taz5udlncvburmbs4gcyq57iw","GTC","0E-8","0E-8","Contract Price","false","2026-01-13 23:56:25"
"1157365933","2026-01-13 23:56:46","41020236060","LTCUSDT","STOP_MARKET","SELL","BOTH","0E-8",,"0E-8","0E-8","0E-8","76.85000000","CANCELED","electron_Oi3SEV1CaHUawTcJRh2H","GTE_GTC","0E-8","0E-8","Contract Price","true","2026-01-14 04:00:02"
"1157365933","2026-01-13 23:57:10","41020243113","LTCUSDT","STOP_MARKET","SELL","BOTH","0E-8",,"0E-8","0E-8","0E-8","80.52000000","EXPIRED","electron_BJcNFiLZpLWlUlBkQMnD","GTE_GTC","0E-8","0E-8","Contract Price","true","2026-01-14 06:07:47"
"1157365933","2026-01-14 00:31:23","184749482","BREVUSDT","MARKET","BUY","BOTH","0E-8","0.33927393","6184.00000000","6184.00000000","2098.07000000","0E-8","FILLED","web_im_yujdemjnvje9gyaztfqqxnmmg","GTC","0E-8","0E-8","Contract Price","false","2026-01-14 00:31:23"
"1157365933","2026-01-14 00:58:08","184823225","BREVUSDT","STOP_MARKET","SELL","BOTH","0E-8",,"0E-8","0E-8","0E-8","0.32760000","CANCELED","electron_OFVQbhdmvp2JnCfM7xDn","GTE_GTC","0E-8","0E-8","Contract Price","true","2026-01-14 03:42:52"
"1157365933","2026-01-14 03:42:52","185420893","BREVUSDT","MARKET","SELL","BOTH","0E-8","0.32810000","6184.00000000","6184.00000000","2028.97040000","0.32810000","FILLED","ios_2SnRfUarYwAYA5oL5bDU","GTE_GTC","0E-8","0E-8","Contract Price","true","2026-01-14 09:08:14"
"1157365933","2026-01-14 04:00:03","41024420733","LTCUSDT","STOP_MARKET","SELL","BOTH","0E-8",,"0E-8","0E-8","0E-8","78.01000000","CANCELED","ios_AIVaRJwDrr79mLeouH6u","GTE_GTC","0E-8","0E-8","Contract Price","true","2026-01-14 04:01:10"
"1157365933","2026-01-14 04:01:10","41024446918","LTCUSDT","MARKET","SELL","BOTH","0E-8","78.04552371","76.83600000","76.83600000","5996.70586000","78.05000000","FILLED","ios_PtnEXfz2z603XDjAhowY","GTE_GTC","0E-8","0E-8","Contract Price","true","2026-01-14 06:07:47"
"1157365933","2026-01-14 06:27:28","41026668122","LTCUSDT","MARKET","BUY","BOTH","0E-8","78.68936172","76.26700000","76.26700000","6001.40155000","0E-8","FILLED","ios_im_ooVDS9cRJKel0WNdkg1G","GTC","0E-8","0E-8","Contract Price","false","2026-01-14 06:27:28"
"1157365933","2026-01-14 06:27:46","41026671782","LTCUSDT","STOP_MARKET","SELL","BOTH","0E-8",,"0E-8","0E-8","0E-8","77.50000000","CANCELED","ios_pygLu1k6KFyM2g4SMFbN","GTE_GTC","0E-8","0E-8","Contract Price","true","2026-01-14 09:15:19"
"1157365933","2026-01-14 06:27:59","41026674990","LTCUSDT","STOP","SELL","BOTH","79.86000000",,"76.26700000","0E-8","0E-8","79.86000000","EXPIRED","ios_XfdU6ifNAXjhDi9Cy5LZ","GTE_GTC","0E-8","0E-8","markPrice","true","2026-01-14 09:59:51"
"1157365933","2026-01-14 09:09:01","41028773747","LTCUSDT","STOP_MARKET","SELL","BOTH","0E-8",,"0E-8","0E-8","0E-8","80.53000000","EXPIRED","ios_WyDQo9m8nnfmkAeH7jYw","GTE_GTC","0E-8","0E-8","Contract Price","true","2026-01-14 09:59:51"
"1157365933","2026-01-14 09:15:20","41028894040","LTCUSDT","MARKET","SELL","BOTH","0E-8","78.66349889","76.26700000","76.26700000","5999.42907000","78.68000000","FILLED","ios_ID3gFkSDCVSmp9pJiWL2","GTE_GTC","0E-8","0E-8","Contract Price","true","2026-01-14 09:59:51"
"1157365933","2026-01-14 12:03:05","796629095063","ZECUSDT","MARKET","BUY","BOTH","0E-8","410.53000000","3.65300000","3.65300000","1499.66609000","0E-8","FILLED","ios_im_PSp6xX0xh3hodvg3MGVt","GTC","0E-8","0E-8","Contract Price","false","2026-01-14 12:03:05"
"1157365933","2026-01-14 13:22:05","796630620998","ZECUSDT","STOP_MARKET","SELL","BOTH","0E-8",,"0E-8","0E-8","0E-8","407.63000000","EXPIRED","electron_VaW3R1F82d8WZgDi7jvH","GTE_GTC","0E-8","0E-8","Contract Price","true","2026-01-14 17:57:06"
"1157365933","2026-01-14 14:14:02","796631727419","ZECUSDT","STOP_MARKET","SELL","BOTH","0E-8",,"0E-8","0E-8","0E-8","444.74000000","EXPIRED","ios_7CC0f3uqX3pW6zpv4Ne4","GTE_GTC","0E-8","0E-8","Contract Price","true","2026-01-14 17:57:06"
"1157365933","2026-01-14 17:57:06","796641718808","ZECUSDT","MARKET","SELL","BOTH","0E-8","437.70185327","3.65300000","3.65300000","1598.92487000","0E-8","FILLED","ios_apxNu5WKoSQM8jQmOviR","GTC","0E-8","0E-8","Contract Price","false","2026-01-14 17:57:06"
"1157365933","2026-01-15 02:01:53","1581079235","RIVERUSDT","MARKET","SELL","BOTH","0E-8","23.99724038","41.60000000","41.60000000","998.28520000","0E-8","FILLED","web_im_j0fv7mxd0e42itzu5g6wi7zbs","GTC","0E-8","0E-8","Contract Price","false","2026-01-15 02:01:53"
"1157365933","2026-01-15 02:02:12","1581107414","RIVERUSDT","STOP_MARKET","BUY","BOTH","0E-8",,"0E-8","0E-8","0E-8","26.35700000","CANCELED","electron_fLvbqcUDUxcgzZwTZo48","GTE_GTC","0E-8","0E-8","Contract Price","true","2026-01-15 02:28:38"
"1157365933","2026-01-15 02:28:25","1582905808","RIVERUSDT","MARKET","BUY","BOTH","0E-8","21.89938782","31.20000000","31.20000000","683.26090000","0E-8","FILLED","electron_8YRCNfxTD6cgWNKgxtiM","GTC","0E-8","0E-8","Contract Price","false","2026-01-15 02:28:25"
"1157365933","2026-01-15 02:28:38","1582919887","RIVERUSDT","STOP_MARKET","BUY","BOTH","0E-8",,"0E-8","0E-8","0E-8","23.99700000","CANCELED","electron_Fh6Xi7a2mQ0HknMyf1xs","GTE_GTC","0E-8","0E-8","Contract Price","true","2026-01-15 02:46:49"
"1157365933","2026-01-15 02:31:11","1583110463","RIVERUSDT","STOP_MARKET","BUY","BOTH","0E-8",,"0E-8","0E-8","0E-8","18.83200000","CANCELED","electron_QKT9mfNLn20TrqEULY9t","GTE_GTC","0E-8","0E-8","Contract Price","true","2026-01-15 02:46:49"
"1157365933","2026-01-15 02:46:49","1584247714","RIVERUSDT","STOP_MARKET","BUY","BOTH","0E-8",,"0E-8","0E-8","0E-8","12.32100000","EXPIRED","electron_yT3Wal4Syi1cOcHgAYoc","GTE_GTC","0E-8","0E-8","Contract Price","true","2026-01-15 03:41:40"
"1157365933","2026-01-15 02:46:49","1584247705","RIVERUSDT","STOP_MARKET","BUY","BOTH","0E-8",,"0E-8","0E-8","0E-8","23.99700000","EXPIRED","electron_xtNgi2hNiaVgzA4MafgR","GTE_GTC","0E-8","0E-8","Contract Price","true","2026-01-15 03:41:40"
"1157365933","2026-01-15 03:41:40","1587263032","RIVERUSDT","LIMIT","BUY","BOTH","21.11300000","21.10818269","10.40000000","10.40000000","219.52510000","0E-8","FILLED","electron_7ViWCkVoiC6yIme9mOnm","GTC","0E-8","0E-8","Contract Price","false","2026-01-15 03:41:40"
"1157365933","2026-01-15 05:13:22","189497493107","SOLUSDT","MARKET","SELL","BOTH","0E-8","144.41000000","34.58000000","34.58000000","4993.69780000","0E-8","FILLED","web_im_281bmduj65holw6epe68kjov3","GTC","0E-8","0E-8","Contract Price","false","2026-01-15 05:13:22"
"1157365933","2026-01-15 05:13:35","189497513580","SOLUSDT","STOP_MARKET","BUY","BOTH","0E-8",,"0E-8","0E-8","0E-8","146.17000000","EXPIRED","electron_OhrqPG3fX8uZDsYKIRdc","GTE_GTC","0E-8","0E-8","Contract Price","true","2026-01-15 14:37:24"
"1157365933","2026-01-15 06:56:33","189511589747","SOLUSDT","LIMIT","BUY","BOTH","143.31000000",,"25.93000000","0E-8","0E-8","0E-8","EXPIRED","electron_tXdy7uPOwibixnisyiGK","GTC","0E-8","0E-8","Contract Price","false","2026-01-15 14:37:24"
"1157365933","2026-01-15 14:37:23","189573494158","SOLUSDT","MARKET","BUY","BOTH","0E-8","144.01000000","34.58000000","34.58000000","4979.86580000","0E-8","FILLED","electron_qHewm8RYQ9Imk8985XMK","GTC","0E-8","0E-8","Contract Price","false","2026-01-15 14:37:24"
"1157365933","2026-01-16 02:25:27","13844954300","XMRUSDT","MARKET","SELL","BOTH","0E-8","691.81921551","2.16700000","2.16700000","1499.17224000","0E-8","FILLED","ios_im_5WEmxitpnGHsppq0o2j3","GTC","0E-8","0E-8","Contract Price","false","2026-01-16 02:25:27"
"1157365933","2026-01-16 02:41:55","13845270547","XMRUSDT","LIMIT","BUY","BOTH","662.09000000","662.09000000","1.62500000","1.62500000","1075.89625000","0E-8","FILLED","electron_uhKJdxhRid14ocThx9Fw","GTC","0E-8","0E-8","Contract Price","false","2026-01-16 17:27:42"
"1157365933","2026-01-16 02:42:09","13845273764","XMRUSDT","STOP_MARKET","BUY","BOTH","0E-8",,"0E-8","0E-8","0E-8","730.00000000","CANCELED","electron_sZh4pymfR2ynRWr5fumf","GTE_GTC","0E-8","0E-8","Contract Price","true","2026-01-16 09:07:33"
"1157365933","2026-01-16 09:07:33","13853853063","XMRUSDT","STOP_MARKET","BUY","BOTH","0E-8",,"0E-8","0E-8","0E-8","724.12000000","CANCELED","ios_Y57iV7qUmRLRLZiY19o7","GTE_GTC","0E-8","0E-8","Contract Price","true","2026-01-16 18:43:44"
"1157365933","2026-01-16 18:43:44","13869802124","XMRUSDT","STOP_MARKET","BUY","BOTH","0E-8",,"0E-8","0E-8","0E-8","599.56000000","EXPIRED","ios_loVQy4wYiL4gQN3MqOPB","GTE_GTC","0E-8","0E-8","Contract Price","true","2026-01-16 18:45:23"
"1157365933","2026-01-16 18:43:44","13869802149","XMRUSDT","STOP_MARKET","BUY","BOTH","0E-8",,"0E-8","0E-8","0E-8","691.81000000","EXPIRED","ios_liBO0yLVpJqC8Ygnyou5","GTE_GTC","0E-8","0E-8","Contract Price","true","2026-01-16 18:45:23"
"1157365933","2026-01-16 18:45:23","13869898271","XMRUSDT","MARKET","BUY","BOTH","0E-8","647.28988930","0.54200000","0.54200000","350.83112000","0E-8","FILLED","ios_n8AXqloqwovtTJGDA2Ax","GTC","0E-8","0E-8","Contract Price","false","2026-01-16 18:45:23"
"1157365933","2026-01-17 03:29:37","9505406139","DASHUSDT","MARKET","SELL","BOTH","0E-8","84.12887697","23.77500000","23.77500000","2000.16405000","0E-8","FILLED","ios_im_ExZbQ7l5aoyzFJ5fqAFy","GTC","0E-8","0E-8","Contract Price","false","2026-01-17 03:29:37"
"1157365933","2026-01-17 03:30:23","9505415471","DASHUSDT","STOP_MARKET","BUY","BOTH","0E-8",,"0E-8","0E-8","0E-8","87.59000000","EXPIRED","ios_YwhdJ4W6w0GxsqOlIPd3","GTE_GTC","0E-8","0E-8","Contract Price","true","2026-01-17 04:01:18"
"1157365933","2026-01-17 04:01:18","9505967289","DASHUSDT","MARKET","BUY","BOTH","0E-8","82.47000000","23.77500000","23.77500000","1960.72425000","0E-8","FILLED","ios_Om4AJsijtMv0N3OTkBOy","GTC","0E-8","0E-8","Contract Price","false","2026-01-17 04:01:18"
"1157365933","2026-01-19 00:34:19","13935676558","AXSUSDT","MARKET","SELL","BOTH","0E-8","1.81000000","331.00000000","331.00000000","599.11000000","0E-8","FILLED","web_im_brf4nb4xgwwu1wg7aytwhcv56","GTC","0E-8","0E-8","Contract Price","false","2026-01-19 00:34:19"
"1157365933","2026-01-19 00:36:46","13935806572","AXSUSDT","MARKET","BUY","BOTH","0E-8","1.90300000","331.00000000","331.00000000","629.89300000","1.90000000","FILLED","electron_ONuj1lND6wNU9ffOPQ4J","GTE_GTC","0E-8","0E-8","Contract Price","true","2026-01-19 00:56:06"
"1157365933","2026-01-19 00:58:14","8389766078538707249","ETHUSDT","MARKET","BUY","BOTH","0E-8","3209.61000000","1.43100000","1.43100000","4592.95191000","0E-8","FILLED","web_im_htp4q1sxjjt1xo9fx27a05g58","GTC","0E-8","0E-8","Contract Price","false","2026-01-19 00:58:14"
"1157365933","2026-01-19 00:58:42","8389766078539008236","ETHUSDT","STOP_MARKET","SELL","BOTH","0E-8",,"0E-8","0E-8","0E-8","3279.49000000","CANCELED","electron_Eyc2WMOGXpPW8AOUWbtR","GTE_GTC","0E-8","0E-8","Contract Price","true","2026-01-19 03:03:22"
"1157365933","2026-01-19 00:58:42","8389766078539008295","ETHUSDT","STOP_MARKET","SELL","BOTH","0E-8",,"0E-8","0E-8","0E-8","3171.66000000","CANCELED","electron_zY6h25eZfbRCh7UJ25sG","GTE_GTC","0E-8","0E-8","Contract Price","true","2026-01-19 13:47:36"
"1157365933","2026-01-19 03:03:22","8389766078611627871","ETHUSDT","STOP_MARKET","SELL","BOTH","0E-8",,"0E-8","0E-8","0E-8","3244.55000000","CANCELED","ios_bDIYpNCY2BPyc697NpzZ","GTE_GTC","0E-8","0E-8","Contract Price","true","2026-01-19 11:24:25"
"1157365933","2026-01-19 11:24:25","8389766078826440940","ETHUSDT","STOP_MARKET","SELL","BOTH","0E-8",,"0E-8","0E-8","0E-8","3271.64000000","EXPIRED","electron_AxcHKiHsqNPv26KTK8sP","GTE_GTC","0E-8","0E-8","Contract Price","true","2026-01-19 14:07:24"
"1157365933","2026-01-19 13:39:04","2898403445","BERAUSDT","MARKET","BUY","BOTH","0E-8","0.87987008","1476.10000000","1476.10000000","1298.77623000","0E-8","FILLED","web_im_m2w6knjcekgtwu3sf9jwz007u","GTC","0E-8","0E-8","Contract Price","false","2026-01-19 13:39:04"
"1157365933","2026-01-19 13:39:41","2898407988","BERAUSDT","STOP_MARKET","SELL","BOTH","0E-8",,"0E-8","0E-8","0E-8","0.84800000","CANCELED","electron_55DiDTtO26ClG5b4DLsN","GTE_GTC","0E-8","0E-8","Contract Price","true","2026-01-19 13:47:46"
"1157365933","2026-01-19 13:39:41","2898407987","BERAUSDT","MARKET","SELL","BOTH","0E-8","0.93283213","1476.10000000","1476.10000000","1376.95350000","0.93300000","FILLED","electron_L4scOVivp0btW40dFKmH","GTE_GTC","0E-8","0E-8","Contract Price","true","2026-01-19 14:10:49"
"1157365933","2026-01-19 13:47:36","8389766078893296070","ETHUSDT","MARKET","SELL","BOTH","0E-8","3209.21547170","1.43100000","1.43100000","4592.38734000","3209.61000000","FILLED","electron_rOV84LDcFDIXPdcEYJPc","GTE_GTC","0E-8","0E-8","Contract Price","true","2026-01-19 14:07:24"
"1157365933","2026-01-19 13:47:46","2898576897","BERAUSDT","STOP_MARKET","SELL","BOTH","0E-8",,"0E-8","0E-8","0E-8","0.87980000","EXPIRED","electron_x9vQLjv9DrM4q12MxKqb","GTE_GTC","0E-8","0E-8","Contract Price","true","2026-01-19 14:10:49"
"1157365933","2026-01-19 15:20:22","8389766078942761396","ETHUSDT","MARKET","BUY","BOTH","0E-8","3216.34000000","0.40400000","0.40400000","1299.40136000","0E-8","FILLED","ios_im_LsH3Tm0aat1EFCpmjIQg","GTC","0E-8","0E-8","Contract Price","false","2026-01-19 15:20:22"
"1157365933","2026-01-19 15:21:47","8389766078943757578","ETHUSDT","STOP_MARKET","SELL","BOTH","0E-8",,"0.40400000","0E-8","0E-8","3252.68000000","EXPIRED","ios_wd3mf8Z1X0hA1N62M3ZQ","GTE_GTC","0E-8","0E-8","markPrice","true","2026-01-19 22:13:10"
"1157365933","2026-01-19 15:21:47","8389766078943757611","ETHUSDT","STOP_MARKET","SELL","BOTH","0E-8",,"0.40400000","0E-8","0E-8","3200.29000000","EXPIRED","ios_l9XyOtYh91CADyxD9i4q","GTE_GTC","0E-8","0E-8","markPrice","true","2026-01-19 22:13:10"
"1157365933","2026-01-19 15:22:24","2901090815","BERAUSDT","MARKET","BUY","BOTH","0E-8","0.90862042","2198.90000000","2198.90000000","1997.96544000","0E-8","FILLED","web_im_3n4hadxdeavwg8qwlag6oufpi","GTC","0E-8","0E-8","Contract Price","false","2026-01-19 15:22:24"
"1157365933","2026-01-19 15:22:43","8389766078944323858","ETHUSDT","MARKET","BUY","BOTH","0E-8","3214.39000000","0.62100000","0.62100000","1996.13619000","0E-8","FILLED","web_im_e739zclrkt0v67ps6z6uk206m","GTC","0E-8","0E-8","Contract Price","false","2026-01-19 15:22:43"
"1157365933","2026-01-19 15:23:46","8389766078944856242","ETHUSDT","STOP_MARKET","SELL","BOTH","0E-8",,"0E-8","0E-8","0E-8","3252.68000000","CANCELED","electron_NFS9XuJ5l1zrvvgGJZTx","GTE_GTC","0E-8","0E-8","Contract Price","true","2026-01-19 16:56:29"
"1157365933","2026-01-19 15:23:47","8389766078944856290","ETHUSDT","MARKET","SELL","BOTH","0E-8","3198.84000000","1.02500000","1.02500000","3278.81100000","3200.29000000","FILLED","electron_hYo7fd8E5sIswtGxzyYh","GTE_GTC","0E-8","0E-8","Contract Price","true","2026-01-19 22:13:10"
"1157365933","2026-01-19 15:24:41","2901127377","BERAUSDT","STOP_MARKET","SELL","BOTH","0E-8",,"0E-8","0E-8","0E-8","0.95000000","CANCELED","electron_3xjmzLa0FPOmZo4xDfm8","GTE_GTC","0E-8","0E-8","Contract Price","true","2026-01-19 15:33:42"
"1157365933","2026-01-19 15:24:41","2901127378","BERAUSDT","STOP_MARKET","SELL","BOTH","0E-8",,"0E-8","0E-8","0E-8","0.89950000","CANCELED","electron_loy5OvnG75PsWYdepUrH","GTE_GTC","0E-8","0E-8","Contract Price","true","2026-01-19 15:25:06"
"1157365933","2026-01-19 15:25:06","2901135283","BERAUSDT","MARKET","SELL","BOTH","0E-8","0.88921387","2198.90000000","2198.90000000","1955.29238000","0.88930000","FILLED","electron_BVEaKIzc84mik5kKcNV4","GTE_GTC","0E-8","0E-8","Contract Price","true","2026-01-19 16:00:13"
"1157365933","2026-01-19 15:33:42","2901252567","BERAUSDT","STOP_MARKET","SELL","BOTH","0E-8",,"0E-8","0E-8","0E-8","0.97680000","EXPIRED","electron_TheY1XUQNJ4deL5utRiN","GTE_GTC","0E-8","0E-8","Contract Price","true","2026-01-19 16:00:13"
"1157365933","2026-01-19 16:12:58","886648659033","BTCUSDT","MARKET","BUY","BOTH","0E-8","93022.60000000","0.10500000","0.10500000","9767.37300000","0E-8","FILLED","web_im_cvfbii40pnyxfcc0uxktwx49b","GTC","0E-8","0E-8","Contract Price","false","2026-01-19 16:12:58"
"1157365933","2026-01-19 16:13:20","886648954216","BTCUSDT","STOP_MARKET","SELL","BOTH","0E-8",,"0E-8","0E-8","0E-8","93730.40000000","CANCELED","electron_dBBnGHYvJzICu28GkCkr","GTE_GTC","0E-8","0E-8","Contract Price","true","2026-01-19 16:55:46"
"1157365933","2026-01-19 16:13:20","886648954229","BTCUSDT","STOP_MARKET","SELL","BOTH","0E-8",,"0E-8","0E-8","0E-8","92635.70000000","CANCELED","electron_OjAaUTEst6INFn9HjnP6","GTE_GTC","0E-8","0E-8","Contract Price","true","2026-01-19 16:56:06"
"1157365933","2026-01-19 16:36:21","6459832108","ICPUSDT","MARKET","SELL","BOTH","0E-8","3.92924635","1234.00000000","1234.00000000","4848.69000000","0E-8","FILLED","x-cvBPrNm9fea51fc4a4e6b9e25998a7","GTC","0E-8","0E-8","Contract Price","false","2026-01-19 16:36:21"
"1157365933","2026-01-19 16:39:23","6459842060","ICPUSDT","STOP_MARKET","BUY","BOTH","0E-8",,"0E-8","0E-8","0E-8","3.97700000","CANCELED","electron_z0XyK6n0E4tfMDMHtO29","GTE_GTC","0E-8","0E-8","Contract Price","true","2026-01-19 16:51:10"
"1157365933","2026-01-19 16:39:23","6459842059","ICPUSDT","STOP_MARKET","BUY","BOTH","0E-8",,"0E-8","0E-8","0E-8","3.83200000","EXPIRED","electron_wq0zxwGRLIOhehm7T4Mx","GTE_GTC","0E-8","0E-8","Contract Price","true","2026-01-19 16:54:57"
"1157365933","2026-01-19 16:51:10","6459896567","ICPUSDT","STOP_MARKET","BUY","BOTH","0E-8",,"0E-8","0E-8","0E-8","4.04200000","EXPIRED","electron_UDwWRxZBDdZ1kYspbbjE","GTE_GTC","0E-8","0E-8","Contract Price","true","2026-01-19 16:54:57"
"1157365933","2026-01-19 16:54:57","6459921749","ICPUSDT","MARKET","BUY","BOTH","0E-8","3.99599352","1234.00000000","1234.00000000","4931.05600000","0E-8","FILLED","x-cvBPrNm92732f506afc97f1bea4c0e","GTC","0E-8","0E-8","Contract Price","false","2026-01-19 16:54:57"
"1157365933","2026-01-19 16:55:47","886671048428","BTCUSDT","STOP_MARKET","SELL","BOTH","0E-8",,"0E-8","0E-8","0E-8","95403.50000000","CANCELED","electron_GEvlVeB3bEV6V2Xbqp6C","GTE_GTC","0E-8","0E-8","Contract Price","true","2026-01-19 16:56:57"
"1157365933","2026-01-19 16:56:06","886671230430","BTCUSDT","MARKET","SELL","BOTH","0E-8","93022.60000000","0.10500000","0.10500000","9767.37300000","93022.60000000","FILLED","electron_rDT49n1pf2GDlTLj9IAz","GTE_GTC","0E-8","0E-8","Contract Price","true","2026-01-19 18:16:34"
"1157365933","2026-01-19 16:56:29","8389766078987461371","ETHUSDT","STOP_MARKET","SELL","BOTH","0E-8",,"0E-8","0E-8","0E-8","3361.50000000","CANCELED","electron_RjL61yFR3eeXr6Pax0EL","GTE_GTC","0E-8","0E-8","Contract Price","true","2026-01-19 16:56:43"
"1157365933","2026-01-19 16:56:43","8389766078987533517","ETHUSDT","STOP_MARKET","SELL","BOTH","0E-8",,"0E-8","0E-8","0E-8","3293.91000000","EXPIRED","electron_af8VxCMzuoqqLmv35V9P","GTE_GTC","0E-8","0E-8","Contract Price","true","2026-01-19 22:13:10"
"1157365933","2026-01-19 16:56:57","886671856033","BTCUSDT","STOP_MARKET","SELL","BOTH","0E-8",,"0E-8","0E-8","0E-8","94573.10000000","EXPIRED","electron_Z3lh19xJ0inIq7Tq1Cua","GTE_GTC","0E-8","0E-8","Contract Price","true","2026-01-19 18:16:34"
"1157365933","2026-01-19 17:10:10","6460034746","ICPUSDT","MARKET","BUY","BOTH","0E-8","4.00654416","634.00000000","634.00000000","2540.14900000","0E-8","FILLED","x-cvBPrNm9805c244c738412d792d74e","GTC","0E-8","0E-8","Contract Price","false","2026-01-19 17:10:10"
"1157365933","2026-01-19 17:10:33","6460036459","ICPUSDT","MARKET","SELL","BOTH","0E-8","3.99941956","634.00000000","634.00000000","2535.63200000","0E-8","FILLED","x-cvBPrNm9a008b14b1de27ce7d315a3","GTC","0E-8","0E-8","Contract Price","false","2026-01-19 17:10:33"
"1157365933","2026-01-19 17:12:01","1572554337","MEUSDT","MARKET","SELL","BOTH","0E-8","0.25360000","10851.00000000","10851.00000000","2751.81360000","0E-8","FILLED","x-cvBPrNm9a64dcb9e4b8fb5be8d297d","GTC","0E-8","0E-8","Contract Price","false","2026-01-19 17:12:01"
"1157365933","2026-01-19 17:13:22","1572558270","MEUSDT","STOP_MARKET","BUY","BOTH","0E-8",,"0E-8","0E-8","0E-8","0.23880000","CANCELED","electron_HPzE5PghLf5mOhAiV9b6","GTE_GTC","0E-8","0E-8","Contract Price","true","2026-01-19 23:18:02"
"1157365933","2026-01-19 17:13:22","1572558271","MEUSDT","STOP_MARKET","BUY","BOTH","0E-8",,"0E-8","0E-8","0E-8","0.25750000","CANCELED","electron_G6AfidTHGIb7JWTIbf19","GTE_GTC","0E-8","0E-8","Contract Price","true","2026-01-19 22:54:16"
"1157365933","2026-01-19 22:54:17","1573171745","MEUSDT","MARKET","BUY","BOTH","0E-8","0.25360000","10851.00000000","10851.00000000","2751.81360000","0.25360000","FILLED","ios_oYO2Rc7fkpAHSAKRNsUx","GTE_GTC","0E-8","0E-8","Contract Price","true","2026-01-20 00:05:05"
"1157365933","2026-01-19 23:18:02","1573212291","MEUSDT","STOP_MARKET","BUY","BOTH","0E-8",,"0E-8","0E-8","0E-8","0.23650000","EXPIRED","ios_ODtSIlInaORpgI4kQNvR","GTE_GTC","0E-8","0E-8","Contract Price","true","2026-01-20 00:05:05"
"1157365933","2026-01-20 12:59:45","8389766079530596657","ETHUSDT","MARKET","BUY","BOTH","0E-8","3109.56000000","9.63800000","9.63800000","29969.93928000","0E-8","FILLED","web_im_5hp2kpwluzbx4842ags9tfjov","GTC","0E-8","0E-8","Contract Price","false","2026-01-20 12:59:45"
"1157365933","2026-01-20 13:12:36","8389766079536528992","ETHUSDT","MARKET","SELL","BOTH","0E-8","3081.60000000","9.63800000","9.63800000","29700.46080000","3081.69000000","FILLED","electron_ZGgwDikKUwcWueMGfwMY","GTE_GTC","0E-8","0E-8","Contract Price","true","2026-01-20 13:33:56"
"1157365933","2026-01-20 13:44:36","4901777346","DUSKUSDT","MARKET","SELL","BOTH","0E-8","0.21529095","5568.00000000","5568.00000000","1198.74002000","0E-8","FILLED","web_im_gmtjpua5h0jpm3h38epve965q","GTC","0E-8","0E-8","Contract Price","false","2026-01-20 13:44:36"
"1157365933","2026-01-20 13:44:59","4901785167","DUSKUSDT","MARKET","BUY","BOTH","0E-8","0.23238067","5568.00000000","5568.00000000","1293.89557000","0.23209000","FILLED","electron_ZZF6wreDgGkcz5EZe0OA","GTE_GTC","0E-8","0E-8","Contract Price","true","2026-01-20 14:10:45"
"1157365933","2026-01-20 14:10:15","8389766079565588341","ETHUSDT","MARKET","SELL","BOTH","0E-8","3084.70000000","2.00000000","2.00000000","6169.40000000","0E-8","FILLED","x-cvBPrNm9569899c1a2ca16c9a782b8","GTC","0E-8","0E-8","Contract Price","false","2026-01-20 14:10:15"
"1157365933","2026-01-20 14:13:46","8389766079567026835","ETHUSDT","STOP_MARKET","BUY","BOTH","0E-8",,"2.00000000","0E-8","0E-8","3112.57000000","CANCELED","web_usdt_y0iey9e967ea50w363etoje","GTC","3058.15000000","100.00000000","Contract Price","true","2026-01-20 14:18:23"
"1157365933","2026-01-20 14:18:22","8389766079570026434","ETHUSDT","STOP_MARKET","BUY","BOTH","0E-8",,"2.01600000","0E-8","0E-8","3095.65000000","CANCELED","electron_tKWxKsVHA2NeQSXv4TOl","GTC","3033.15000000","100.00000000","Contract Price","true","2026-01-20 14:36:44"
"1157365933","2026-01-20 14:36:44","8389766079582477681","ETHUSDT","STOP_MARKET","BUY","BOTH","0E-8",,"2.02700000","0E-8","0E-8","3089.95000000","CANCELED","electron_zBA8KR0LBDvHoky57703","GTC","3016.17000000","100.00000000","Contract Price","true","2026-01-20 14:41:22"
"1157365933","2026-01-20 14:39:43","8389766079585147027","ETHUSDT","MARKET","BUY","BOTH","0E-8","3080.96000000","2.00000000","2.00000000","6161.92000000","0E-8","FILLED","Ua3x1C6ef4Uph0xADfCIVz","GTC","0E-8","0E-8","Contract Price","false","2026-01-20 14:39:43"
